"CONVERSATION ID","CONVERSATION TITLE","FROM","SENDER PROFILE URL","TO","RECIPIENT PROFILE URLS","DATE","SUBJECT","CONTENT","FOLDER","ATTACHMENTS"
"2-ZjU1OTUxYTUtZmVkZi00MzVjLWE1ZmMtMzk2ZDhlN2ZhMWUyXzEwMA==","","Jaclyn Leaver","https://www.linkedin.com/in/jaclynleaver","Miso Kim Ramos","https://www.linkedin.com/in/misokimramos","2026-04-06 16:35:35 UTC","Sr. Content Strategy Director role at GoodRx – Jaclyn Leaver","Hi Miso, 

I recently applied for the Sr. Content Strategy Director role at GoodRx and wanted to reach out directly. I've spent 10+ years building content systems and executive communications programs from scratch, including work in healthcare-adjacent environments, and GoodRx's mission is a genuine fit for the kind of work I want to do next. Happy to share more if it would be useful.

Cheers,
Jaclyn Leaver","INBOX",""
"2-ZjA3Y2VlYjctOTM3NS00NTcwLWIxMzctYmYwMDkwZWVlMDQzXzEwMA==","","Doris Ramseur Davis","https://www.linkedin.com/in/doris-ramseur-davis","Jaclyn Leaver","https://www.linkedin.com/in/jaclynleaver","2026-04-06 16:08:30 UTC","","Yes, there's Loretta Hublot (sp?) who first told me about NSA, then there's my Duke/Fuqua classmate Jennifer Hills who is more in the investor relations search at SVP;/VP level. what is it you're looking for?  BRAND: Retail and brand champion 
ULTIMATE GOAL: work as a marketing/merchandising leader driving long-term customer value and strategic growth
TARGET COMPANIES: PepsiCo, Keurig Dr. Pepper, 7-Eleven
INDUSTRY/LOCATION: CPG, Retail, Food, hybrid ok
 CONTACT: Doris Ramseur Davis | LinkedIn
dorismariedavis@gmail.com
3 TIPS: HOPE (Help one person every day), ""Everything counts because everything communicates"", don't yuck my yum","INBOX",""
"2-ZjA3Y2VlYjctOTM3NS00NTcwLWIxMzctYmYwMDkwZWVlMDQzXzEwMA==","","Jaclyn Leaver","https://www.linkedin.com/in/jaclynleaver","Doris Ramseur Davis","https://www.linkedin.com/in/doris-ramseur-davis","2026-04-06 15:53:07 UTC","","Hi Doris! Great to connect. It's going alright, albeit a slow process. How's it going for you? I'd love to organize a local meet-up. I'm also new to the area and in Dallas (Park Cities), so not too sure outside of there but let's figure it out. Do you know others who are in the NSA in the DFW area? Should we start a group chat?","INBOX",""
"2-ZjA3Y2VlYjctOTM3NS00NTcwLWIxMzctYmYwMDkwZWVlMDQzXzEwMA==","","Doris Ramseur Davis","https://www.linkedin.com/in/doris-ramseur-davis","Jaclyn Leaver","https://www.linkedin.com/in/jaclynleaver","2026-04-06 15:51:03 UTC","","Hey Jaclyn, I see that we are both in DFW NSA crew. How's the job-seeking going? perhaps we can schedule a local meet up, in-between Dallas & Ft. Worth. I'm new to DFW area so not too knowledgeable about locations outside of Dallas (Preston Hollow) or Farmers Branch Areas. Let's support job search.","INBOX",""
"2-ZWM2NjhkYzctZGNlYi00OThiLThmNWUtODIyYjU1YmY0ODM0XzEwMA==","Sponsored Conversation","LinkedIn Member","","Jaclyn Leaver","https://www.linkedin.com/in/jaclynleaver","2026-04-03 06:03:41 UTC","","<p class=""spinmail-quill-editor__spin-break"">Hi %FIRSTNAME%,</p><p class=""spinmail-quill-editor__spin-break""><br></p><p class=""spinmail-quill-editor__spin-break"">We are looking for professionals to help us work with AI chatbots to ensure their replies are accurate.</p><p class=""spinmail-quill-editor__spin-break""><br></p><p class=""spinmail-quill-editor__spin-break"">If you have been seeking a side gig, this opportunity is the perfect way to supplement your income. You will have conversations with chatbots, answer their prompts, and fact-check their replies.</p><p class=""spinmail-quill-editor__spin-break""><br></p><p class=""spinmail-quill-editor__spin-break"">The work is super straight-forward, can be done on your couch or anywhere you choose and you can earn up to $1,000 USD per week. You pick your own hours, too.</p><p class=""spinmail-quill-editor__spin-break""><br></p><p class=""spinmail-quill-editor__spin-break"">If this is interesting to you, we look forward to reviewing your application at the link below! 👇</p>","INBOX",""
"2-ZDZkZjYwY2EtMzAzYy00MGIwLTk1NDEtNjdkNDM1MTQxM2QyXzEwMA==","","Jaclyn Leaver","https://www.linkedin.com/in/jaclynleaver","Rob Davidson","https://www.linkedin.com/in/robdavidson","2026-04-02 17:15:30 UTC","","😂🔥","INBOX",""
"2-ZDZkZjYwY2EtMzAzYy00MGIwLTk1NDEtNjdkNDM1MTQxM2QyXzEwMA==","","Rob Davidson","https://www.linkedin.com/in/robdavidson","Jaclyn Leaver","https://www.linkedin.com/in/jaclynleaver","2026-04-02 16:22:53 UTC","","","INBOX",""
"2-ZDZkZjYwY2EtMzAzYy00MGIwLTk1NDEtNjdkNDM1MTQxM2QyXzEwMA==","","Rob Davidson","https://www.linkedin.com/in/robdavidson","Jaclyn Leaver","https://www.linkedin.com/in/jaclynleaver","2026-03-29 14:39:24 UTC","","Maybe! ","INBOX",""
"2-ZDZkZjYwY2EtMzAzYy00MGIwLTk1NDEtNjdkNDM1MTQxM2QyXzEwMA==","","Jaclyn Leaver","https://www.linkedin.com/in/jaclynleaver","Rob Davidson","https://www.linkedin.com/in/robdavidson","2026-03-29 14:18:41 UTC","","Are you going to join? This looks good. ","INBOX",""
"2-ZDZkZjYwY2EtMzAzYy00MGIwLTk1NDEtNjdkNDM1MTQxM2QyXzEwMA==","","Rob Davidson","https://www.linkedin.com/in/robdavidson","Jaclyn Leaver","https://www.linkedin.com/in/jaclynleaver","2026-03-29 11:11:49 UTC","","","INBOX",""
"2-YzgyNDNhNjgtNGE5My00ZTNjLTllYTYtNDI3ZTE1M2E5MDU3XzEwMA==","","Jaclyn Leaver","https://www.linkedin.com/in/jaclynleaver","Austin Callaway","https://www.linkedin.com/in/austincallaway","2026-04-01 21:43:14 UTC","Copywriter/Editor role, AC22-1982163","Hi Austin, 

I just submitted my resume for the Copywriter/Editor role (AC22-1982163) and wanted to reach out directly. Pitch deck and presentation copy is work I do regularly at my consultancy, including decks across tech, hospitality, and sustainability. Happy to connect if you have any questions about my background.

Cheers,
Jaclyn Leaver

ruhaleaver@gmail.com
405-834-7488","INBOX",""
"2-NmVmZWJhMjItMDBlNS00YmE1LTg5MmYtMzU0ODk5ZjQzZjZjXzEwMA==","","Jaclyn Leaver","https://www.linkedin.com/in/jaclynleaver","Akansha Pandey","https://www.linkedin.com/in/akansha-pandey-b91361191","2026-04-01 21:18:04 UTC","Content Designer role, applied and wanted to reach out directly","Hi Akansha, 

I just applied for the Content Designer role at your financial services client and wanted to reach out directly. The work really stood out to me. Simplifying complex products for millions of users is exactly the kind of content design challenge I gravitate toward. I have 10+ years of UX writing and content strategy experience, most recently as Head of Content at a tech platform where I led content design across the full product. Hope my application lands well!

Cheers,
Jaclyn","INBOX",""
"2-MTI1ODFlODQtNzdjMS00YWNhLTk3MzItNjAwOWI0NmY3MzEyXzEwMA==","","Jaclyn Leaver","https://www.linkedin.com/in/jaclynleaver","Emma DiBella","https://www.linkedin.com/in/emmadibella","2026-04-01 20:12:14 UTC","Content Strategist - Higher Education role: Applying with a higher ed + AI background","Hi Emma, 

I just applied for the Content Strategist role at your higher education client and wanted to reach out directly. This one really stood out to me. It sits at the intersection of higher education communications, AI-powered personalized content, and senior content strategy, which is exactly where my background lives. I spent eight years directing research communications at UC Berkeley and most recently led content strategy and AI content systems at a tech startup. Hope my application lands well!

Thanks,
Jaclyn","INBOX",""
"2-Y2NjYTA3MWItZTRlMy00Y2UxLWIwNzUtYWEwMDAxMzA2ZGQyXzEwMA==","","Jaclyn Leaver","https://www.linkedin.com/in/jaclynleaver","Emily Lazo","https://www.linkedin.com/in/emilylazo","2026-04-01 14:27:37 UTC","","This is so cute! I will keep it in mind!!","INBOX",""
"2-Y2NjYTA3MWItZTRlMy00Y2UxLWIwNzUtYWEwMDAxMzA2ZGQyXzEwMA==","","Emily Lazo","https://www.linkedin.com/in/emilylazo","Jaclyn Leaver","https://www.linkedin.com/in/jaclynleaver","2026-04-01 14:26:01 UTC","","Wow, that sounds like an absolute whirlwind. I’m so glad you’ve landed in a spot that feels good. I would probably do the same if something massive changed in my life like that - most of my family is still in Dallas. 

Not sure how you feel about Fort Worth, but I’m renting my little house there and current tenant is probably leaving later this year: https://www.zillow.com/homedetails/4020-Eldridge-St-Fort-Worth-TX-76107/29122568_zpid/?utm_source=nativeshare_activation_v1. Or if you know anyone else looking for a rental in the fall/winter!","INBOX",""
"2-Y2NjYTA3MWItZTRlMy00Y2UxLWIwNzUtYWEwMDAxMzA2ZGQyXzEwMA==","","Jaclyn Leaver","https://www.linkedin.com/in/jaclynleaver","Emily Lazo","https://www.linkedin.com/in/emilylazo","2026-04-01 13:41:10 UTC","","Please do! I'd love to see you. 

Well, I got a divorce and needed to move out of California quickly and wanted to be near family. So, I moved in with my brother in September and got an apartment in October. It's been a wild ride and the best decision ever, but now I am unemployed. Ha! I don't know if I will stay here long-term but I needed a soft landing and Dallas has been so welcoming!","INBOX",""
"2-Y2NjYTA3MWItZTRlMy00Y2UxLWIwNzUtYWEwMDAxMzA2ZGQyXzEwMA==","","Emily Lazo","https://www.linkedin.com/in/emilylazo","Jaclyn Leaver","https://www.linkedin.com/in/jaclynleaver","2026-04-01 13:27:58 UTC","","I'm helping my friend Kevin move from Virginia back to Austin in August (🥵) and plan to get up to DFW sometime around then. I'll let you know! I'm super curious how you ended up back in TX!","INBOX",""
"2-Y2NjYTA3MWItZTRlMy00Y2UxLWIwNzUtYWEwMDAxMzA2ZGQyXzEwMA==","","Jaclyn Leaver","https://www.linkedin.com/in/jaclynleaver","Emily Lazo","https://www.linkedin.com/in/emilylazo","2026-03-28 15:07:37 UTC","","Hi! Hahaha, yes! We both have gay brothers in Dallas!! Good memory. 

Amazing that you own a family home in Fort Worth! Let me know next time you’re in town. I’d love to catch up. 

Fastly sounds like a great place to work! I’ll take a look at their career page and appreciate you keeping an eye out for me. Hope you are still enjoying the Hudson Valley. It is gorgeous up there! ","INBOX",""
"2-Y2NjYTA3MWItZTRlMy00Y2UxLWIwNzUtYWEwMDAxMzA2ZGQyXzEwMA==","","Emily Lazo","https://www.linkedin.com/in/emilylazo","Jaclyn Leaver","https://www.linkedin.com/in/jaclynleaver","2026-03-27 12:29:30 UTC","","Hey Jaclyn nice to hear from you! Wow, Dallas - do I recall your brother lives there? We both have gay Dallas brothers right? Haha! Yes still in the Hudson Valley, but I own a family home in Fort Worth now so I’ve been down there quite a bit in the last couple years. 

Work wise I’ve been at Fastly a while now. We’re definitely hiring, and I think we’re actually about to post a tech writer role - but it’s IC. We have a new CPO who’s much more design/UX minded so I’ll let you know if anything else comes up. ","INBOX",""
"2-Y2NjYTA3MWItZTRlMy00Y2UxLWIwNzUtYWEwMDAxMzA2ZGQyXzEwMA==","","Jaclyn Leaver","https://www.linkedin.com/in/jaclynleaver","Emily Lazo","https://www.linkedin.com/in/emilylazo","2026-03-16 22:46:28 UTC","","Hi Emily, hope you're doing well! 

It's been a while and I've been meaning to reconnect. In a weird twist of fate, I moved to Dallas. Can't believe I'm back in Texas. Are you still in upstate New York?!

So, I'm exploring what's next after wrapping up my role as Head of Content at a career tech startup, and wanted to reach out. I have about ten years of experience in content strategy, UX writing, and content leadership across tech, healthcare, and higher education.

I'm looking in two directions right now. On the job search side, I'm focused on head of content, content strategy leadership, or content design and UX writing roles, primarily in tech but open to the right opportunity anywhere. On the consulting side, I run Spellwell Creative, my content strategy consultancy, and am actively growing my client roster. I'd love an introduction to anyone navigating how to communicate what they do, whether that's a founder, a marketing lead, or a team ready to level up their content.

If anything comes to mind on either front, or if you'd be open to a quick catch-up, I'd really appreciate it.

Hope to chat soon!

Jaclyn","INBOX",""
"2-MGU4YTExODEtMzk2OC00MDNmLWJjOWQtMTcwY2YyNDJkMWYwXzEwMA==","","Dan Richard Rubio","https://www.linkedin.com/in/dan-richard-rubio-a2358437a","Jaclyn Leaver","https://www.linkedin.com/in/jaclynleaver","2026-04-01 12:37:51 UTC","","Hey Jaclyn,

Our investors are specifically interested in your  content strategy and UX writing approach and wanted to connect before finalizing this quarter’s allocations.
Interested in a brief conversation?","INBOX",""
"2-MGU4YTExODEtMzk2OC00MDNmLWJjOWQtMTcwY2YyNDJkMWYwXzEwMA==","","Dan Richard Rubio","https://www.linkedin.com/in/dan-richard-rubio-a2358437a","Jaclyn Leaver","https://www.linkedin.com/in/jaclynleaver","2026-03-30 16:31:30 UTC","","Hey Jaclyn,

Just circling back on the content strategy and UX writing - it’s of interest to our family office partners who want to deploy capital this quarter. Would a 15-minute call make sense to explore if there's a fit?","INBOX",""
"2-MGU4YTExODEtMzk2OC00MDNmLWJjOWQtMTcwY2YyNDJkMWYwXzEwMA==","","Dan Richard Rubio","https://www.linkedin.com/in/dan-richard-rubio-a2358437a","Jaclyn Leaver","https://www.linkedin.com/in/jaclynleaver","2026-03-27 17:05:19 UTC","","Hi Jaclyn,

We have the capability to secure 2-35M for Spellwell Creative.

Our network of high-net-worth individuals and family offices are looking for investment opportunities such as Spellwell Creative and others in the same vertical. 

Nassau Street Partners is a boutique investment banking firm introducing companies like Spellwell Creative to our global network of multi-family offices and high-net-worth investors. Our team has 75+ years of capital markets experience and over $1Bn raised.

Would you be open to a brief call this week to explore fit?
https://calendly.com/d/ct9f-w8b-g45/nassau-street-partners-capital-advisory-call","INBOX",""
"2-ZTNiNWVmMTctYjdkNS00ZjYwLWE0ZjYtNTA0MTViYzU1N2NiXzEwMA==","Remote Sr. Content Designer (SEO + UX) – State Farm","Jaclyn Leaver","https://www.linkedin.com/in/jaclynleaver","Madison Persons","https://www.linkedin.com/in/madison-jinks-persons","2026-04-01 00:56:38 UTC","Remote Sr. Content Designer (SEO + UX) – State Farm","Hi Madison, just following up here! I have availability over the next few days and would love to set up some time to chat about this role. Please let me know what days and times work for you. Thanks!","INBOX",""
"2-ZTNiNWVmMTctYjdkNS00ZjYwLWE0ZjYtNTA0MTViYzU1N2NiXzEwMA==","Remote Sr. Content Designer (SEO + UX) – State Farm","Jaclyn Leaver","https://www.linkedin.com/in/jaclynleaver","Madison Persons","https://www.linkedin.com/in/madison-jinks-persons","2026-03-28 15:01:42 UTC","Remote Sr. Content Designer (SEO + UX) – State Farm","Hi Madison, 

Thanks for reaching out. I am very interested in this opportunity and would love to find time to chat to learn more. 

Cheers,
Jaclyn","INBOX",""
"2-ZTNiNWVmMTctYjdkNS00ZjYwLWE0ZjYtNTA0MTViYzU1N2NiXzEwMA==","Remote Sr. Content Designer (SEO + UX) – State Farm","Madison Persons","https://www.linkedin.com/in/madison-jinks-persons","Jaclyn Leaver","https://www.linkedin.com/in/jaclynleaver","2026-03-27 19:33:55 UTC","Remote Sr. Content Designer (SEO + UX) – State Farm","Hey Jaclyn — saw you’re open to new opportunities and wanted to reach out.
I’m working on a Senior Content Designer role with State Farm focused on SEO-driven homepage + landing page experiences. It’s a nice hybrid of content strategy + UX, with a strong emphasis on long-form content and structuring complex info into clear, user-friendly experiences.
Quick highlights:
* 100% remote 
* Contract through at least end of year (strong chance to extend or convert)
* $50–70/hr W2
* High visibility work across core digital experiences
Looking for someone who’s strong in content design + SEO + UX collaboration (not just pure marketing copy).
Would love to share more if this aligns — open to a quick intro?

Madison (Jinks) Persons | https://www.synergishr.com/job-board/
Principal Creative Recruiter at Synergis","INBOX",""
"2-ZDY1OThjMmUtZjNhMS00NjY0LWI1NzktMDg3ZmFmZDlhZjg4XzEwMA==","","Ashpreet Singh","https://www.linkedin.com/in/helloashpreet","Jaclyn Leaver","https://www.linkedin.com/in/jaclynleaver","2026-03-30 12:44:52 UTC","","Hey Jaclyn, I'm working with Psyke, where we help agencies offer AI search visibility at scale as a service.

We make it easy to create the 100s of on-brand pages businesses need to get leads from LLMs.

The reason I'm reaching out is that most agencies aren't offering this yet, but clients are starting to ask. Our first few partners are already layering this on top of their existing services and adding $1K-2k of retainer per client.

We're putting together a founding partner group. For the first cohort, we're opening up 20 free spots for handpicked partners with whom we can build long-term. Given your experience and the services you're offering at Spellwell, I thought you'd want to check it out.

Here's more about it: https://psyke.co/psyke-partner-program
Let me know if you have any questions. Thanks!","INBOX",""
"2-NjA1Y2MxM2EtMjRmNS00MzMzLWE0YTgtNGY0ODk0ZWZiYWYxXzEwMA==","","Unza Saffi","https://www.linkedin.com/in/unza-saffi-aa52b2308","Jaclyn Leaver","https://www.linkedin.com/in/jaclynleaver","2026-03-26 22:12:44 UTC","i have a project for a single web page. can you deliver by tomorrow?","discussion abt a project","INBOX",""
"2-YTVkYWMwZjctMzgxMS00OWMzLWJjMzMtYTEwOWRiY2Q1N2RjXzEwMA==","","Jaclyn Leaver","https://www.linkedin.com/in/jaclynleaver","Jane G. Clark, MPA, CPS","https://www.linkedin.com/in/janeclark719","2026-03-26 14:52:41 UTC","","Thank you so much! I will keep an eye out for you as well. ","INBOX",""
"2-YTVkYWMwZjctMzgxMS00OWMzLWJjMzMtYTEwOWRiY2Q1N2RjXzEwMA==","","Jane G. Clark, MPA, CPS","https://www.linkedin.com/in/janeclark719","Jaclyn Leaver","https://www.linkedin.com/in/jaclynleaver","2026-03-25 16:33:19 UTC","","Hi Jaclyn!
So nice to hear from you! I am happy to help in any way. Keep an eye on my company’s  job posts. We’re growing consistently. 
I’m looking for a new role - corporate is not for me - so will  link you to anything that may be a fit for you. Some good resources I use are Peak Job Board and Idealist.org. If needed, here is my direct contact info -
janeclark719@gmail.com
(704) 221-8844
","INBOX",""
"2-YTVkYWMwZjctMzgxMS00OWMzLWJjMzMtYTEwOWRiY2Q1N2RjXzEwMA==","","Jaclyn Leaver","https://www.linkedin.com/in/jaclynleaver","Jane G. Clark, MPA, CPS","https://www.linkedin.com/in/janeclark719","2026-03-20 17:08:56 UTC","","Hi Jane! It's been forever. How are you? Are you still in North Carolina? What’s going on for you these days?

As I’m sure she’s told you, I was talking to my mom about what’s next for me professionally and she suggested I reach out to you.

So, here it goes… I'm exploring what's next after wrapping up my role as Head of Content at a career tech startup. I have about ten years of experience in content strategy, UX writing, and content leadership across tech, healthcare, and higher education. 

I'm looking in two directions right now.

 On the job search side, I'm focused on head of content, content strategy leadership, or content design and UX writing roles, primarily in tech but open to the right opportunity anywhere. 

On the consulting side, I run Spellwell Creative, my content strategy consultancy, and am actively growing my client roster. I'd love an introduction to anyone navigating how to communicate what they do, whether that's a founder, a marketing lead, or a team ready to level up their content.

If anything comes to mind on either front, or if you'd be open to a quick catch-up, I'd really appreciate it.

Thanks,
Jaclyn","INBOX",""
"2-OTUwYTJhMGQtNWIwZC00MjA3LTg4ODYtODRkNmVmZmEyMmNlXzEwMA==","","Fady Bahaii Seleem","https://www.linkedin.com/in/fadyseleem","Chris Meszaros,Tamara Hafner, PhD,Benjamin Grinberg,Anna Nikolova,Jaclyn Leaver","https://www.linkedin.com/in/chris-meszaros-679a053,https://www.linkedin.com/in/tahafner,https://www.linkedin.com/in/benjamingrinberg,https://www.linkedin.com/in/annanikolova,https://www.linkedin.com/in/jaclynleaver","2026-03-26 01:23:15 UTC","","Dear Jaclyn and all,

Thank you so much for your suggestions. 

Jaclyn mentioned two ideas: reaching out to CEOs from Egypt and the Arab world who might need branding or content in the U.S., and offering Arabic-language lessons for a fee to interested people here. 

I truly appreciate the thought behind them. 

However, I have to be honest—beyond feeling a bit imaginative, these directions aren’t something I see as profitable for me, either short-term or mid-term. 

Right now, my focus is on jumping into a specialist-level, full-time, office-based role. That’s the boat I’m aiming to board. 

On a related note, I’ll be attending job fairs and expos in the coming weeks, hoping they help me land that office-based role!

Thanks again for understanding and supporting!

See you all next Tuesday!","INBOX",""
"2-OTUwYTJhMGQtNWIwZC00MjA3LTg4ODYtODRkNmVmZmEyMmNlXzEwMA==","","Fady Bahaii Seleem","https://www.linkedin.com/in/fadyseleem","Chris Meszaros,Tamara Hafner, PhD,Benjamin Grinberg,Anna Nikolova,Jaclyn Leaver","https://www.linkedin.com/in/chris-meszaros-679a053,https://www.linkedin.com/in/tahafner,https://www.linkedin.com/in/benjamingrinberg,https://www.linkedin.com/in/annanikolova,https://www.linkedin.com/in/jaclynleaver","2026-03-24 14:19:24 UTC","","Thanks","INBOX",""
"2-OTUwYTJhMGQtNWIwZC00MjA3LTg4ODYtODRkNmVmZmEyMmNlXzEwMA==","","Benjamin Grinberg","https://www.linkedin.com/in/benjamingrinberg","Chris Meszaros,Tamara Hafner, PhD,Anna Nikolova,Jaclyn Leaver,Fady Bahaii Seleem","https://www.linkedin.com/in/chris-meszaros-679a053,https://www.linkedin.com/in/tahafner,https://www.linkedin.com/in/annanikolova,https://www.linkedin.com/in/jaclynleaver,https://www.linkedin.com/in/fadyseleem","2026-03-24 00:12:20 UTC","","Here's the article that was shared on Slack:

""According to LinkedIn, 70% of jobs are never publicly posted. They are filled through referrals, internal candidates, and Recruiter outreach before they ever hit a job board. If you are spending all your time applying online and waiting, you are competing for the 30% of roles that everyone else is also applying to, while the majority of opportunities never reach you at all.""

https://www.linkedin.com/pulse/open-work-banner-debate-what-recruiter-actually-thinks-ilene-rein-s0cme/","INBOX",""
"2-OTUwYTJhMGQtNWIwZC00MjA3LTg4ODYtODRkNmVmZmEyMmNlXzEwMA==","","Tamara Hafner, PhD","https://www.linkedin.com/in/tahafner","Chris Meszaros,Benjamin Grinberg,Anna Nikolova,Jaclyn Leaver,Fady Bahaii Seleem","https://www.linkedin.com/in/chris-meszaros-679a053,https://www.linkedin.com/in/benjamingrinberg,https://www.linkedin.com/in/annanikolova,https://www.linkedin.com/in/jaclynleaver,https://www.linkedin.com/in/fadyseleem","2026-02-19 14:48:55 UTC","","Same here Fady. ","INBOX",""
"2-OTUwYTJhMGQtNWIwZC00MjA3LTg4ODYtODRkNmVmZmEyMmNlXzEwMA==","","Fady Bahaii Seleem","https://www.linkedin.com/in/fadyseleem","Chris Meszaros,Tamara Hafner, PhD,Benjamin Grinberg,Anna Nikolova,Jaclyn Leaver","https://www.linkedin.com/in/chris-meszaros-679a053,https://www.linkedin.com/in/tahafner,https://www.linkedin.com/in/benjamingrinberg,https://www.linkedin.com/in/annanikolova,https://www.linkedin.com/in/jaclynleaver","2026-02-19 02:23:34 UTC","","It was my great pleasure tonight to meet all of you in a live video meeting. 

I truly appreciate the opportunity to be introduced to such an outstanding group of gentlemen and ladies.

Have an excellent night!","INBOX",""
"2-OTUwYTJhMGQtNWIwZC00MjA3LTg4ODYtODRkNmVmZmEyMmNlXzEwMA==","","Fady Bahaii Seleem","https://www.linkedin.com/in/fadyseleem","Chris Meszaros,Tamara Hafner, PhD,Benjamin Grinberg,Anna Nikolova,Jaclyn Leaver","https://www.linkedin.com/in/chris-meszaros-679a053,https://www.linkedin.com/in/tahafner,https://www.linkedin.com/in/benjamingrinberg,https://www.linkedin.com/in/annanikolova,https://www.linkedin.com/in/jaclynleaver","2026-02-19 00:24:17 UTC","","Sent where?","INBOX",""
"2-OTUwYTJhMGQtNWIwZC00MjA3LTg4ODYtODRkNmVmZmEyMmNlXzEwMA==","","Chris Meszaros","https://www.linkedin.com/in/chris-meszaros-679a053","Tamara Hafner, PhD,Benjamin Grinberg,Anna Nikolova,Jaclyn Leaver,Fady Bahaii Seleem","https://www.linkedin.com/in/tahafner,https://www.linkedin.com/in/benjamingrinberg,https://www.linkedin.com/in/annanikolova,https://www.linkedin.com/in/jaclynleaver,https://www.linkedin.com/in/fadyseleem","2026-02-19 00:23:08 UTC","","https://meet.google.com/dyz-goai-sda?hs=224","INBOX",""
"2-OTUwYTJhMGQtNWIwZC00MjA3LTg4ODYtODRkNmVmZmEyMmNlXzEwMA==","","Chris Meszaros","https://www.linkedin.com/in/chris-meszaros-679a053","Tamara Hafner, PhD,Benjamin Grinberg,Anna Nikolova,Jaclyn Leaver,Fady Bahaii Seleem","https://www.linkedin.com/in/tahafner,https://www.linkedin.com/in/benjamingrinberg,https://www.linkedin.com/in/annanikolova,https://www.linkedin.com/in/jaclynleaver,https://www.linkedin.com/in/fadyseleem","2026-02-19 00:22:45 UTC","","We are on the link Tamara sent earlier today ","INBOX",""
"2-OTUwYTJhMGQtNWIwZC00MjA3LTg4ODYtODRkNmVmZmEyMmNlXzEwMA==","","Fady Bahaii Seleem","https://www.linkedin.com/in/fadyseleem","Chris Meszaros,Tamara Hafner, PhD,Benjamin Grinberg,Anna Nikolova,Jaclyn Leaver","https://www.linkedin.com/in/chris-meszaros-679a053,https://www.linkedin.com/in/tahafner,https://www.linkedin.com/in/benjamingrinberg,https://www.linkedin.com/in/annanikolova,https://www.linkedin.com/in/jaclynleaver","2026-02-19 00:20:02 UTC","","Join the meeting: 

https://meet.google.com/ppg-bdzx-kyy","INBOX",""
"2-OTUwYTJhMGQtNWIwZC00MjA3LTg4ODYtODRkNmVmZmEyMmNlXzEwMA==","","Fady Bahaii Seleem","https://www.linkedin.com/in/fadyseleem","Chris Meszaros,Tamara Hafner, PhD,Benjamin Grinberg,Anna Nikolova,Jaclyn Leaver","https://www.linkedin.com/in/chris-meszaros-679a053,https://www.linkedin.com/in/tahafner,https://www.linkedin.com/in/benjamingrinberg,https://www.linkedin.com/in/annanikolova,https://www.linkedin.com/in/jaclynleaver","2026-02-17 17:00:28 UTC","","Thank you!","INBOX",""
"2-OTUwYTJhMGQtNWIwZC00MjA3LTg4ODYtODRkNmVmZmEyMmNlXzEwMA==","","Fady Bahaii Seleem","https://www.linkedin.com/in/fadyseleem","Chris Meszaros,Tamara Hafner, PhD,Benjamin Grinberg,Anna Nikolova,Jaclyn Leaver","https://www.linkedin.com/in/chris-meszaros-679a053,https://www.linkedin.com/in/tahafner,https://www.linkedin.com/in/benjamingrinberg,https://www.linkedin.com/in/annanikolova,https://www.linkedin.com/in/jaclynleaver","2026-02-17 17:00:24 UTC","","👍","INBOX",""
"2-OTUwYTJhMGQtNWIwZC00MjA3LTg4ODYtODRkNmVmZmEyMmNlXzEwMA==","","Anna Nikolova","https://www.linkedin.com/in/annanikolova","Chris Meszaros,Tamara Hafner, PhD,Benjamin Grinberg,Jaclyn Leaver,Fady Bahaii Seleem","https://www.linkedin.com/in/chris-meszaros-679a053,https://www.linkedin.com/in/tahafner,https://www.linkedin.com/in/benjamingrinberg,https://www.linkedin.com/in/jaclynleaver,https://www.linkedin.com/in/fadyseleem","2026-02-17 16:07:09 UTC","","👍","INBOX",""
"2-OTUwYTJhMGQtNWIwZC00MjA3LTg4ODYtODRkNmVmZmEyMmNlXzEwMA==","","Chris Meszaros","https://www.linkedin.com/in/chris-meszaros-679a053","Tamara Hafner, PhD,Benjamin Grinberg,Anna Nikolova,Jaclyn Leaver,Fady Bahaii Seleem","https://www.linkedin.com/in/tahafner,https://www.linkedin.com/in/benjamingrinberg,https://www.linkedin.com/in/annanikolova,https://www.linkedin.com/in/jaclynleaver,https://www.linkedin.com/in/fadyseleem","2026-02-17 15:20:44 UTC","","👍","INBOX",""
"2-OTUwYTJhMGQtNWIwZC00MjA3LTg4ODYtODRkNmVmZmEyMmNlXzEwMA==","","Tamara Hafner, PhD","https://www.linkedin.com/in/tahafner","Chris Meszaros,Benjamin Grinberg,Anna Nikolova,Jaclyn Leaver,Fady Bahaii Seleem","https://www.linkedin.com/in/chris-meszaros-679a053,https://www.linkedin.com/in/benjamingrinberg,https://www.linkedin.com/in/annanikolova,https://www.linkedin.com/in/jaclynleaver,https://www.linkedin.com/in/fadyseleem","2026-02-17 11:45:31 UTC","","👍","INBOX",""
"2-OTUwYTJhMGQtNWIwZC00MjA3LTg4ODYtODRkNmVmZmEyMmNlXzEwMA==","","Benjamin Grinberg","https://www.linkedin.com/in/benjamingrinberg","Chris Meszaros,Tamara Hafner, PhD,Anna Nikolova,Jaclyn Leaver,Fady Bahaii Seleem","https://www.linkedin.com/in/chris-meszaros-679a053,https://www.linkedin.com/in/tahafner,https://www.linkedin.com/in/annanikolova,https://www.linkedin.com/in/jaclynleaver,https://www.linkedin.com/in/fadyseleem","2026-02-17 06:17:40 UTC","","I can do Wednesday 2/18 at 6:20pm CT","INBOX",""
"2-OTUwYTJhMGQtNWIwZC00MjA3LTg4ODYtODRkNmVmZmEyMmNlXzEwMA==","","Fady Bahaii Seleem","https://www.linkedin.com/in/fadyseleem","Chris Meszaros,Tamara Hafner, PhD,Benjamin Grinberg,Anna Nikolova,Jaclyn Leaver","https://www.linkedin.com/in/chris-meszaros-679a053,https://www.linkedin.com/in/tahafner,https://www.linkedin.com/in/benjamingrinberg,https://www.linkedin.com/in/annanikolova,https://www.linkedin.com/in/jaclynleaver","2026-02-17 06:06:39 UTC","","I invite you all to join a Google Meet video meeting.

Name: First online meet-up for the JSC / Never Search Alone Group

Time: Wed, Feb 18, 6:20 – 7:20 PM

Join the meeting: https://meet.google.com/ppg-bdzx-kyy","INBOX",""
"2-OTUwYTJhMGQtNWIwZC00MjA3LTg4ODYtODRkNmVmZmEyMmNlXzEwMA==","","Fady Bahaii Seleem","https://www.linkedin.com/in/fadyseleem","Chris Meszaros,Tamara Hafner, PhD,Benjamin Grinberg,Anna Nikolova,Jaclyn Leaver","https://www.linkedin.com/in/chris-meszaros-679a053,https://www.linkedin.com/in/tahafner,https://www.linkedin.com/in/benjamingrinberg,https://www.linkedin.com/in/annanikolova,https://www.linkedin.com/in/jaclynleaver","2026-02-17 05:54:27 UTC","","I just wanted to clarify that I meant Wednesday the 18th, not the 25th of February.

Is everyone available on Wednesday, February 18, 2026, at 6:20 p.m. CT?

Please confirm.","INBOX",""
"2-OTUwYTJhMGQtNWIwZC00MjA3LTg4ODYtODRkNmVmZmEyMmNlXzEwMA==","","Fady Bahaii Seleem","https://www.linkedin.com/in/fadyseleem","Chris Meszaros,Tamara Hafner, PhD,Benjamin Grinberg,Anna Nikolova,Jaclyn Leaver","https://www.linkedin.com/in/chris-meszaros-679a053,https://www.linkedin.com/in/tahafner,https://www.linkedin.com/in/benjamingrinberg,https://www.linkedin.com/in/annanikolova,https://www.linkedin.com/in/jaclynleaver","2026-02-17 01:28:45 UTC","","See you all next Wednesday, early evening! Cheers!","INBOX",""
"2-OTUwYTJhMGQtNWIwZC00MjA3LTg4ODYtODRkNmVmZmEyMmNlXzEwMA==","","Fady Bahaii Seleem","https://www.linkedin.com/in/fadyseleem","Chris Meszaros,Tamara Hafner, PhD,Benjamin Grinberg,Anna Nikolova,Jaclyn Leaver","https://www.linkedin.com/in/chris-meszaros-679a053,https://www.linkedin.com/in/tahafner,https://www.linkedin.com/in/benjamingrinberg,https://www.linkedin.com/in/annanikolova,https://www.linkedin.com/in/jaclynleaver","2026-02-17 01:27:31 UTC","","I will prepare the Google Meet link and post it here late tonight when I get back from outside. God willing.","INBOX",""
"2-OTUwYTJhMGQtNWIwZC00MjA3LTg4ODYtODRkNmVmZmEyMmNlXzEwMA==","","Fady Bahaii Seleem","https://www.linkedin.com/in/fadyseleem","Chris Meszaros,Tamara Hafner, PhD,Benjamin Grinberg,Anna Nikolova,Jaclyn Leaver","https://www.linkedin.com/in/chris-meszaros-679a053,https://www.linkedin.com/in/tahafner,https://www.linkedin.com/in/benjamingrinberg,https://www.linkedin.com/in/annanikolova,https://www.linkedin.com/in/jaclynleaver","2026-02-17 01:26:25 UTC","","Perfect","INBOX",""
"2-OTUwYTJhMGQtNWIwZC00MjA3LTg4ODYtODRkNmVmZmEyMmNlXzEwMA==","","Tamara Hafner, PhD","https://www.linkedin.com/in/tahafner","Chris Meszaros,Benjamin Grinberg,Anna Nikolova,Jaclyn Leaver,Fady Bahaii Seleem","https://www.linkedin.com/in/chris-meszaros-679a053,https://www.linkedin.com/in/benjamingrinberg,https://www.linkedin.com/in/annanikolova,https://www.linkedin.com/in/jaclynleaver,https://www.linkedin.com/in/fadyseleem","2026-02-17 01:07:33 UTC","","2/25 at 6:20 CT works for me, thank you. ","INBOX",""
"2-OTUwYTJhMGQtNWIwZC00MjA3LTg4ODYtODRkNmVmZmEyMmNlXzEwMA==","","Fady Bahaii Seleem","https://www.linkedin.com/in/fadyseleem","Chris Meszaros,Tamara Hafner, PhD,Benjamin Grinberg,Anna Nikolova,Jaclyn Leaver","https://www.linkedin.com/in/chris-meszaros-679a053,https://www.linkedin.com/in/tahafner,https://www.linkedin.com/in/benjamingrinberg,https://www.linkedin.com/in/annanikolova,https://www.linkedin.com/in/jaclynleaver","2026-02-17 00:59:06 UTC","","Still waiting to hear back from Tamara!","INBOX",""
"2-OTUwYTJhMGQtNWIwZC00MjA3LTg4ODYtODRkNmVmZmEyMmNlXzEwMA==","","Fady Bahaii Seleem","https://www.linkedin.com/in/fadyseleem","Chris Meszaros,Tamara Hafner, PhD,Benjamin Grinberg,Anna Nikolova,Jaclyn Leaver","https://www.linkedin.com/in/chris-meszaros-679a053,https://www.linkedin.com/in/tahafner,https://www.linkedin.com/in/benjamingrinberg,https://www.linkedin.com/in/annanikolova,https://www.linkedin.com/in/jaclynleaver","2026-02-17 00:58:37 UTC","","Awesome! Works for me! ","INBOX",""
"2-OTUwYTJhMGQtNWIwZC00MjA3LTg4ODYtODRkNmVmZmEyMmNlXzEwMA==","","Fady Bahaii Seleem","https://www.linkedin.com/in/fadyseleem","Chris Meszaros,Tamara Hafner, PhD,Benjamin Grinberg,Anna Nikolova,Jaclyn Leaver","https://www.linkedin.com/in/chris-meszaros-679a053,https://www.linkedin.com/in/tahafner,https://www.linkedin.com/in/benjamingrinberg,https://www.linkedin.com/in/annanikolova,https://www.linkedin.com/in/jaclynleaver","2026-02-17 00:58:27 UTC","","More than welcome, anytime, dear. Thanks for your patience and cooperation.Hi Fady,

Thanks for coordinating.

Since I’m on the East Coast, I would prefer a slightly earlier time, as 8:00 PM is a bit late for me. That said, I’m happy to make it work if this time is best for the majority.

Like Benjamin, earlier dates also work for me.","INBOX",""
"2-OTUwYTJhMGQtNWIwZC00MjA3LTg4ODYtODRkNmVmZmEyMmNlXzEwMA==","","Jaclyn Leaver","https://www.linkedin.com/in/jaclynleaver","Chris Meszaros,Tamara Hafner, PhD,Benjamin Grinberg,Anna Nikolova,Fady Bahaii Seleem","https://www.linkedin.com/in/chris-meszaros-679a053,https://www.linkedin.com/in/tahafner,https://www.linkedin.com/in/benjamingrinberg,https://www.linkedin.com/in/annanikolova,https://www.linkedin.com/in/fadyseleem","2026-02-17 00:58:02 UTC","","Works for me! ","INBOX",""
"2-OTUwYTJhMGQtNWIwZC00MjA3LTg4ODYtODRkNmVmZmEyMmNlXzEwMA==","","Fady Bahaii Seleem","https://www.linkedin.com/in/fadyseleem","Chris Meszaros,Tamara Hafner, PhD,Benjamin Grinberg,Anna Nikolova,Jaclyn Leaver","https://www.linkedin.com/in/chris-meszaros-679a053,https://www.linkedin.com/in/tahafner,https://www.linkedin.com/in/benjamingrinberg,https://www.linkedin.com/in/annanikolova,https://www.linkedin.com/in/jaclynleaver","2026-02-17 00:57:29 UTC","","Always more than welcome, dear. Thank you.Hi everyone, 

Excited to connect! Thanks, Fady, for being our moderator and organizing this call. I am free on 2/25 at 7pm CT or earlier like Benjamin and Tamara. 

Thanks,
Jaclyn","INBOX",""
"2-OTUwYTJhMGQtNWIwZC00MjA3LTg4ODYtODRkNmVmZmEyMmNlXzEwMA==","","Fady Bahaii Seleem","https://www.linkedin.com/in/fadyseleem","Chris Meszaros,Tamara Hafner, PhD,Benjamin Grinberg,Anna Nikolova,Jaclyn Leaver","https://www.linkedin.com/in/chris-meszaros-679a053,https://www.linkedin.com/in/tahafner,https://www.linkedin.com/in/benjamingrinberg,https://www.linkedin.com/in/annanikolova,https://www.linkedin.com/in/jaclynleaver","2026-02-17 00:56:45 UTC","","Perfect","INBOX",""
"2-OTUwYTJhMGQtNWIwZC00MjA3LTg4ODYtODRkNmVmZmEyMmNlXzEwMA==","","Benjamin Grinberg","https://www.linkedin.com/in/benjamingrinberg","Chris Meszaros,Tamara Hafner, PhD,Anna Nikolova,Jaclyn Leaver,Fady Bahaii Seleem","https://www.linkedin.com/in/chris-meszaros-679a053,https://www.linkedin.com/in/tahafner,https://www.linkedin.com/in/annanikolova,https://www.linkedin.com/in/jaclynleaver,https://www.linkedin.com/in/fadyseleem","2026-02-17 00:56:24 UTC","","That time works for me Can we move everything 40 minutes earlier so Tamara can join us? She’s on the East Coast.

I may not be available before 7:30 p.m. CT on Tuesday.

Would Wednesday at 6:20 p.m. CT work for everyone?","INBOX",""
"2-OTUwYTJhMGQtNWIwZC00MjA3LTg4ODYtODRkNmVmZmEyMmNlXzEwMA==","","Fady Bahaii Seleem","https://www.linkedin.com/in/fadyseleem","Chris Meszaros,Tamara Hafner, PhD,Benjamin Grinberg,Anna Nikolova,Jaclyn Leaver","https://www.linkedin.com/in/chris-meszaros-679a053,https://www.linkedin.com/in/tahafner,https://www.linkedin.com/in/benjamingrinberg,https://www.linkedin.com/in/annanikolova,https://www.linkedin.com/in/jaclynleaver","2026-02-17 00:48:53 UTC","","Please confirm.","INBOX",""
"2-OTUwYTJhMGQtNWIwZC00MjA3LTg4ODYtODRkNmVmZmEyMmNlXzEwMA==","","Fady Bahaii Seleem","https://www.linkedin.com/in/fadyseleem","Chris Meszaros,Tamara Hafner, PhD,Benjamin Grinberg,Anna Nikolova,Jaclyn Leaver","https://www.linkedin.com/in/chris-meszaros-679a053,https://www.linkedin.com/in/tahafner,https://www.linkedin.com/in/benjamingrinberg,https://www.linkedin.com/in/annanikolova,https://www.linkedin.com/in/jaclynleaver","2026-02-17 00:48:33 UTC","","Jaclyn, Tamara, and Benjamin?","INBOX",""
"2-OTUwYTJhMGQtNWIwZC00MjA3LTg4ODYtODRkNmVmZmEyMmNlXzEwMA==","","Fady Bahaii Seleem","https://www.linkedin.com/in/fadyseleem","Chris Meszaros,Tamara Hafner, PhD,Benjamin Grinberg,Anna Nikolova,Jaclyn Leaver","https://www.linkedin.com/in/chris-meszaros-679a053,https://www.linkedin.com/in/tahafner,https://www.linkedin.com/in/benjamingrinberg,https://www.linkedin.com/in/annanikolova,https://www.linkedin.com/in/jaclynleaver","2026-02-17 00:40:01 UTC","","Great","INBOX",""
"2-OTUwYTJhMGQtNWIwZC00MjA3LTg4ODYtODRkNmVmZmEyMmNlXzEwMA==","","Anna Nikolova","https://www.linkedin.com/in/annanikolova","Chris Meszaros,Tamara Hafner, PhD,Benjamin Grinberg,Jaclyn Leaver,Fady Bahaii Seleem","https://www.linkedin.com/in/chris-meszaros-679a053,https://www.linkedin.com/in/tahafner,https://www.linkedin.com/in/benjamingrinberg,https://www.linkedin.com/in/jaclynleaver,https://www.linkedin.com/in/fadyseleem","2026-02-17 00:39:33 UTC","","Wednesday at 6:20 CT is also fine for me ","INBOX",""
"2-OTUwYTJhMGQtNWIwZC00MjA3LTg4ODYtODRkNmVmZmEyMmNlXzEwMA==","","Fady Bahaii Seleem","https://www.linkedin.com/in/fadyseleem","Chris Meszaros,Tamara Hafner, PhD,Benjamin Grinberg,Anna Nikolova,Jaclyn Leaver","https://www.linkedin.com/in/chris-meszaros-679a053,https://www.linkedin.com/in/tahafner,https://www.linkedin.com/in/benjamingrinberg,https://www.linkedin.com/in/annanikolova,https://www.linkedin.com/in/jaclynleaver","2026-02-17 00:38:12 UTC","","I am waiting for the rest to respond soon here, please, tonight if possible.","INBOX",""
"2-OTUwYTJhMGQtNWIwZC00MjA3LTg4ODYtODRkNmVmZmEyMmNlXzEwMA==","","Fady Bahaii Seleem","https://www.linkedin.com/in/fadyseleem","Chris Meszaros,Tamara Hafner, PhD,Benjamin Grinberg,Anna Nikolova,Jaclyn Leaver","https://www.linkedin.com/in/chris-meszaros-679a053,https://www.linkedin.com/in/tahafner,https://www.linkedin.com/in/benjamingrinberg,https://www.linkedin.com/in/annanikolova,https://www.linkedin.com/in/jaclynleaver","2026-02-17 00:36:20 UTC","","Perfect","INBOX",""
"2-OTUwYTJhMGQtNWIwZC00MjA3LTg4ODYtODRkNmVmZmEyMmNlXzEwMA==","","Chris Meszaros","https://www.linkedin.com/in/chris-meszaros-679a053","Tamara Hafner, PhD,Benjamin Grinberg,Anna Nikolova,Jaclyn Leaver,Fady Bahaii Seleem","https://www.linkedin.com/in/tahafner,https://www.linkedin.com/in/benjamingrinberg,https://www.linkedin.com/in/annanikolova,https://www.linkedin.com/in/jaclynleaver,https://www.linkedin.com/in/fadyseleem","2026-02-17 00:35:39 UTC","","Good for me","INBOX",""
"2-OTUwYTJhMGQtNWIwZC00MjA3LTg4ODYtODRkNmVmZmEyMmNlXzEwMA==","","Fady Bahaii Seleem","https://www.linkedin.com/in/fadyseleem","Chris Meszaros,Tamara Hafner, PhD,Benjamin Grinberg,Anna Nikolova,Jaclyn Leaver","https://www.linkedin.com/in/chris-meszaros-679a053,https://www.linkedin.com/in/tahafner,https://www.linkedin.com/in/benjamingrinberg,https://www.linkedin.com/in/annanikolova,https://www.linkedin.com/in/jaclynleaver","2026-02-17 00:34:50 UTC","","Can we move everything 40 minutes earlier so Tamara can join us? She’s on the East Coast.

I may not be available before 7:30 p.m. CT on Tuesday.

Would Wednesday at 6:20 p.m. CT work for everyone?","INBOX",""
"2-OTUwYTJhMGQtNWIwZC00MjA3LTg4ODYtODRkNmVmZmEyMmNlXzEwMA==","","Anna Nikolova","https://www.linkedin.com/in/annanikolova","Chris Meszaros,Tamara Hafner, PhD,Benjamin Grinberg,Jaclyn Leaver,Fady Bahaii Seleem","https://www.linkedin.com/in/chris-meszaros-679a053,https://www.linkedin.com/in/tahafner,https://www.linkedin.com/in/benjamingrinberg,https://www.linkedin.com/in/jaclynleaver,https://www.linkedin.com/in/fadyseleem","2026-02-17 00:33:07 UTC","","I also wanted to note that I am generally more responsive during the week than during weekends or holidays. I try to keep a Mon-Fri schedule even when job searching 😊","INBOX",""
"2-OTUwYTJhMGQtNWIwZC00MjA3LTg4ODYtODRkNmVmZmEyMmNlXzEwMA==","","Fady Bahaii Seleem","https://www.linkedin.com/in/fadyseleem","Chris Meszaros,Tamara Hafner, PhD,Benjamin Grinberg,Anna Nikolova,Jaclyn Leaver","https://www.linkedin.com/in/chris-meszaros-679a053,https://www.linkedin.com/in/tahafner,https://www.linkedin.com/in/benjamingrinberg,https://www.linkedin.com/in/annanikolova,https://www.linkedin.com/in/jaclynleaver","2026-02-17 00:30:38 UTC","","Sounds good","INBOX",""
"2-OTUwYTJhMGQtNWIwZC00MjA3LTg4ODYtODRkNmVmZmEyMmNlXzEwMA==","","Anna Nikolova","https://www.linkedin.com/in/annanikolova","Chris Meszaros,Tamara Hafner, PhD,Benjamin Grinberg,Jaclyn Leaver,Fady Bahaii Seleem","https://www.linkedin.com/in/chris-meszaros-679a053,https://www.linkedin.com/in/tahafner,https://www.linkedin.com/in/benjamingrinberg,https://www.linkedin.com/in/jaclynleaver,https://www.linkedin.com/in/fadyseleem","2026-02-17 00:30:19 UTC","","Hi, I am also available Wednesday 2/25 at 7pm CT. My preferences would also be for an earlier date and meeting time. Thanks!","INBOX",""
"2-OTUwYTJhMGQtNWIwZC00MjA3LTg4ODYtODRkNmVmZmEyMmNlXzEwMA==","","Fady Bahaii Seleem","https://www.linkedin.com/in/fadyseleem","Chris Meszaros,Tamara Hafner, PhD,Benjamin Grinberg,Anna Nikolova,Jaclyn Leaver","https://www.linkedin.com/in/chris-meszaros-679a053,https://www.linkedin.com/in/tahafner,https://www.linkedin.com/in/benjamingrinberg,https://www.linkedin.com/in/annanikolova,https://www.linkedin.com/in/jaclynleaver","2026-02-16 22:55:54 UTC","","We are still waiting for Anna's reply very soon too.","INBOX",""
"2-OTUwYTJhMGQtNWIwZC00MjA3LTg4ODYtODRkNmVmZmEyMmNlXzEwMA==","","Chris Meszaros","https://www.linkedin.com/in/chris-meszaros-679a053","Tamara Hafner, PhD,Benjamin Grinberg,Anna Nikolova,Jaclyn Leaver,Fady Bahaii Seleem","https://www.linkedin.com/in/tahafner,https://www.linkedin.com/in/benjamingrinberg,https://www.linkedin.com/in/annanikolova,https://www.linkedin.com/in/jaclynleaver,https://www.linkedin.com/in/fadyseleem","2026-02-16 22:21:04 UTC","","Hi all - excited to meet you all as well. I can be flexible on 2/25 as well at 7pm CT or earlier. ","INBOX",""
"2-OTUwYTJhMGQtNWIwZC00MjA3LTg4ODYtODRkNmVmZmEyMmNlXzEwMA==","","Jaclyn Leaver","https://www.linkedin.com/in/jaclynleaver","Chris Meszaros,Tamara Hafner, PhD,Benjamin Grinberg,Anna Nikolova,Fady Bahaii Seleem","https://www.linkedin.com/in/chris-meszaros-679a053,https://www.linkedin.com/in/tahafner,https://www.linkedin.com/in/benjamingrinberg,https://www.linkedin.com/in/annanikolova,https://www.linkedin.com/in/fadyseleem","2026-02-16 21:20:28 UTC","","Hi everyone, 

Excited to connect! Thanks, Fady, for being our moderator and organizing this call. I am free on 2/25 at 7pm CT or earlier like Benjamin and Tamara. 

Thanks,
Jaclyn","INBOX",""
"2-OTUwYTJhMGQtNWIwZC00MjA3LTg4ODYtODRkNmVmZmEyMmNlXzEwMA==","","Tamara Hafner, PhD","https://www.linkedin.com/in/tahafner","Chris Meszaros,Benjamin Grinberg,Anna Nikolova,Jaclyn Leaver,Fady Bahaii Seleem","https://www.linkedin.com/in/chris-meszaros-679a053,https://www.linkedin.com/in/benjamingrinberg,https://www.linkedin.com/in/annanikolova,https://www.linkedin.com/in/jaclynleaver,https://www.linkedin.com/in/fadyseleem","2026-02-16 19:57:38 UTC","","Hi Fady,

Thanks for coordinating.

Since I’m on the East Coast, I would prefer a slightly earlier time, as 8:00 PM is a bit late for me. That said, I’m happy to make it work if this time is best for the majority.

Like Benjamin, earlier dates also work for me.","INBOX",""
"2-OTUwYTJhMGQtNWIwZC00MjA3LTg4ODYtODRkNmVmZmEyMmNlXzEwMA==","","Benjamin Grinberg","https://www.linkedin.com/in/benjamingrinberg","Chris Meszaros,Tamara Hafner, PhD,Anna Nikolova,Jaclyn Leaver,Fady Bahaii Seleem","https://www.linkedin.com/in/chris-meszaros-679a053,https://www.linkedin.com/in/tahafner,https://www.linkedin.com/in/annanikolova,https://www.linkedin.com/in/jaclynleaver,https://www.linkedin.com/in/fadyseleem","2026-02-16 19:49:04 UTC","","Hi all,

7pm CT on Wednesday 2/25 works for me. I could also do an earlier date if that works for others.

Looking forward to meeting everyone.","INBOX",""
"2-OTUwYTJhMGQtNWIwZC00MjA3LTg4ODYtODRkNmVmZmEyMmNlXzEwMA==","","Fady Bahaii Seleem","https://www.linkedin.com/in/fadyseleem","Chris Meszaros,Tamara Hafner, PhD,Benjamin Grinberg,Anna Nikolova,Jaclyn Leaver","https://www.linkedin.com/in/chris-meszaros-679a053,https://www.linkedin.com/in/tahafner,https://www.linkedin.com/in/benjamingrinberg,https://www.linkedin.com/in/annanikolova,https://www.linkedin.com/in/jaclynleaver","2026-02-16 18:33:02 UTC","","Hi everyone 👋

I hope you're all doing well.

Would you be open to holding our first friendly group virtual live meetup on Google Meet next Wednesday at 7:00 PM Central Time?

Just thinking of something informal to kick things off — introduce ourselves, get to know each other a bit, and see how we can support one another.

Is that time okay for you? Do you have any suggestions or preferences?

Also, quick note — I'm still not fully used to Slack or Notion yet, so I'm reaching out on LinkedIn today since it's more accessible for me at the moment. 

I appreciate your patience!

I'm looking forward to talking with you all.

Best,
Fady","INBOX",""
"2-YjY5NGM3ZWMtZDBlZC00NmFhLTgyMmUtZTgzMGNhMmUwYjVkXzEwMA==","","Georgeann Eyler","https://www.linkedin.com/in/georgeann-eyler-286274b","Jaclyn Leaver","https://www.linkedin.com/in/jaclynleaver","2026-03-24 22:02:48 UTC","","😘","INBOX",""
"2-YjY5NGM3ZWMtZDBlZC00NmFhLTgyMmUtZTgzMGNhMmUwYjVkXzEwMA==","","Georgeann Eyler","https://www.linkedin.com/in/georgeann-eyler-286274b","Jaclyn Leaver","https://www.linkedin.com/in/jaclynleaver","2026-03-24 22:02:31 UTC","","Thanks Jaclyn","INBOX",""
"2-YjY5NGM3ZWMtZDBlZC00NmFhLTgyMmUtZTgzMGNhMmUwYjVkXzEwMA==","","Jaclyn Leaver","https://www.linkedin.com/in/jaclynleaver","Georgeann Eyler","https://www.linkedin.com/in/georgeann-eyler-286274b","2026-03-24 17:10:10 UTC","","Ok, great! Just message me when you get back and we'll find a time. Have a blast!","INBOX",""
"2-YjY5NGM3ZWMtZDBlZC00NmFhLTgyMmUtZTgzMGNhMmUwYjVkXzEwMA==","","Georgeann Eyler","https://www.linkedin.com/in/georgeann-eyler-286274b","Jaclyn Leaver","https://www.linkedin.com/in/jaclynleaver","2026-03-24 08:28:32 UTC","","Hi dear. We're leaving for Egypt on Friday morning. And that means we can do something on the 10th or 11th of April or starting on the 16th.","INBOX",""
"2-YjY5NGM3ZWMtZDBlZC00NmFhLTgyMmUtZTgzMGNhMmUwYjVkXzEwMA==","","Jaclyn Leaver","https://www.linkedin.com/in/jaclynleaver","Georgeann Eyler","https://www.linkedin.com/in/georgeann-eyler-286274b","2026-03-23 21:57:35 UTC","","Awesome! I am a little squished for time this week. Would next Wed, Thurs, or Fri work for you? What times are good?","INBOX",""
"2-YjY5NGM3ZWMtZDBlZC00NmFhLTgyMmUtZTgzMGNhMmUwYjVkXzEwMA==","","Georgeann Eyler","https://www.linkedin.com/in/georgeann-eyler-286274b","Jaclyn Leaver","https://www.linkedin.com/in/jaclynleaver","2026-03-23 21:52:57 UTC","","We're back home now. Do you have time for a chat tomorrow or Wednesday 😊","INBOX",""
"2-YjY5NGM3ZWMtZDBlZC00NmFhLTgyMmUtZTgzMGNhMmUwYjVkXzEwMA==","","Georgeann Eyler","https://www.linkedin.com/in/georgeann-eyler-286274b","Jaclyn Leaver","https://www.linkedin.com/in/jaclynleaver","2026-03-23 21:51:56 UTC","","Thanks Jaclyn","INBOX",""
"2-YjY5NGM3ZWMtZDBlZC00NmFhLTgyMmUtZTgzMGNhMmUwYjVkXzEwMA==","","Jaclyn Leaver","https://www.linkedin.com/in/jaclynleaver","Georgeann Eyler","https://www.linkedin.com/in/georgeann-eyler-286274b","2026-03-23 21:34:13 UTC","","Hi Georgeann! Ok, sounds good. Hope you're having a nice time in England.","INBOX",""
"2-YjY5NGM3ZWMtZDBlZC00NmFhLTgyMmUtZTgzMGNhMmUwYjVkXzEwMA==","","Georgeann Eyler","https://www.linkedin.com/in/georgeann-eyler-286274b","Jaclyn Leaver","https://www.linkedin.com/in/jaclynleaver","2026-03-21 11:46:15 UTC","","Hi Jaclyn! I'm not sure how much help I can be, but at the moment we're in Salisbury, England touring the cathedral and I will have to get back to you sometime later today or tomorrow. ❤️❤️❤️","INBOX",""
"2-YjY5NGM3ZWMtZDBlZC00NmFhLTgyMmUtZTgzMGNhMmUwYjVkXzEwMA==","","Jaclyn Leaver","https://www.linkedin.com/in/jaclynleaver","Georgeann Eyler","https://www.linkedin.com/in/georgeann-eyler-286274b","2026-03-20 20:21:25 UTC","","Hi Georgeann! It's been forever. How are you? What’s going on for you these days?

As I’m sure she’s told you, I was talking to my mom about what’s next for me professionally and she suggested I reach out to you.

So, here it goes… I'm exploring what's next after wrapping up my role as Head of Content at a career tech startup. I have about ten years of experience in content strategy, UX writing, and content leadership across tech, healthcare, and higher education.

I'm looking in two directions right now.

On the job search side, I'm focused on head of content, content strategy leadership, or content design and UX writing roles, primarily in tech but open to the right opportunity anywhere.

On the consulting side, I run Spellwell Creative, my content strategy consultancy, and am actively growing my client roster. I'd love an introduction to anyone navigating how to communicate what they do, whether that's a founder, a marketing lead, or a team ready to level up their content.

If anything comes to mind on either front, or if you'd be open to a quick catch-up, I'd really appreciate it.

Thanks,
Jaclyn","INBOX",""
"2-NmVkNWE3ZTQtMzViOC00NWRkLTllZjAtYzVmMDZkZjU0YzFhXzEwMA==","","Jennifer Chavez, MBA, GRN Moon Valley","https://www.linkedin.com/in/jennifer-j-chavez-mba","Jaclyn Leaver","https://www.linkedin.com/in/jaclynleaver","2026-03-23 22:21:38 UTC","","Absolutely!","INBOX",""
"2-NmVkNWE3ZTQtMzViOC00NWRkLTllZjAtYzVmMDZkZjU0YzFhXzEwMA==","","Jaclyn Leaver","https://www.linkedin.com/in/jaclynleaver","Jennifer Chavez, MBA, GRN Moon Valley","https://www.linkedin.com/in/jennifer-j-chavez-mba","2026-03-23 21:50:46 UTC","","Hi Jennifer! Thanks for connecting with me. I'll schedule some time on your calendar to meet. I really appreciate you taking the time to chat.","INBOX",""
"2-NmVkNWE3ZTQtMzViOC00NWRkLTllZjAtYzVmMDZkZjU0YzFhXzEwMA==","","Jennifer Chavez, MBA, GRN Moon Valley","https://www.linkedin.com/in/jennifer-j-chavez-mba","Jaclyn Leaver","https://www.linkedin.com/in/jaclynleaver","2026-03-23 21:33:44 UTC","","Let's connect!","INBOX",""
"2-YjE0ZjZiMTEtMzZlOS00NDQ2LWJjNmMtYzMyZTEwZDgzZjY4XzEwMA==","","Jaclyn Leaver","https://www.linkedin.com/in/jaclynleaver","Jo Iyalho","https://www.linkedin.com/in/joiyalho","2026-03-23 21:28:13 UTC","","Hi Jo, how was SXSW?! Did you learn some incredible new things?! 

I just wanted to follow up to see if you were still free to meet tomorrow. If so, would 11:00am work?","INBOX",""
"2-YjE0ZjZiMTEtMzZlOS00NDQ2LWJjNmMtYzMyZTEwZDgzZjY4XzEwMA==","","Jaclyn Leaver","https://www.linkedin.com/in/jaclynleaver","Jo Iyalho","https://www.linkedin.com/in/joiyalho","2026-03-14 00:14:23 UTC","","Oh fun! I’m free at 3:30pm on the 24th. Would that work? ","INBOX",""
"2-YjE0ZjZiMTEtMzZlOS00NDQ2LWJjNmMtYzMyZTEwZDgzZjY4XzEwMA==","","Jo Iyalho","https://www.linkedin.com/in/joiyalho","Jaclyn Leaver","https://www.linkedin.com/in/jaclynleaver","2026-03-14 00:07:31 UTC","","Sorry, I forgot that I'll be at the SXSW conference next week. Could you do the following week? Tuesday at 1 would work for me if you're available on the 24th","INBOX",""
"2-YjE0ZjZiMTEtMzZlOS00NDQ2LWJjNmMtYzMyZTEwZDgzZjY4XzEwMA==","","Jaclyn Leaver","https://www.linkedin.com/in/jaclynleaver","Jo Iyalho","https://www.linkedin.com/in/joiyalho","2026-03-13 23:59:05 UTC","","Hi, thanks for the quick response! I'm so happy to hear you're game to chat. I have some time on Monday (9am-12pm CT) or Tuesday (12-4pm CT). Do any of these times work?","INBOX",""
"2-YjE0ZjZiMTEtMzZlOS00NDQ2LWJjNmMtYzMyZTEwZDgzZjY4XzEwMA==","","Jo Iyalho","https://www.linkedin.com/in/joiyalho","Jaclyn Leaver","https://www.linkedin.com/in/jaclynleaver","2026-03-13 23:55:54 UTC","","Hi, Jaclyn! That's so interesting, I would love to hear more about your work and share a bit about what I do as well. Is there a day you have in mind next week?","INBOX",""
"2-YjE0ZjZiMTEtMzZlOS00NDQ2LWJjNmMtYzMyZTEwZDgzZjY4XzEwMA==","","Jaclyn Leaver","https://www.linkedin.com/in/jaclynleaver","Jo Iyalho","https://www.linkedin.com/in/joiyalho","2026-03-13 23:35:20 UTC","","Hi Jo,

Thanks for accepting my request! I came across your profile while researching the UX content strategy work at Schwab and wanted to connect with someone doing that work firsthand.

I'm a content strategist and UX writer with 10+ years across tech, healthcare, and education, and I'm always curious about what good content practice looks like inside large orgs. Would you be open to a 20-minute conversation sometime?

Cheers,
Jaclyn","INBOX",""
"2-NzU2ZjkwZmItZDAzNS00ODY0LTkzMDEtZGZhOTJhZDM4ZjdkXzEwMA==","","Fady Bahaii Seleem","https://www.linkedin.com/in/fadyseleem","Jaclyn Leaver","https://www.linkedin.com/in/jaclynleaver","2026-03-20 22:46:24 UTC","","Hi Jaclyn,
What is the listening tour?","INBOX",""
"2-NzU2ZjkwZmItZDAzNS00ODY0LTkzMDEtZGZhOTJhZDM4ZjdkXzEwMA==","","Jaclyn Leaver","https://www.linkedin.com/in/jaclynleaver","Fady Bahaii Seleem","https://www.linkedin.com/in/fadyseleem","2026-03-05 21:30:39 UTC","","👍","INBOX",""
"2-NzU2ZjkwZmItZDAzNS00ODY0LTkzMDEtZGZhOTJhZDM4ZjdkXzEwMA==","","Fady Bahaii Seleem","https://www.linkedin.com/in/fadyseleem","Jaclyn Leaver","https://www.linkedin.com/in/jaclynleaver","2026-03-05 21:30:33 UTC","","Thanks","INBOX",""
"2-NzU2ZjkwZmItZDAzNS00ODY0LTkzMDEtZGZhOTJhZDM4ZjdkXzEwMA==","","Jaclyn Leaver","https://www.linkedin.com/in/jaclynleaver","Fady Bahaii Seleem","https://www.linkedin.com/in/fadyseleem","2026-03-05 21:29:56 UTC","","Hi Fady,
Doing well, thanks. Hope you are feeling better. 

I didn't get your email but we should be doing what is included in the homework section of the M2 meeting found in our tracker here: https://docs.google.com/spreadsheets/d/1RgPrUOxjYSc0ZlFip10lrc6mWr0l4NmuZHzytERb98o/edit?gid=508734459#gid=508734459 

Hope that helps!","INBOX",""
"2-NzU2ZjkwZmItZDAzNS00ODY0LTkzMDEtZGZhOTJhZDM4ZjdkXzEwMA==","","Fady Bahaii Seleem","https://www.linkedin.com/in/fadyseleem","Jaclyn Leaver","https://www.linkedin.com/in/jaclynleaver","2026-03-05 19:52:47 UTC","","I also sent you an email yesterday regarding the same topic.","INBOX",""
"2-NzU2ZjkwZmItZDAzNS00ODY0LTkzMDEtZGZhOTJhZDM4ZjdkXzEwMA==","","Fady Bahaii Seleem","https://www.linkedin.com/in/fadyseleem","Jaclyn Leaver","https://www.linkedin.com/in/jaclynleaver","2026-03-05 19:52:17 UTC","","Hi Jaclyn
How are you doing today?
Do you have any recommendations or tasks for next Monday?","INBOX",""
"2-NzU2ZjkwZmItZDAzNS00ODY0LTkzMDEtZGZhOTJhZDM4ZjdkXzEwMA==","","Fady Bahaii Seleem","https://www.linkedin.com/in/fadyseleem","Jaclyn Leaver","https://www.linkedin.com/in/jaclynleaver","2026-02-17 17:00:13 UTC","","Likewise","INBOX",""
"2-NzU2ZjkwZmItZDAzNS00ODY0LTkzMDEtZGZhOTJhZDM4ZjdkXzEwMA==","","Jaclyn Leaver","https://www.linkedin.com/in/jaclynleaver","Fady Bahaii Seleem","https://www.linkedin.com/in/fadyseleem","2026-02-17 15:29:27 UTC","","Thanks, I see them.
 Looking forward to our first call!","INBOX",""
"2-NzU2ZjkwZmItZDAzNS00ODY0LTkzMDEtZGZhOTJhZDM4ZjdkXzEwMA==","","Fady Bahaii Seleem","https://www.linkedin.com/in/fadyseleem","Jaclyn Leaver","https://www.linkedin.com/in/jaclynleaver","2026-02-17 00:46:06 UTC","","Please check out our group conversation's recent messages here on LinkedIn soon, Jaclyn.","INBOX",""
"2-NzU2ZjkwZmItZDAzNS00ODY0LTkzMDEtZGZhOTJhZDM4ZjdkXzEwMA==","","Fady Bahaii Seleem","https://www.linkedin.com/in/fadyseleem","Jaclyn Leaver","https://www.linkedin.com/in/jaclynleaver","2026-02-14 19:41:00 UTC","","👍","INBOX",""
"2-NzU2ZjkwZmItZDAzNS00ODY0LTkzMDEtZGZhOTJhZDM4ZjdkXzEwMA==","","Jaclyn Leaver","https://www.linkedin.com/in/jaclynleaver","Fady Bahaii Seleem","https://www.linkedin.com/in/fadyseleem","2026-02-14 15:55:06 UTC","","Ruhaleaver@gmail.com","INBOX",""
"2-NzU2ZjkwZmItZDAzNS00ODY0LTkzMDEtZGZhOTJhZDM4ZjdkXzEwMA==","","Fady Bahaii Seleem","https://www.linkedin.com/in/fadyseleem","Jaclyn Leaver","https://www.linkedin.com/in/jaclynleaver","2026-02-14 03:14:34 UTC","","Would you mind writing down your email address here again for me, please?","INBOX",""
"2-NzU2ZjkwZmItZDAzNS00ODY0LTkzMDEtZGZhOTJhZDM4ZjdkXzEwMA==","","Jaclyn Leaver","https://www.linkedin.com/in/jaclynleaver","Fady Bahaii Seleem","https://www.linkedin.com/in/fadyseleem","2026-02-13 22:59:48 UTC","","Hi Fady, just chekcing in. I didn’t get added to our Slack group channel. ","INBOX",""
"2-NzU2ZjkwZmItZDAzNS00ODY0LTkzMDEtZGZhOTJhZDM4ZjdkXzEwMA==","","Fady Bahaii Seleem","https://www.linkedin.com/in/fadyseleem","Jaclyn Leaver","https://www.linkedin.com/in/jaclynleaver","2026-02-12 17:02:27 UTC","","Good luck!","INBOX",""
"2-NzU2ZjkwZmItZDAzNS00ODY0LTkzMDEtZGZhOTJhZDM4ZjdkXzEwMA==","","Jaclyn Leaver","https://www.linkedin.com/in/jaclynleaver","Fady Bahaii Seleem","https://www.linkedin.com/in/fadyseleem","2026-02-12 15:40:15 UTC","","Hi Fady, 

Thanks! I just joined. Appreciate you volunteering to be our moderator. Excited to get started!

Cheers,
Jaclyn","INBOX",""
"2-NzU2ZjkwZmItZDAzNS00ODY0LTkzMDEtZGZhOTJhZDM4ZjdkXzEwMA==","","Fady Bahaii Seleem","https://www.linkedin.com/in/fadyseleem","Jaclyn Leaver","https://www.linkedin.com/in/jaclynleaver","2026-02-12 15:35:59 UTC","","Hi Jaclyn,

I've been added to the NSA Slack community. 

Please use the link below to join:
https://neversearchalone.notion.site/Join-the-NSA-Slack-Community-135c9350eff5806b99fefbf3560f6841

Once you've joined, let me know!

Thanks,
Fady","INBOX",""
"2-ODc2ZjQzMDUtMTA1OS00ODM2LTk2YjctMzY3MWVjNmIyM2JkXzEwMA==","","Pete Fulford","https://www.linkedin.com/in/petefulford","Jaclyn Leaver","https://www.linkedin.com/in/jaclynleaver","2026-03-20 19:46:58 UTC","","Thanks for commenting on my post last week Jaclyn. Look forward to connecting. ","INBOX",""
"2-YTljN2JjYzctNGViYy00MDlhLWE1ODYtOGI1ZDI3ZTkzNmJkXzEwMA==","","Rulonda Fuller","https://www.linkedin.com/in/rulondafuller","Jaclyn Leaver","https://www.linkedin.com/in/jaclynleaver","2026-03-20 19:26:25 UTC","","Thank you dear! I hope you have a restful weekend!","INBOX",""
"2-YTljN2JjYzctNGViYy00MDlhLWE1ODYtOGI1ZDI3ZTkzNmJkXzEwMA==","","Jaclyn Leaver","https://www.linkedin.com/in/jaclynleaver","Rulonda Fuller","https://www.linkedin.com/in/rulondafuller","2026-03-20 19:06:38 UTC","","Hi Rulonda, Happy Friday! Sorry to hear you won't be able to move forward but totally understand. Hope you feel better soon and are able to update your website so you can transition to a new line of work. All the best!","INBOX",""
"2-YTljN2JjYzctNGViYy00MDlhLWE1ODYtOGI1ZDI3ZTkzNmJkXzEwMA==","","Rulonda Fuller","https://www.linkedin.com/in/rulondafuller","Jaclyn Leaver","https://www.linkedin.com/in/jaclynleaver","2026-03-20 18:32:46 UTC","","Hey Jaclyn,
Happy Friday! I hope you’re well. 

I’m have to back out of our contract. I’m getting hit with medical bills and I can’t afford your services right now. I’ll figure something out for the website. ","INBOX",""
"2-YTljN2JjYzctNGViYy00MDlhLWE1ODYtOGI1ZDI3ZTkzNmJkXzEwMA==","","Rulonda Fuller","https://www.linkedin.com/in/rulondafuller","Jaclyn Leaver","https://www.linkedin.com/in/jaclynleaver","2026-03-17 15:06:32 UTC","","Great!","INBOX",""
"2-YTljN2JjYzctNGViYy00MDlhLWE1ODYtOGI1ZDI3ZTkzNmJkXzEwMA==","","Jaclyn Leaver","https://www.linkedin.com/in/jaclynleaver","Rulonda Fuller","https://www.linkedin.com/in/rulondafuller","2026-03-17 14:31:54 UTC","","Good morning! I am available today at 2pm CT. I'll give you a call then.","INBOX",""
"2-YTljN2JjYzctNGViYy00MDlhLWE1ODYtOGI1ZDI3ZTkzNmJkXzEwMA==","","Rulonda Fuller","https://www.linkedin.com/in/rulondafuller","Jaclyn Leaver","https://www.linkedin.com/in/jaclynleaver","2026-03-17 12:47:02 UTC","","Good morning Jaclyn! 

I hope you're well today. I was reviewing my calendar last night and realized I have an appointment on Thursday 2pm Central. Are you available today @ 2pm?","INBOX",""
"2-YTljN2JjYzctNGViYy00MDlhLWE1ODYtOGI1ZDI3ZTkzNmJkXzEwMA==","","Rulonda Fuller","https://www.linkedin.com/in/rulondafuller","Jaclyn Leaver","https://www.linkedin.com/in/jaclynleaver","2026-03-16 22:54:42 UTC","","Me too! 🙂","INBOX",""
"2-YTljN2JjYzctNGViYy00MDlhLWE1ODYtOGI1ZDI3ZTkzNmJkXzEwMA==","","Jaclyn Leaver","https://www.linkedin.com/in/jaclynleaver","Rulonda Fuller","https://www.linkedin.com/in/rulondafuller","2026-03-16 22:54:26 UTC","","Amazing, I'll give you a call then. Really looking forward to learning more. So glad you reached out!","INBOX",""
"2-YTljN2JjYzctNGViYy00MDlhLWE1ODYtOGI1ZDI3ZTkzNmJkXzEwMA==","","Rulonda Fuller","https://www.linkedin.com/in/rulondafuller","Jaclyn Leaver","https://www.linkedin.com/in/jaclynleaver","2026-03-16 22:53:59 UTC","","Thursday will work ","INBOX",""
"2-YTljN2JjYzctNGViYy00MDlhLWE1ODYtOGI1ZDI3ZTkzNmJkXzEwMA==","","Jaclyn Leaver","https://www.linkedin.com/in/jaclynleaver","Rulonda Fuller","https://www.linkedin.com/in/rulondafuller","2026-03-16 22:50:43 UTC","","I'm not but I could do Thursday at 2:00pm Central Time","INBOX",""
"2-YTljN2JjYzctNGViYy00MDlhLWE1ODYtOGI1ZDI3ZTkzNmJkXzEwMA==","","Rulonda Fuller","https://www.linkedin.com/in/rulondafuller","Jaclyn Leaver","https://www.linkedin.com/in/jaclynleaver","2026-03-16 22:49:32 UTC","","Are you available Wednesday?","INBOX",""
"2-YTljN2JjYzctNGViYy00MDlhLWE1ODYtOGI1ZDI3ZTkzNmJkXzEwMA==","","Jaclyn Leaver","https://www.linkedin.com/in/jaclynleaver","Rulonda Fuller","https://www.linkedin.com/in/rulondafuller","2026-03-16 22:48:11 UTC","","Awesome! How's tomorrow at 2:00pm Central Time?","INBOX",""
"2-YTljN2JjYzctNGViYy00MDlhLWE1ODYtOGI1ZDI3ZTkzNmJkXzEwMA==","","Rulonda Fuller","https://www.linkedin.com/in/rulondafuller","Jaclyn Leaver","https://www.linkedin.com/in/jaclynleaver","2026-03-16 22:40:17 UTC","","Hey Jaclyn,

Sounds good! 

Here’s my number: 407-600-7001

When are you available for a chat?","INBOX",""
"2-YTljN2JjYzctNGViYy00MDlhLWE1ODYtOGI1ZDI3ZTkzNmJkXzEwMA==","","Jaclyn Leaver","https://www.linkedin.com/in/jaclynleaver","Rulonda Fuller","https://www.linkedin.com/in/rulondafuller","2026-03-16 22:27:23 UTC","","Hi Rulonda, it's so nice to meet you! 

Your site has a great foundation and Marina's feedback gives us a really clear direction to work from. The shift from ""I"" to ""you"" is exactly right. Authors visiting your site want to immediately see themselves in your work and understand how you can help them.

I'd love to help you with this. Here's what I'm thinking: a full rewrite of your 4 pages with author-focused messaging, clear service descriptions, your process and pricing, and a direct contact approach. I'd also make sure each page has a clear focal point so visitors know exactly where to look and what to do next.

For a project like this I'd charge a flat fee of $1,000, which includes one round of revisions after you see the first draft. Turnaround would be about one week from when we kick off.

If that works for you, I'd suggest we start with a quick 20-minute call so I can learn more about your editing services, your ideal clients, and what sets you apart. That will help me write copy that sounds like you but speaks directly to authors.

Would that work?

Cheers,
Jaclyn","INBOX",""
"2-YTljN2JjYzctNGViYy00MDlhLWE1ODYtOGI1ZDI3ZTkzNmJkXzEwMA==","","Rulonda Fuller","https://www.linkedin.com/in/rulondafuller","Jaclyn Leaver","https://www.linkedin.com/in/jaclynleaver","2026-03-16 22:18:58 UTC","","Can you help?","INBOX",""
"2-YTljN2JjYzctNGViYy00MDlhLWE1ODYtOGI1ZDI3ZTkzNmJkXzEwMA==","","Rulonda Fuller","https://www.linkedin.com/in/rulondafuller","Jaclyn Leaver","https://www.linkedin.com/in/jaclynleaver","2026-03-16 22:18:50 UTC","","Hi Jaclyn,

So, I have a blog and don’t have that much money for a new site for potential freelance clients (editing). My mentor told one of his colleagues about me and she has potential authors to send my way (maybe, once she sees my credentials she says). 

So I’ve been updating my blog to use as a website. 

https://wanderintruth.com

I’ve been updating it here and there and have 4 pages so far. I emailed Marina (the woman helping me) recently and she said this:

“HI Rulonda,

I see a significant improvement! I would keep polishing it and running it through ChatGPT for recommendations.

For example, it is focused on you - ""I..."" statements. But if you are pitching this page to authors, I would focus on them - ""Are you looking to bring your writing to the next level?"" 

Also, you do well to say what services you offer - your page doesn't answer all other questions though. I am wondering what you charge, how quickly you work, what kind of content you work on (i.e. I've ghostwritten a book from sermon mp3s), how I can contact you personally (I would not want to have to click a link to a generic contact page--better to give your email address for direct contact on this page).

ALso keep tweaking your formatting - the line about the name you publish under is very featured (to my eye) but it is not the focal point of your page so make sure your eye keeps going to the key items. Ask ChatGPT for help on this too.”

**

I don’t have a personal brand; all I have is my blog. I have more professional experience in editing than writing and, ironically, I don’t like talking about myself (in a marketing way which is probably why I have only 100 followers even though I’ve had the blog for almost a decade smh) 🙂 ","INBOX",""
"2-YTljN2JjYzctNGViYy00MDlhLWE1ODYtOGI1ZDI3ZTkzNmJkXzEwMA==","","Jaclyn Leaver","https://www.linkedin.com/in/jaclynleaver","Rulonda Fuller","https://www.linkedin.com/in/rulondafuller","2026-03-16 22:05:16 UTC","","Hey Rulonda! Thanks for asking. Before I throw out a number, I'd love to learn a little more about what you're working on.

A few quick questions:

- How many pages are you thinking? (Home, About, Services, Contact is a pretty common starting point)

- Do you have any existing copy, or are we starting from scratch?

- What's the site for? Your freelance work, a side project, something else?

Once I have a sense of the scope I can give you a real answer instead of a guess.","INBOX",""
"2-ZmY0MGZjNDgtMDU2OS00YWZjLWEyYWMtZTU0NzgxOGU4MDU5XzEwMA==","","Jaclyn Leaver","https://www.linkedin.com/in/jaclynleaver","Eva Sundgrenz, PMP, CAL, CSM","https://www.linkedin.com/in/esundgrenz","2026-03-20 17:20:08 UTC","","Hi Eva, great to connect! That was an incredible session. I learned so much. I love the framing that an LI profile is really a demand gen engine.","INBOX",""
"2-ZmY0MGZjNDgtMDU2OS00YWZjLWEyYWMtZTU0NzgxOGU4MDU5XzEwMA==","","Eva Sundgrenz, PMP, CAL, CSM","https://www.linkedin.com/in/esundgrenz","Jaclyn Leaver","https://www.linkedin.com/in/jaclynleaver","2026-03-20 17:19:25 UTC","","Hello,  I'd love to connect with you; what a great Never Search Alone web meeting!
Best, Eva","INBOX",""
"2-NjE1YTc2YzYtMTc0OC00NmI0LTkwZmMtN2RkZDRmYWYxOTgzXzEwMA==","","Adam Belmont","https://www.linkedin.com/in/adambelmont","Jaclyn Leaver","https://www.linkedin.com/in/jaclynleaver","2026-03-20 11:59:06 UTC","","Hi Jaclyn! Thanks for reacting to a recent post of mine. Would love to connect on this crazy place if you're game so I get to see your posts pop up too! And just make our world a tiny bit smaller...","INBOX",""
"2-MmM3MzIzNjgtMzUzYi00MzY2LThlYzAtNjNmZDA1NjZhMTI5XzEwMA==","","Jaclyn Leaver","https://www.linkedin.com/in/jaclynleaver","Robyn Shepherd","https://www.linkedin.com/in/robyn-shepherd","2026-03-20 08:48:52 UTC","","Hi Robyn, saw your note about wanting to connect with copywriters. I'm a content strategist and copywriter with 10+ years of experience working mostly with startups and small businesses on brand voice, web copy, content systems, and conversion-focused writing. ","INBOX",""
"2-MDgyZjdhYmMtMDY5My00MjhjLWI3NTktODYzYTFjYzU3NjEyXzEwMA==","","Jaclyn Leaver","https://www.linkedin.com/in/jaclynleaver","Danielle Richards ","https://www.linkedin.com/in/danielle-richards-651683175","2026-03-19 19:30:16 UTC","Application: Sr Content Designer, UX ","Hi Danielle, I just applied for the UX Content Designer role on the Digital Customer Experience team and wanted to put a name to the application.

A few reasons I think I'd be a strong fit:

· 10+ years embedded in product and design teams, writing microcopy, building content systems, and partnering with designers and PMs in Figma and Agile environments
· Built voice and tone frameworks and content governance standards from scratch, most recently at a tech startup, previously for a globally distributed program at UC Berkeley
· Direct experience with AI-assisted interface content, including prompt architecture for AI-driven tools

I'm based in Dallas and if there's anything helpful I can share as you're reviewing candidates, I'm happy to do that. Thanks so much for your time.

Cheers,
Jaclyn","INBOX",""
"2-OTcwZmViMjgtMjExMC01N2FiLThhMmYtOWU5YjE4YzdlMDI1XzAwMA==","","Jill Morris-Cordes","https://www.linkedin.com/in/jill-morris-cordes-8b4004a7","Jaclyn Leaver","https://www.linkedin.com/in/jaclynleaver","2026-03-19 17:46:51 UTC","","I’m so sorry to hear that.  I thought you were so happy.  Divorce sucks but sometimes it is the best thing ever.  It was for me.  And who knew I’d find the love of my life at 50!?  Just want you to be happy happy happy and Texas is the place for that!","INBOX",""
"2-OTcwZmViMjgtMjExMC01N2FiLThhMmYtOWU5YjE4YzdlMDI1XzAwMA==","","Jaclyn Leaver","https://www.linkedin.com/in/jaclynleaver","Jill Morris-Cordes","https://www.linkedin.com/in/jill-morris-cordes-8b4004a7","2026-03-19 17:05:36 UTC","","Amazing, let me know next time you come to Dallas! I actually just got divorced and that's why I moved to Texas. To be closer to my brother. It was the BEST decision of my life. So it's a wonderful single life now. ;) 

Oh wow, that's incredible! Thank you so much for passing along my information to your boss. I hope to hear from her soon. I appreciate you giving her rave reviews and asking her to pass along my information too!! You are the best!!","INBOX",""
"2-OTcwZmViMjgtMjExMC01N2FiLThhMmYtOWU5YjE4YzdlMDI1XzAwMA==","","Jill Morris-Cordes","https://www.linkedin.com/in/jill-morris-cordes-8b4004a7","Jaclyn Leaver","https://www.linkedin.com/in/jaclynleaver","2026-03-19 15:17:42 UTC","","I sent your website to my boss and she got all excited.  You may be hearing from her.  She is the CEO and her name is Robin Raney.  I gave you rave reviews :)  I also asked her to pass along your website to others, especially in our non-profit world because our message is EVERYTHING!","INBOX",""
"2-OTcwZmViMjgtMjExMC01N2FiLThhMmYtOWU5YjE4YzdlMDI1XzAwMA==","","Jill Morris-Cordes","https://www.linkedin.com/in/jill-morris-cordes-8b4004a7","Jaclyn Leaver","https://www.linkedin.com/in/jaclynleaver","2026-03-19 15:02:23 UTC","","Very rarely, but sometimes I do.  I'll be sure to let you know when I'm planning to come that way again.  It's so great to see you happily married and having a wonderful life.","INBOX",""
"2-OTcwZmViMjgtMjExMC01N2FiLThhMmYtOWU5YjE4YzdlMDI1XzAwMA==","","Jaclyn Leaver","https://www.linkedin.com/in/jaclynleaver","Jill Morris-Cordes","https://www.linkedin.com/in/jill-morris-cordes-8b4004a7","2026-03-16 22:51:41 UTC","","Do you ever come to Dallas?","INBOX",""
"2-OTcwZmViMjgtMjExMC01N2FiLThhMmYtOWU5YjE4YzdlMDI1XzAwMA==","","Jaclyn Leaver","https://www.linkedin.com/in/jaclynleaver","Jill Morris-Cordes","https://www.linkedin.com/in/jill-morris-cordes-8b4004a7","2026-03-16 22:50:23 UTC","","I miss you too! I was just thinking about you the other day. I was listening to a podcast and they were discussing epidemiology and I immediately thought of you and Dr. Lee! What a fun time it was to work with you.","INBOX",""
"2-OTcwZmViMjgtMjExMC01N2FiLThhMmYtOWU5YjE4YzdlMDI1XzAwMA==","","Jill Morris-Cordes","https://www.linkedin.com/in/jill-morris-cordes-8b4004a7","Jaclyn Leaver","https://www.linkedin.com/in/jaclynleaver","2026-03-16 22:49:39 UTC","","I miss your beautiful face!","INBOX",""
"2-OTcwZmViMjgtMjExMC01N2FiLThhMmYtOWU5YjE4YzdlMDI1XzAwMA==","","Jill Morris-Cordes","https://www.linkedin.com/in/jill-morris-cordes-8b4004a7","Jaclyn Leaver","https://www.linkedin.com/in/jaclynleaver","2026-03-16 22:49:29 UTC","","It's my pleasure","INBOX",""
"2-OTcwZmViMjgtMjExMC01N2FiLThhMmYtOWU5YjE4YzdlMDI1XzAwMA==","","Jaclyn Leaver","https://www.linkedin.com/in/jaclynleaver","Jill Morris-Cordes","https://www.linkedin.com/in/jill-morris-cordes-8b4004a7","2026-03-16 22:49:11 UTC","","You're so kind, thanks so much!!","INBOX",""
"2-OTcwZmViMjgtMjExMC01N2FiLThhMmYtOWU5YjE4YzdlMDI1XzAwMA==","","Jill Morris-Cordes","https://www.linkedin.com/in/jill-morris-cordes-8b4004a7","Jaclyn Leaver","https://www.linkedin.com/in/jaclynleaver","2026-03-16 22:48:56 UTC","","Let me do some asking around.  And I’ll tell my boss about you as well, she is well connected.  I would be more than happy to recommend you to anyone that is looking for these services!","INBOX",""
"2-OTcwZmViMjgtMjExMC01N2FiLThhMmYtOWU5YjE4YzdlMDI1XzAwMA==","","Jaclyn Leaver","https://www.linkedin.com/in/jaclynleaver","Jill Morris-Cordes","https://www.linkedin.com/in/jill-morris-cordes-8b4004a7","2026-03-16 22:48:56 UTC","","Hi! How's it going?","INBOX",""
"2-OTcwZmViMjgtMjExMC01N2FiLThhMmYtOWU5YjE4YzdlMDI1XzAwMA==","","Jill Morris-Cordes","https://www.linkedin.com/in/jill-morris-cordes-8b4004a7","Jaclyn Leaver","https://www.linkedin.com/in/jaclynleaver","2026-03-16 22:47:31 UTC","","Hi, Jaclyn","INBOX",""
"2-OTcwZmViMjgtMjExMC01N2FiLThhMmYtOWU5YjE4YzdlMDI1XzAwMA==","","Jaclyn Leaver","https://www.linkedin.com/in/jaclynleaver","Jill Morris-Cordes","https://www.linkedin.com/in/jill-morris-cordes-8b4004a7","2026-03-16 22:44:32 UTC","","Hi Jill, hope you're doing well! It's been a ridiculously long time and I've been meaning to reconnect. I recently moved to Dallas after many years in California. Do you ever come this way? I'd love to see you! 

Also, I'm exploring what's next after wrapping up my role as Head of Content at a career tech startup, and wanted to reach out personally. I have about ten years of experience in content strategy, UX writing, and content leadership across tech, healthcare, and higher education.

I'm looking in two directions right now. On the job search side, I'm focused on head of content, content strategy leadership, or content design and UX writing roles, primarily in tech but open to the right opportunity anywhere. On the consulting side, I run Spellwell Creative, my content strategy consultancy, and am actively growing my client roster. I'd love an introduction to anyone navigating how to communicate what they do, whether that's a founder, a marketing lead, or a team ready to level up their content.

If anything comes to mind on either front, or if you'd be open to a quick catch-up, I'd really appreciate it.

Cheers,
Jaclyn","INBOX",""
"2-OTcwZmViMjgtMjExMC01N2FiLThhMmYtOWU5YjE4YzdlMDI1XzAwMA==","","Jill Morris-Cordes","https://www.linkedin.com/in/jill-morris-cordes-8b4004a7","Jaclyn Leaver","https://www.linkedin.com/in/jaclynleaver","2017-06-30 14:58:36 UTC","","Thanks sweetie!  Love you!","INBOX",""
"2-OTcwZmViMjgtMjExMC01N2FiLThhMmYtOWU5YjE4YzdlMDI1XzAwMA==","","Jaclyn Leaver","https://www.linkedin.com/in/jaclynleaver","Jill Morris-Cordes","https://www.linkedin.com/in/jill-morris-cordes-8b4004a7","2017-06-30 14:42:42 UTC","","Congrats on the new job!","INBOX",""
"2-OTcwZmViMjgtMjExMC01N2FiLThhMmYtOWU5YjE4YzdlMDI1XzAwMA==","","Jaclyn Leaver","https://www.linkedin.com/in/jaclynleaver","Jill Morris-Cordes","https://www.linkedin.com/in/jill-morris-cordes-8b4004a7","2016-04-05 16:07:18 UTC","","Thanks, Jill! Hope you are doing well too! Miss you bunches. ","INBOX",""
"2-OTcwZmViMjgtMjExMC01N2FiLThhMmYtOWU5YjE4YzdlMDI1XzAwMA==","","Jill Morris-Cordes","https://www.linkedin.com/in/jill-morris-cordes-8b4004a7","Jaclyn Leaver","https://www.linkedin.com/in/jaclynleaver","2016-04-05 15:31:36 UTC","","Congrats on the anniversary! Hope you're doing well.  Miss you!","INBOX",""
"2-YmMwOTM1NWQtM2Y0My00OGEwLThiYWMtOTRmYzU0NDlmYWRmXzEwMA==","","Jaclyn Leaver","https://www.linkedin.com/in/jaclynleaver","Estee Eliasoph","https://www.linkedin.com/in/estee-eliasoph-7a866a2","2026-03-19 14:51:05 UTC","","Hi Estee! 

Great to hear back from you and to learn that you are doing important work at Airbnb. How fun! I appreciate the recommendation offer and will take a look at the roles there. Hope all is well and if you hear of anything else that might be relevant, please pass it along. 

Hope you are enjoying your Thursday!","INBOX",""
"2-YmMwOTM1NWQtM2Y0My00OGEwLThiYWMtOTRmYzU0NDlmYWRmXzEwMA==","","Estee Eliasoph","https://www.linkedin.com/in/estee-eliasoph-7a866a2","Jaclyn Leaver","https://www.linkedin.com/in/jaclynleaver","2026-03-18 21:56:31 UTC","","I do not focus on resourcing anymore, but always happy to pass along your name should a role pop up. I’m at Airbnb working as a design program manager these days. I know we are looking for UX writers to join the team, so if you see a role on the website that  you are interested in, please let me know and I’d be happy to write a recommendation for you!","INBOX",""
"2-YmMwOTM1NWQtM2Y0My00OGEwLThiYWMtOTRmYzU0NDlmYWRmXzEwMA==","","Estee Eliasoph","https://www.linkedin.com/in/estee-eliasoph-7a866a2","Jaclyn Leaver","https://www.linkedin.com/in/jaclynleaver","2026-03-18 21:55:13 UTC","","Hi Jaclyn, lovely to hear from you! ","INBOX",""
"2-YmMwOTM1NWQtM2Y0My00OGEwLThiYWMtOTRmYzU0NDlmYWRmXzEwMA==","","Jaclyn Leaver","https://www.linkedin.com/in/jaclynleaver","Estee Eliasoph","https://www.linkedin.com/in/estee-eliasoph-7a866a2","2026-03-16 22:37:54 UTC","","Hi Estee, hope you're doing well! I don't know if you remember me but I was a writing contractor that worked with you during your time at IDEO. It's been a while and I've been meaning to reconnect.

I'm exploring what's next after wrapping up my role as Head of Content at a career tech startup, and wanted to reach out personally. I have about ten years of experience in content strategy, UX writing, and content leadership across tech, healthcare, and higher education.

I'm looking in two directions right now. On the job search side, I'm focused on head of content, content strategy leadership, or content design and UX writing roles, primarily in tech but open to the right opportunity anywhere. On the consulting side, I run Spellwell Creative, my content strategy consultancy, and am actively growing my client roster. I'd love an introduction to anyone navigating how to communicate what they do, whether that's a founder, a marketing lead, or a team ready to level up their content.

If anything comes to mind on either front, or if you'd be open to a quick catch-up, I'd really appreciate it.

Cheers,
Jaclyn","INBOX",""
"2-MzJiYmZiYzEtYjcwOC00YzM2LTk0YjAtODk1NDc5ZGIwNWJlXzEwMA==","","Jaclyn Leaver","https://www.linkedin.com/in/jaclynleaver","Amy Wang","https://www.linkedin.com/in/aliasamy","2026-03-18 18:44:05 UTC","","Amy, thanks so much for responding and being willing to think about any opportunities that might be right for me. Look forward to hearing from you again soon and hope you're still bird watching! I've been enjoying all the robins in my neighborhood singing their little hearts out on the tops of all the trees.","INBOX",""
"2-MzJiYmZiYzEtYjcwOC00YzM2LTk0YjAtODk1NDc5ZGIwNWJlXzEwMA==","","Amy Wang","https://www.linkedin.com/in/aliasamy","Jaclyn Leaver","https://www.linkedin.com/in/jaclynleaver","2026-03-18 18:33:55 UTC","","Jaclyn, good to hear from you! I'd love to be able to connect you to some opportunities; let me see if something comes to mind and I'll reach out. Be well.","INBOX",""
"2-MzJiYmZiYzEtYjcwOC00YzM2LTk0YjAtODk1NDc5ZGIwNWJlXzEwMA==","","Jaclyn Leaver","https://www.linkedin.com/in/jaclynleaver","Amy Wang","https://www.linkedin.com/in/aliasamy","2026-03-16 22:33:03 UTC","","Hi Amy, hope you're doing well! It's been a while and I've been meaning to reconnect.

I'm exploring what's next after wrapping up my role as Head of Content at a career tech startup, and wanted to reach out personally. I have about ten years of experience in content strategy, UX writing, and content leadership across tech, healthcare, and higher education.

I'm looking in two directions right now. On the job search side, I'm focused on head of content, content strategy leadership, or content design and UX writing roles, primarily in tech but open to the right opportunity anywhere. On the consulting side, I run Spellwell Creative, my content strategy consultancy, and am actively growing my client roster. I'd love an introduction to anyone navigating how to communicate what they do, whether that's a founder, a marketing lead, or a team ready to level up their content.

If anything comes to mind on either front, or if you'd be open to a quick catch-up, I'd really appreciate it.

Cheers,
Jaclyn","INBOX",""
"2-OTU4Yzc5OWQtZDkyMy00YTUyLWI5ZjAtMjUzNjE4NTZhNDdhXzEwMA==","","Jaclyn Leaver","https://www.linkedin.com/in/jaclynleaver","Lisa Virtue","https://www.linkedin.com/in/lisavirtue","2026-03-18 15:40:31 UTC","","Hi Lisa, 

Thank you so much! I'd love to find some time to chat. I'll add something to your calendar. 

Hope you are doing well!

Cheers,
Jaclyn","INBOX",""
"2-OTU4Yzc5OWQtZDkyMy00YTUyLWI5ZjAtMjUzNjE4NTZhNDdhXzEwMA==","","Lisa Virtue","https://www.linkedin.com/in/lisavirtue","Jaclyn Leaver","https://www.linkedin.com/in/jaclynleaver","2026-03-18 15:05:42 UTC","","Hi Jaclyn,

Lovely to hear from you! I will keep my eyes and ears out. 

I would love to catch up. I am about to head to an intensive so would beginning of April work?

Here is my virtual coffee calendar. 

https://calendly.com/lisavirtue/25-minute","INBOX",""
"2-OTU4Yzc5OWQtZDkyMy00YTUyLWI5ZjAtMjUzNjE4NTZhNDdhXzEwMA==","","Jaclyn Leaver","https://www.linkedin.com/in/jaclynleaver","Lisa Virtue","https://www.linkedin.com/in/lisavirtue","2026-03-16 22:32:07 UTC","","Hi Lisa, hope you're doing well! It's been a while and I've been meaning to reconnect.

I'm exploring what's next after wrapping up my role as Head of Content at myTrudy, and wanted to reach out. I have about ten years of experience in content strategy, UX writing, and content leadership across tech, healthcare, and higher education.

I'm looking in two directions right now. On the job search side, I'm focused on head of content, content strategy leadership, or content design and UX writing roles, primarily in tech but open to the right opportunity anywhere. On the consulting side, I run Spellwell Creative, my content strategy consultancy, and am actively growing my client roster. I'd love an introduction to anyone navigating how to communicate what they do, whether that's a founder, a marketing lead, or a team ready to level up their content.

If anything comes to mind on either front, or if you'd be open to a quick catch-up, I'd really appreciate it.

Cheers,
Jaclyn","INBOX",""
"2-MGI5MmU3OGQtNjFhMC00OWM3LWE2OGItNWM0NTU4MjcyYmEzXzEwMA==","","Denise Burchell","https://www.linkedin.com/in/deniseburchell","Jaclyn Leaver","https://www.linkedin.com/in/jaclynleaver","2026-03-18 15:16:47 UTC","","Thanks, Jaclyn","INBOX",""
"2-MGI5MmU3OGQtNjFhMC00OWM3LWE2OGItNWM0NTU4MjcyYmEzXzEwMA==","","Jaclyn Leaver","https://www.linkedin.com/in/jaclynleaver","Denise Burchell","https://www.linkedin.com/in/deniseburchell","2026-03-17 14:39:57 UTC","","Hi Denise, 

Thanks for your message. Your work at Docusign sounds very interesting! I hope it's going well. 

I will certainly be on the lookout for relevant opportunities that I can pass along to you and really appreciate you doing the same. 

It is a tough market out there to be sure! I'm trying to stay positive. Hope you are too!

Take good care,
Jaclyn","INBOX",""
"2-MGI5MmU3OGQtNjFhMC00OWM3LWE2OGItNWM0NTU4MjcyYmEzXzEwMA==","","Denise Burchell","https://www.linkedin.com/in/deniseburchell","Jaclyn Leaver","https://www.linkedin.com/in/jaclynleaver","2026-03-17 04:13:17 UTC","","Hi Jaclyn, of course I remember you! I hope all is well in your world. I really wish I was in a position to hire you now, but I am still not. I'm in a weird career experiment at the moment, at Docusign, working on engagement and collaboration for their global, hybrid workforce. It's odd to be outside of the design org, but life is weird sometimes.
 
I will keep an eye open for opportunities that might suit you. Could you please do the same for me? I am ready to lead a design team again, to get deeper into strategy in the era of AI, and to leverage what I've learned about engaging employees to be the best leader I can be.
 
It's a tough market out there right now, even for people with significant skills and talents like you! Keep at it, though, and I'm sure you'll land in a great spot. Say hi to Sina for me!
 
-Denise","INBOX",""
"2-MGI5MmU3OGQtNjFhMC00OWM3LWE2OGItNWM0NTU4MjcyYmEzXzEwMA==","","Jaclyn Leaver","https://www.linkedin.com/in/jaclynleaver","Denise Burchell","https://www.linkedin.com/in/deniseburchell","2026-03-16 22:41:58 UTC","","Hi Denise, hope you're doing well! I don't know if you remember me but I interviewed with you to join the design team when you were at Salesforce. I didn't get the job and I think shortly thereafter the whole team was let go, but I remember really enjoying our conversation. I left that interview wishing I would have the chance to collaborate with you in some way! It's been a while and I've been meaning to reconnect.

I'm exploring what's next after wrapping up my role as Head of Content at a career tech startup, and wanted to reach out personally. I have about ten years of experience in content strategy, UX writing, and content leadership across tech, healthcare, and higher education.

I'm looking in two directions right now. On the job search side, I'm focused on head of content, content strategy leadership, or content design and UX writing roles, primarily in tech but open to the right opportunity anywhere. On the consulting side, I run Spellwell Creative, my content strategy consultancy, and am actively growing my client roster. I'd love an introduction to anyone navigating how to communicate what they do, whether that's a founder, a marketing lead, or a team ready to level up their content.

If anything comes to mind on either front, or if you'd be open to a quick catch-up, I'd really appreciate it.

Cheers,
Jaclyn","INBOX",""
"2-YjVjZDBiNDItOTMyYS00MzY2LThiYWItN2MzM2I5MGQ4ODg4XzEwMA==","","Jaclyn Leaver","https://www.linkedin.com/in/jaclynleaver","Kimon Drakopoulos","https://www.linkedin.com/in/kimon-drakopoulos-a5663341","2026-03-18 12:51:15 UTC","","Hi Kimon, 

Sending you a connection request because I didn't realize we weren't already connected! Hope all is going well for you. 

Cheers,
Jaclyn ","INBOX",""
"2-ZDNkZTE3MzQtNDE1MS00ZDYwLThmYzgtMDEwNjJiODIxN2FkXzEwMA==","","Jaclyn Leaver","https://www.linkedin.com/in/jaclynleaver","Joshua Bailey","https://www.linkedin.com/in/tavusio","2026-03-17 22:52:53 UTC","","Do you guys need any content help at Tavus?","INBOX",""
"2-ZDNkZTE3MzQtNDE1MS00ZDYwLThmYzgtMDEwNjJiODIxN2FkXzEwMA==","","Jaclyn Leaver","https://www.linkedin.com/in/jaclynleaver","Joshua Bailey","https://www.linkedin.com/in/tavusio","2026-03-17 20:56:45 UTC","","Safe to say you're kinda busy? ;) I work with startups and emerging brands to get their messaging right. Everything from embedding with teams as a Fractional Head of Content to building a content strategy to writing website copy and overseeing content marketing. It's a lot of fun!","INBOX",""
"2-ZDNkZTE3MzQtNDE1MS00ZDYwLThmYzgtMDEwNjJiODIxN2FkXzEwMA==","","Joshua Bailey","https://www.linkedin.com/in/tavusio","Jaclyn Leaver","https://www.linkedin.com/in/jaclynleaver","2026-03-17 20:24:53 UTC","","All good over here! Just building some wild tech, trying to make some noise in the real-time AI space lol. 

Working on anything fun yourself?? ","INBOX",""
"2-ZDNkZTE3MzQtNDE1MS00ZDYwLThmYzgtMDEwNjJiODIxN2FkXzEwMA==","","Jaclyn Leaver","https://www.linkedin.com/in/jaclynleaver","Joshua Bailey","https://www.linkedin.com/in/tavusio","2026-03-17 19:31:19 UTC","","Thanks, Joshua! It's going well. How about you?","INBOX",""
"2-ZDNkZTE3MzQtNDE1MS00ZDYwLThmYzgtMDEwNjJiODIxN2FkXzEwMA==","","Joshua Bailey","https://www.linkedin.com/in/tavusio","Jaclyn Leaver","https://www.linkedin.com/in/jaclynleaver","2026-03-17 19:14:34 UTC","","I appreciatee the connect Jaclyn! How's it going?? :)","INBOX",""
"2-YTY3Yzk2NDgtNmRjNy00OWFjLWEzOTEtZmMwZDQzZjI3ZWI4XzEwMA==","","Jaclyn Leaver","https://www.linkedin.com/in/jaclynleaver","Deborah Darcis","https://www.linkedin.com/in/deborah-darcis-70b97238","2026-03-17 20:07:05 UTC","","Hi Deborah! I've been following your content and appreciate how you talk about hiring for early-stage companies. I do content strategy and UX writing for startups and would love to connect.","INBOX",""
"2-Y2EyNjQ3YmYtYzI2Zi00NmIzLWExOTMtYjdmMGZlZmZiODA3XzEwMA==","","Jaclyn Leaver","https://www.linkedin.com/in/jaclynleaver","Howard Seidman","https://www.linkedin.com/in/howard-seidman-writer-communicator","2026-03-17 17:10:52 UTC","","Sounds like you are on the right track! Best of luck.","INBOX",""
"2-Y2EyNjQ3YmYtYzI2Zi00NmIzLWExOTMtYjdmMGZlZmZiODA3XzEwMA==","","Howard Seidman","https://www.linkedin.com/in/howard-seidman-writer-communicator","Jaclyn Leaver","https://www.linkedin.com/in/jaclynleaver","2026-03-17 15:19:27 UTC","","Thanks for this, Jaclyn. I really appreciate it. 

There are a few things you’ve mentioned that I’m doing. When I get a chance I might detail some of them a bit more. 

One thing I can say is that I think I’ve kept my direction pretty simple. I state that you are not rewriting your content, just verify that your info is correct, the links you’ve posted are still valid, and that if your program has change or has additional info, please add it to the document. Bullets are fine. I’ve even attached a PowerPoint presentation to each email as a how-to guide to working with their content and how to use the “Track Changes” tool in word. (Too much?)

Anyway, hope to share a few more things as I get the chance. 

Hope you’re doing well,

——Howard ","INBOX",""
"2-Y2EyNjQ3YmYtYzI2Zi00NmIzLWExOTMtYjdmMGZlZmZiODA3XzEwMA==","","Jaclyn Leaver","https://www.linkedin.com/in/jaclynleaver","Howard Seidman","https://www.linkedin.com/in/howard-seidman-writer-communicator","2026-03-16 00:23:02 UTC","","Hi Howard,

Thanks for reaching out. Wow, sounds like you have quite a task on your hands! 

I don’t know of any LinkedIn groups on this topic but I am part of two Slack channels – WriterHangout and Top of the Funnel – that you can join for free where you might be able to get some insights from other writers about this. 

I used to work in academia, so I know trying to get SMEs (aka academics) to do anything is like herding a bunch of cats. A few pieces of advice that I have used in the past that might be helpful (likely things you’re already doing)…

- Create a very clear system for the workflow that is distilled into as few steps as possible
- Use that workflow every single time, so it becomes a systematic review 
- Try asking SMEs for very specific feedback about their content rather than a general review and keep those asks very short and upfront in the requests you send 
- Give deadlines that say something to the effect of “Please respond with any updates by [DATE]. If I don’t hear from you, I will assume that you are happy with the content as it is today.” Giving them an out to not respond and you to be able to move forward has worked very well for me in the past. It actually makes people respond (somewhat counterintuitive). 
- I don’t know your process, but if it’s possible, I would update the content on your own and get feedback on the new content with a deadline request like the one outlined above. This narrows down the number of times you have to go to the SME for feedback. 

Ok, that’s all I can think of at the moment. I don’t know if you need any actual writing help or strategy assistance to think through how to rework the existing content, but I do have some bandwidth if you’re looking for another person to come on board to assist. Just let me know!

Best of luck,
Jaclyn","INBOX",""
"2-Y2EyNjQ3YmYtYzI2Zi00NmIzLWExOTMtYjdmMGZlZmZiODA3XzEwMA==","","Howard Seidman","https://www.linkedin.com/in/howard-seidman-writer-communicator","Jaclyn Leaver","https://www.linkedin.com/in/jaclynleaver","2026-03-15 20:08:13 UTC","Saw Your Post About ""Botched"" Content","Hi Jaclyn,
I saw your post about how you had to fix the ""botched"" content of a previous writer on a website project. I can relate quite a bit.
 I'm currently employed at Mercer County College in West Windsor, NJ and the job of migrating and rewriting all content has largely fallen on me. I've done similar projects for Rutgers University and Rutgers Health (an academically-based health system created out of several Rutgers U. med schools and med practices) but this project is way more challenging than those.
 I don't want to take up too much of your time, but I was wondering if you know of groups on LinkedIn or other platforms where I could pick people's brains about best practices for content migration and rewriting. Because of the academic environment of my current workplace, I believe I've been dragged in workflow directions that are unnecessary and are creating months of extra work.
In the past, I've dealt with audiences who take ownership of their content and were either able to express their content revisions themselves or designate a staff member who could assist in the process. Here - I'm having to deal with about 200 subject matter experts, maybe 10% of which have responded to calls to review their current content. Its a nightmare! 
 So, any advice or direction you could provide would be greatly appreciated!
 Thanks and hope you're doing well,
 ----Howard Seidman","INBOX",""
"2-ZDVmMTQyYzYtMGEwZC00ODgyLTkyODAtMTQ1MGNiNmIwNjEyXzEwMA==","","Jaclyn Leaver","https://www.linkedin.com/in/jaclynleaver","Mahek Kakadiya","https://www.linkedin.com/in/mahek-kakadiya-82653a245","2026-03-17 17:08:59 UTC","","Hi Mahek,

Responding to your hiring freelance content writers post. Please see the requested information below.

Portfolio: https://jaclynleaver.com/ (Password: JaclynLeaver2026)

Available: March 23

Rate is flexible depending on scope and volume. 

Thanks,
Jaclyn","INBOX",""
"2-ZmQ2MTNlYjAtY2QxNS00ZTU5LTk3NTQtZDFkOWFiODY0NGM3XzEwMA==","","Jaclyn Leaver","https://www.linkedin.com/in/jaclynleaver","Lauren Wilbanks","https://www.linkedin.com/in/lauren-wilbanks-4227489","2026-03-16 22:38:55 UTC","","Hi Lauren, hope you're doing well! It's been a while and I've been meaning to reconnect.

I'm exploring what's next after wrapping up my role as Head of Content at a career tech startup, and wanted to reach out personally. I have about ten years of experience in content strategy, UX writing, and content leadership across tech, healthcare, and higher education.

I'm looking in two directions right now. On the job search side, I'm focused on head of content, content strategy leadership, or content design and UX writing roles, primarily in tech but open to the right opportunity anywhere. On the consulting side, I run Spellwell Creative, my content strategy consultancy, and am actively growing my client roster. I'd love an introduction to anyone navigating how to communicate what they do, whether that's a founder, a marketing lead, or a team ready to level up their content.

If anything comes to mind on either front, or if you'd be open to a quick catch-up, I'd really appreciate it.

Cheers,
Jaclyn","INBOX",""
"2-MDc4YTFhNTQtNTBlZi00Mzc1LTk4NGItOGFjM2RiZjE2Yjk0XzEwMA==","","Jaclyn Leaver","https://www.linkedin.com/in/jaclynleaver","Rahmin Bender-Salazar","https://www.linkedin.com/in/rsbender","2026-03-16 22:34:59 UTC","","Hi Rahmin, hope you're doing well! It's been a while and I've been meaning to reconnect.

I'm exploring what's next after wrapping up my role as Head of Content at a career tech startup, and wanted to reach out personally. I have about ten years of experience in content strategy, UX writing, and content leadership across tech, healthcare, and higher education.

I'm looking in two directions right now. On the job search side, I'm focused on head of content, content strategy leadership, or content design and UX writing roles, primarily in tech but open to the right opportunity anywhere. On the consulting side, I run Spellwell Creative, my content strategy consultancy, and am actively growing my client roster. I'd love an introduction to anyone navigating how to communicate what they do, whether that's a founder, a marketing lead, or a team ready to level up their content.

If anything comes to mind on either front, or if you'd be open to a quick catch-up, I'd really appreciate it.

Cheers,
Jaclyn","INBOX",""
"2-YTM4M2ZhMDUtNGM5Ny00YWVhLTlkYjktYjJkZDk3YWRiNTg1XzAxMA==","","Jaclyn Leaver","https://www.linkedin.com/in/jaclynleaver","Sandra Hwang, MSPH","https://www.linkedin.com/in/sandrahwang","2026-03-16 22:34:13 UTC","","Hi Sandra hope you're doing well! It's been a while and I've been meaning to reconnect. How's your sweet baby doing?!

I'm exploring what's next after wrapping up my role as Head of Content at a career tech startup, and wanted to reach out personally. I have about ten years of experience in content strategy, UX writing, and content leadership across tech, healthcare, and higher education.

I'm looking in two directions right now. On the job search side, I'm focused on head of content, content strategy leadership, or content design and UX writing roles, primarily in tech but open to the right opportunity anywhere. On the consulting side, I run Spellwell Creative, my content strategy consultancy, and am actively growing my client roster. I'd love an introduction to anyone navigating how to communicate what they do, whether that's a founder, a marketing lead, or a team ready to level up their content.

If anything comes to mind on either front, or if you'd be open to a quick catch-up, I'd really appreciate it.

Cheers,
Jaclyn","INBOX",""
"2-YTM4M2ZhMDUtNGM5Ny00YWVhLTlkYjktYjJkZDk3YWRiNTg1XzAxMA==","","Sandra Hwang, MSPH","https://www.linkedin.com/in/sandrahwang","Jaclyn Leaver","https://www.linkedin.com/in/jaclynleaver","2024-04-16 14:25:51 UTC","","Of COURSE <3","INBOX",""
"2-YTM4M2ZhMDUtNGM5Ny00YWVhLTlkYjktYjJkZDk3YWRiNTg1XzAxMA==","","Jaclyn Leaver","https://www.linkedin.com/in/jaclynleaver","Sandra Hwang, MSPH","https://www.linkedin.com/in/sandrahwang","2024-04-15 21:47:27 UTC","","YOU ARE THE ABSOLUTE BEST! Thank you so much!!!!","INBOX",""
"2-YTM4M2ZhMDUtNGM5Ny00YWVhLTlkYjktYjJkZDk3YWRiNTg1XzAxMA==","","Sandra Hwang, MSPH","https://www.linkedin.com/in/sandrahwang","Jaclyn Leaver","https://www.linkedin.com/in/jaclynleaver","2024-04-15 21:25:51 UTC","","Sandra sent you a recommendation

Review Recommendation:
https://www.linkedin.com/recs/received/?senderId=sandrahwang","INBOX",""
"2-YTM4M2ZhMDUtNGM5Ny00YWVhLTlkYjktYjJkZDk3YWRiNTg1XzAxMA==","","Jaclyn Leaver","https://www.linkedin.com/in/jaclynleaver","Sandra Hwang, MSPH","https://www.linkedin.com/in/sandrahwang","2024-04-09 20:35:19 UTC","","You're the best!!! Thanks so much! Hope you are doing well. :)","INBOX",""
"2-YTM4M2ZhMDUtNGM5Ny00YWVhLTlkYjktYjJkZDk3YWRiNTg1XzAxMA==","","Sandra Hwang, MSPH","https://www.linkedin.com/in/sandrahwang","Jaclyn Leaver","https://www.linkedin.com/in/jaclynleaver","2024-04-09 20:20:11 UTC","","Yes of COURSE, let me add this to my list for this week!

p.s. text me anytime!","INBOX",""
"2-YTM4M2ZhMDUtNGM5Ny00YWVhLTlkYjktYjJkZDk3YWRiNTg1XzAxMA==","","Jaclyn Leaver","https://www.linkedin.com/in/jaclynleaver","Sandra Hwang, MSPH","https://www.linkedin.com/in/sandrahwang","2024-04-04 23:47:02 UTC","","Hi Sandra, 

Happy Thursday! Hope this finds you living life to it's best! 

I am finally getting around to updating my LinkedIn profile and remembered that we talked about providing recommendations for each other. Would you still be willing to write me one? If so, I am looking for content strategy, design, product marketing, and writing roles. Anything you can include about that would be awesome. No worries if you don't have time to get to this. 

I will, of course be happy to write you a recommendation too. Just let me know if there is anything particular that you'd like me to highlight!

Thanks for considering and hope we can connect soon! 

Cheers,
Jaclyn

Write Jaclyn a recommendation:
https://www.linkedin.com/recs/give/?senderId=jaclynleaver","INBOX",""
"2-YjU5YzMxOTMtN2IyNy00NTcxLTlmZDQtN2Q5NGI3MWVjZDg2XzEwMA==","","Jaclyn Leaver","https://www.linkedin.com/in/jaclynleaver","Minnie Bredouw","https://www.linkedin.com/in/minniebredouw","2026-03-16 22:30:25 UTC","","Hi Minnie, hope you're doing well. It's been a while and I've been meaning to reconnect.

I'm exploring what's next after wrapping up my role as Head of Content at a career tech startup, and wanted to reach out personally. I have about ten years of experience in content strategy, UX writing, and content leadership across tech, healthcare, and higher education.

I'm looking in two directions right now. On the job search side, I'm focused on head of content, content strategy leadership, or content design and UX writing roles, primarily in tech but open to the right opportunity anywhere. On the consulting side, I run Spellwell Creative, my content strategy consultancy, and am actively growing my client roster. I'd love an introduction to anyone navigating how to communicate what they do, whether that's a founder, a marketing lead, or a team ready to level up their content.

If anything comes to mind on either front, or if you'd be open to a quick catch-up, I'd really appreciate it.

Jaclyn","INBOX",""
"2-ZjkwNjgwODEtN2M5Zi00MzVmLWJiNzUtM2FlODdhMDIxOTdjXzEwMA==","","Jaclyn Leaver","https://www.linkedin.com/in/jaclynleaver","Katie Winters","https://www.linkedin.com/in/katie-winters-ta","2026-03-16 17:26:28 UTC","Application: Assistant Director, Content & UX Strategist","Hi Katie, 

I just submitted my application for the Assistant Director, Content and UX Strategist role on the Digital Customer Experience team and wanted to put a name to the application.

 I spent the last three years as Head of Content at a career tech platform helping people find their professional footing, so your focus on connecting people with the right opportunities resonates with me. 

I'm a content and UX strategy leader with 10+ years of experience and this role is a genuinely strong fit. If there's anything helpful I can share as you're reviewing candidates, I'm happy to do that. Thanks so much for your time.

Cheers,
Jaclyn","INBOX",""
"2-OTYxZmJhNzAtMzJkYS00ZDQ1LTg2NDctZmU3Yjk0YTYyZmIwXzEwMA==","","Jaclyn Leaver","https://www.linkedin.com/in/jaclynleaver","Kara Lindsey","https://www.linkedin.com/in/lindsek7","2026-03-16 17:25:36 UTC","Application: Assistant Director, Content & UX Strategist","Hi Kara, 

I just submitted my application for the Assistant Director, Content and UX Strategist role on the Digital Customer Experience team and wanted to put a name to the application.

 I'm a content and UX strategy leader with 10+ years of experience across tech, healthcare, and higher education, most recently as Head of Content at a career tech startup and before that leading research communications at UC Berkeley.

 This role is a genuinely strong fit and I'd love for my application to land in the right hands. If there's anything helpful I can share as you're reviewing candidates, I'm happy to do that. Thanks so much for your time.

Cheers,
Jaclyn","INBOX",""
"2-NDNjZjkyOTgtYTY2Ni00NDI0LWE1ZjEtM2Q5ZGMyMjYwZjAyXzAxMg==","","Jaclyn Leaver","https://www.linkedin.com/in/jaclynleaver","Mike Luongo","https://www.linkedin.com/in/mikeluongo","2026-03-16 14:51:18 UTC","","👍","INBOX",""
"2-NDNjZjkyOTgtYTY2Ni00NDI0LWE1ZjEtM2Q5ZGMyMjYwZjAyXzAxMg==","","Mike Luongo","https://www.linkedin.com/in/mikeluongo","Jaclyn Leaver","https://www.linkedin.com/in/jaclynleaver","2026-03-16 14:50:54 UTC","","Good to hear! Keep it up and build off the momentum!","INBOX",""
"2-NDNjZjkyOTgtYTY2Ni00NDI0LWE1ZjEtM2Q5ZGMyMjYwZjAyXzAxMg==","","Jaclyn Leaver","https://www.linkedin.com/in/jaclynleaver","Mike Luongo","https://www.linkedin.com/in/mikeluongo","2026-03-16 14:28:15 UTC","","I don't know about that, but I will say you gave me the confidence to go for it. I will be forever grateful!!","INBOX",""
"2-NDNjZjkyOTgtYTY2Ni00NDI0LWE1ZjEtM2Q5ZGMyMjYwZjAyXzAxMg==","","Mike Luongo","https://www.linkedin.com/in/mikeluongo","Jaclyn Leaver","https://www.linkedin.com/in/jaclynleaver","2026-03-16 13:33:28 UTC","","Appreciate it but that's all you!","INBOX",""
"2-NDNjZjkyOTgtYTY2Ni00NDI0LWE1ZjEtM2Q5ZGMyMjYwZjAyXzAxMg==","","Mike Luongo","https://www.linkedin.com/in/mikeluongo","Jaclyn Leaver","https://www.linkedin.com/in/jaclynleaver","2026-03-16 13:33:20 UTC","","Hahaha thats amazing Jaclyn! Incredible numbers","INBOX",""
"2-NDNjZjkyOTgtYTY2Ni00NDI0LWE1ZjEtM2Q5ZGMyMjYwZjAyXzAxMg==","","Jaclyn Leaver","https://www.linkedin.com/in/jaclynleaver","Mike Luongo","https://www.linkedin.com/in/mikeluongo","2026-03-16 00:07:00 UTC","","Friend! I just wanted to shout you out to say THANK YOU for chatting with me about my LinkedIn content strategy. This is only my fourth post but I feel like 106 reactions, 35 comments, and 3 reposts is unbelievable! It is truly thanks to your genius that I focused on top of funnel and personal stories that it's had this much engagement. Who knows if this will be sustainable but really I couldn't have done this without you.","INBOX","https://www.linkedin.com/dms/prv/image/v2/D5606AQGSz1W9YddJsg/messaging-image-720/B56Zzz9X4uJIAY-/0/1773619478563?m=AQKS5s7RUc9OUgAAAZ1k5f5RZnhrCD3GqiXpdLY2fT6Wp3DVqWFS1EDR&ne=1&v=beta&t=ZSjgkcqSO6WlAmRHmlUW2qZLH5QnYxzleWd2sp20i28"
"2-NDNjZjkyOTgtYTY2Ni00NDI0LWE1ZjEtM2Q5ZGMyMjYwZjAyXzAxMg==","","Mike Luongo","https://www.linkedin.com/in/mikeluongo","Jaclyn Leaver","https://www.linkedin.com/in/jaclynleaver","2026-03-06 15:00:38 UTC","","Great stuff, thanks Jaclyn!","INBOX",""
"2-NDNjZjkyOTgtYTY2Ni00NDI0LWE1ZjEtM2Q5ZGMyMjYwZjAyXzAxMg==","","Jaclyn Leaver","https://www.linkedin.com/in/jaclynleaver","Mike Luongo","https://www.linkedin.com/in/mikeluongo","2026-03-06 14:54:03 UTC","","Hi friend! You probably already know all of these, but I just read this article about social media hooks and thought to share. https://www.psychologymeetswriting.com/p/7-psychological-techniques-to-help","INBOX",""
"2-NDNjZjkyOTgtYTY2Ni00NDI0LWE1ZjEtM2Q5ZGMyMjYwZjAyXzAxMg==","","Mike Luongo","https://www.linkedin.com/in/mikeluongo","Jaclyn Leaver","https://www.linkedin.com/in/jaclynleaver","2026-02-22 20:11:10 UTC","","Excited to see it on the feed","INBOX",""
"2-NDNjZjkyOTgtYTY2Ni00NDI0LWE1ZjEtM2Q5ZGMyMjYwZjAyXzAxMg==","","Mike Luongo","https://www.linkedin.com/in/mikeluongo","Jaclyn Leaver","https://www.linkedin.com/in/jaclynleaver","2026-02-22 20:11:01 UTC","","No prob!","INBOX",""
"2-NDNjZjkyOTgtYTY2Ni00NDI0LWE1ZjEtM2Q5ZGMyMjYwZjAyXzAxMg==","","Jaclyn Leaver","https://www.linkedin.com/in/jaclynleaver","Mike Luongo","https://www.linkedin.com/in/mikeluongo","2026-02-22 19:38:39 UTC","","Thank you so much for your feedback!!! ","INBOX",""
"2-NDNjZjkyOTgtYTY2Ni00NDI0LWE1ZjEtM2Q5ZGMyMjYwZjAyXzAxMg==","","Jaclyn Leaver","https://www.linkedin.com/in/jaclynleaver","Mike Luongo","https://www.linkedin.com/in/mikeluongo","2026-02-22 19:36:42 UTC","","Oof, ok!! ","INBOX",""
"2-NDNjZjkyOTgtYTY2Ni00NDI0LWE1ZjEtM2Q5ZGMyMjYwZjAyXzAxMg==","","Mike Luongo","https://www.linkedin.com/in/mikeluongo","Jaclyn Leaver","https://www.linkedin.com/in/jaclynleaver","2026-02-22 19:36:24 UTC","","Yes for an origin story 100%. It'll be the difference of 5k impressions and maybe 20k. (educated guess haha)","INBOX",""
"2-NDNjZjkyOTgtYTY2Ni00NDI0LWE1ZjEtM2Q5ZGMyMjYwZjAyXzAxMg==","","Mike Luongo","https://www.linkedin.com/in/mikeluongo","Jaclyn Leaver","https://www.linkedin.com/in/jaclynleaver","2026-02-22 19:35:52 UTC","","Even if its a pic of when you were younger","INBOX",""
"2-NDNjZjkyOTgtYTY2Ni00NDI0LWE1ZjEtM2Q5ZGMyMjYwZjAyXzAxMg==","","Jaclyn Leaver","https://www.linkedin.com/in/jaclynleaver","Mike Luongo","https://www.linkedin.com/in/mikeluongo","2026-02-22 19:35:50 UTC","","I have to post a photo of myself?!?  ","INBOX",""
"2-NDNjZjkyOTgtYTY2Ni00NDI0LWE1ZjEtM2Q5ZGMyMjYwZjAyXzAxMg==","","Jaclyn Leaver","https://www.linkedin.com/in/jaclynleaver","Mike Luongo","https://www.linkedin.com/in/mikeluongo","2026-02-22 19:35:41 UTC","","Oh god, noooo","INBOX",""
"2-NDNjZjkyOTgtYTY2Ni00NDI0LWE1ZjEtM2Q5ZGMyMjYwZjAyXzAxMg==","","Jaclyn Leaver","https://www.linkedin.com/in/jaclynleaver","Mike Luongo","https://www.linkedin.com/in/mikeluongo","2026-02-22 19:35:33 UTC","","🤞🏼🤞🏼🤞🏼","INBOX",""
"2-NDNjZjkyOTgtYTY2Ni00NDI0LWE1ZjEtM2Q5ZGMyMjYwZjAyXzAxMg==","","Mike Luongo","https://www.linkedin.com/in/mikeluongo","Jaclyn Leaver","https://www.linkedin.com/in/jaclynleaver","2026-02-22 19:35:33 UTC","","100% need an image for origin","INBOX",""
"2-NDNjZjkyOTgtYTY2Ni00NDI0LWE1ZjEtM2Q5ZGMyMjYwZjAyXzAxMg==","","Mike Luongo","https://www.linkedin.com/in/mikeluongo","Jaclyn Leaver","https://www.linkedin.com/in/jaclynleaver","2026-02-22 19:35:23 UTC","","Great posts. I will say, using a selfie with the origin story post will do it wonders","INBOX",""
"2-NDNjZjkyOTgtYTY2Ni00NDI0LWE1ZjEtM2Q5ZGMyMjYwZjAyXzAxMg==","","Jaclyn Leaver","https://www.linkedin.com/in/jaclynleaver","Mike Luongo","https://www.linkedin.com/in/mikeluongo","2026-02-22 19:35:12 UTC","","Any other feedback? ","INBOX",""
"2-NDNjZjkyOTgtYTY2Ni00NDI0LWE1ZjEtM2Q5ZGMyMjYwZjAyXzAxMg==","","Jaclyn Leaver","https://www.linkedin.com/in/jaclynleaver","Mike Luongo","https://www.linkedin.com/in/mikeluongo","2026-02-22 19:34:41 UTC","","Ok! Will do! ","INBOX",""
"2-NDNjZjkyOTgtYTY2Ni00NDI0LWE1ZjEtM2Q5ZGMyMjYwZjAyXzAxMg==","","Mike Luongo","https://www.linkedin.com/in/mikeluongo","Jaclyn Leaver","https://www.linkedin.com/in/jaclynleaver","2026-02-22 19:34:21 UTC","","I don't think it's too long... but if it is possible to get the story across in a bit shorter fashion, it might better. potentially ask claude if you can shorten it up a bit without removing any parts of the storyline","INBOX",""
"2-NDNjZjkyOTgtYTY2Ni00NDI0LWE1ZjEtM2Q5ZGMyMjYwZjAyXzAxMg==","","Jaclyn Leaver","https://www.linkedin.com/in/jaclynleaver","Mike Luongo","https://www.linkedin.com/in/mikeluongo","2026-02-22 19:33:54 UTC","","Ok! ","INBOX",""
"2-NDNjZjkyOTgtYTY2Ni00NDI0LWE1ZjEtM2Q5ZGMyMjYwZjAyXzAxMg==","","Mike Luongo","https://www.linkedin.com/in/mikeluongo","Jaclyn Leaver","https://www.linkedin.com/in/jaclynleaver","2026-02-22 19:33:32 UTC","","I love the origin story post too. Only thing I would make a bit clearer is the first line.

When I first read 'I have silently moved through life rewriting everything I read.' I didn't grasp what you meant right away. Idk why lol it just didn't register. I think it would be easier to grasp if you it said 'rewriting anything I've ever read' or something like that","INBOX",""
"2-NDNjZjkyOTgtYTY2Ni00NDI0LWE1ZjEtM2Q5ZGMyMjYwZjAyXzAxMg==","","Jaclyn Leaver","https://www.linkedin.com/in/jaclynleaver","Mike Luongo","https://www.linkedin.com/in/mikeluongo","2026-02-22 19:32:55 UTC","","Ah, thanks!! Do you think the first one is too long? ","INBOX",""
"2-NDNjZjkyOTgtYTY2Ni00NDI0LWE1ZjEtM2Q5ZGMyMjYwZjAyXzAxMg==","","Mike Luongo","https://www.linkedin.com/in/mikeluongo","Jaclyn Leaver","https://www.linkedin.com/in/jaclynleaver","2026-02-22 19:31:37 UTC","","Jaclyn, I think these are great! The hook in the second post is great.","INBOX",""
"2-NDNjZjkyOTgtYTY2Ni00NDI0LWE1ZjEtM2Q5ZGMyMjYwZjAyXzAxMg==","","Jaclyn Leaver","https://www.linkedin.com/in/jaclynleaver","Mike Luongo","https://www.linkedin.com/in/mikeluongo","2026-02-22 19:15:44 UTC","","Hi Mike! Happy weekend, hope you are staying warm!! I just finished my LinkedIn writing exercise and put together my first 3 posts... gulp. 😅

You graciously offered to take a look at them, so if you are still willing and have time, please have a look here: https://docs.google.com/document/d/1IrqU6zow8p5jox9UGBGRrK0CC1svXgMIW1hjFcLmHYg/edit?usp=sharing

I would love your feedback on hooks, length, angles, any kind of improvements you want to suggest, etc. Anything to make them better! 

I really appreciate it. Thanks!!","INBOX",""
"2-NDNjZjkyOTgtYTY2Ni00NDI0LWE1ZjEtM2Q5ZGMyMjYwZjAyXzAxMg==","","Mike Luongo","https://www.linkedin.com/in/mikeluongo","Jaclyn Leaver","https://www.linkedin.com/in/jaclynleaver","2026-02-16 18:31:53 UTC","","Hahah good move!","INBOX",""
"2-NDNjZjkyOTgtYTY2Ni00NDI0LWE1ZjEtM2Q5ZGMyMjYwZjAyXzAxMg==","","Jaclyn Leaver","https://www.linkedin.com/in/jaclynleaver","Mike Luongo","https://www.linkedin.com/in/mikeluongo","2026-02-16 18:25:08 UTC","","Yes, that's what I was thinking of doing. Thanks so much! Just got the Pro version of Claude, so I am off to the races!!","INBOX",""
"2-NDNjZjkyOTgtYTY2Ni00NDI0LWE1ZjEtM2Q5ZGMyMjYwZjAyXzAxMg==","","Mike Luongo","https://www.linkedin.com/in/mikeluongo","Jaclyn Leaver","https://www.linkedin.com/in/jaclynleaver","2026-02-16 18:23:51 UTC","","I would put the hooks pdf and the quick style guide pdf into a Claude project and do all of your content creation in that one project ","INBOX",""
"2-NDNjZjkyOTgtYTY2Ni00NDI0LWE1ZjEtM2Q5ZGMyMjYwZjAyXzAxMg==","","Mike Luongo","https://www.linkedin.com/in/mikeluongo","Jaclyn Leaver","https://www.linkedin.com/in/jaclynleaver","2026-02-16 18:10:45 UTC","","No problem!","INBOX",""
"2-NDNjZjkyOTgtYTY2Ni00NDI0LWE1ZjEtM2Q5ZGMyMjYwZjAyXzAxMg==","","Jaclyn Leaver","https://www.linkedin.com/in/jaclynleaver","Mike Luongo","https://www.linkedin.com/in/mikeluongo","2026-02-16 17:58:36 UTC","","Wow, this is so generous. Thank you so much for sharing your time and resources!! I really appreciate it.","INBOX",""
"2-NDNjZjkyOTgtYTY2Ni00NDI0LWE1ZjEtM2Q5ZGMyMjYwZjAyXzAxMg==","","Mike Luongo","https://www.linkedin.com/in/mikeluongo","Jaclyn Leaver","https://www.linkedin.com/in/jaclynleaver","2026-02-16 17:57:39 UTC","","and then for writing content i think this is the most important thing.","INBOX","https://www.linkedin.com/dms/prv/vid/v2/D4E06AQGzxBuW55gsLw/messaging-attachmentFile/B4EZxnmVhuHgAA-/0/1771264629127?m=AQII8DKA70fOeAAAAZ1k5f5SDyzB_dT000NJdAIbKp1Bi6uA2lnloQ-u&ne=1&v=beta&t=bow3oWX3E6FEBj0TFPBGZD4KFh6hH27AxKTnBfhgvyE"
"2-NDNjZjkyOTgtYTY2Ni00NDI0LWE1ZjEtM2Q5ZGMyMjYwZjAyXzAxMg==","","Mike Luongo","https://www.linkedin.com/in/mikeluongo","Jaclyn Leaver","https://www.linkedin.com/in/jaclynleaver","2026-02-16 17:56:24 UTC","","this doc is also good for ideation. its set up for a b2b saas founder right now, but if you go into claude and tell claude your own backstory/current role, then say adapt these 162 content ideas to me, itll be useful","INBOX","https://www.linkedin.com/dms/prv/vid/v2/D4E06AQGO2-uZB3E73w/messaging-attachmentFile/B4EZxnl6HLGYAA-/0/1771264516867?m=AQIo7rOpXqcJvQAAAZ1k5f5PXDFnQfR8_H-4xWZfwPytP4EYXM6AOx0C&ne=1&v=beta&t=I_6CXax9y5JbMk5R51xQmTNJ5qta3z5fdHVYUVYSMKE"
"2-NDNjZjkyOTgtYTY2Ni00NDI0LWE1ZjEtM2Q5ZGMyMjYwZjAyXzAxMg==","","Mike Luongo","https://www.linkedin.com/in/mikeluongo","Jaclyn Leaver","https://www.linkedin.com/in/jaclynleaver","2026-02-16 17:55:07 UTC","","","INBOX","https://www.linkedin.com/dms/prv/vid/v2/D4E06AQElCyqVGhxxSw/messaging-attachmentFile/B4EZxnl3snJoAA-/0/1771264507054?m=AQKBO3rE5aPP5gAAAZ1k5f5Q9MozPbwLKFGXHs-f_eLdVGbgw42cJeli&ne=1&v=beta&t=EjYgNn5-SONFJXzpbxkEhscWnYiCJO09BgPwPaDDRnk"
"2-NDNjZjkyOTgtYTY2Ni00NDI0LWE1ZjEtM2Q5ZGMyMjYwZjAyXzAxMg==","","Mike Luongo","https://www.linkedin.com/in/mikeluongo","Jaclyn Leaver","https://www.linkedin.com/in/jaclynleaver","2026-02-12 18:45:15 UTC","","Awesome, excited to see ya!","INBOX",""
"2-NDNjZjkyOTgtYTY2Ni00NDI0LWE1ZjEtM2Q5ZGMyMjYwZjAyXzAxMg==","","Jaclyn Leaver","https://www.linkedin.com/in/jaclynleaver","Mike Luongo","https://www.linkedin.com/in/mikeluongo","2026-02-12 18:40:39 UTC","","Hi! Oh, thanks, I really appreciate it. I’ll get some time on your calendar for early next week. ","INBOX",""
"2-NDNjZjkyOTgtYTY2Ni00NDI0LWE1ZjEtM2Q5ZGMyMjYwZjAyXzAxMg==","","Mike Luongo","https://www.linkedin.com/in/mikeluongo","Jaclyn Leaver","https://www.linkedin.com/in/jaclynleaver","2026-02-12 18:16:27 UTC","","Hey Jaclyn, appreciate it! Haha yes that would've been cool.

Let's do it! And you don't have to pay me haha.

Feel free to throw some time on my cal for next week: https://calendly.com/mike-series-z/30min","INBOX",""
"2-NDNjZjkyOTgtYTY2Ni00NDI0LWE1ZjEtM2Q5ZGMyMjYwZjAyXzAxMg==","","Jaclyn Leaver","https://www.linkedin.com/in/jaclynleaver","Mike Luongo","https://www.linkedin.com/in/mikeluongo","2026-02-12 18:13:34 UTC","","Hi Mike! Hope you're doing well. I've been following along on LI and it looks like you're killing it. So happy for you! Can't believe you went to SF after I left, it would have been so fun to meet up. 

So... I am finally putting my own LI strategy together and was wondering if you'd be willing to give me 1 hour of your paid time to review my strategy and help me finesse it, and maybe even help me write the first few posts. 😅 

Let me know if you're up for it and, if so, when might be a good time to connect next week. 

Thanks for considering!","INBOX",""
"2-NDNjZjkyOTgtYTY2Ni00NDI0LWE1ZjEtM2Q5ZGMyMjYwZjAyXzAxMg==","","Mike Luongo","https://www.linkedin.com/in/mikeluongo","Jaclyn Leaver","https://www.linkedin.com/in/jaclynleaver","2025-12-16 15:15:54 UTC","","Haha, love to hear it and thank you! Of course and you too!","INBOX",""
"2-NDNjZjkyOTgtYTY2Ni00NDI0LWE1ZjEtM2Q5ZGMyMjYwZjAyXzAxMg==","","Jaclyn Leaver","https://www.linkedin.com/in/jaclynleaver","Mike Luongo","https://www.linkedin.com/in/mikeluongo","2025-12-16 15:15:02 UTC","","Hi Mike, thanks for letting me know. I just read it, nice job! I think it's important to share your story and the truth of the situation. Impressed you're putting yourself out there, and thanks for the little shout out. 😉🩷 Hope all is well!","INBOX",""
"2-NDNjZjkyOTgtYTY2Ni00NDI0LWE1ZjEtM2Q5ZGMyMjYwZjAyXzAxMg==","","Mike Luongo","https://www.linkedin.com/in/mikeluongo","Jaclyn Leaver","https://www.linkedin.com/in/jaclynleaver","2025-12-16 14:29:34 UTC","","Hey Jaclyn, before you see it, just wanted to let you know I made a funny post about the end of our engagement. It's obviously a bit exaggerated and of course, doesn't mention myTrudy. But the purpose of the post is to support my current business positioning with a good story.","INBOX",""
"2-NDNjZjkyOTgtYTY2Ni00NDI0LWE1ZjEtM2Q5ZGMyMjYwZjAyXzAxMg==","","Jaclyn Leaver","https://www.linkedin.com/in/jaclynleaver","Mike Luongo","https://www.linkedin.com/in/mikeluongo","2025-12-11 21:19:40 UTC","","You too!!","INBOX",""
"2-NDNjZjkyOTgtYTY2Ni00NDI0LWE1ZjEtM2Q5ZGMyMjYwZjAyXzAxMg==","","Mike Luongo","https://www.linkedin.com/in/mikeluongo","Jaclyn Leaver","https://www.linkedin.com/in/jaclynleaver","2025-12-11 03:19:16 UTC","","Hope to see you on the LinkedIn feed!","INBOX",""
"2-NDNjZjkyOTgtYTY2Ni00NDI0LWE1ZjEtM2Q5ZGMyMjYwZjAyXzAxMg==","","Mike Luongo","https://www.linkedin.com/in/mikeluongo","Jaclyn Leaver","https://www.linkedin.com/in/jaclynleaver","2025-12-11 03:19:04 UTC","","Awesome, good luck and keep in touch Jaclyn!","INBOX",""
"2-NDNjZjkyOTgtYTY2Ni00NDI0LWE1ZjEtM2Q5ZGMyMjYwZjAyXzAxMg==","","Jaclyn Leaver","https://www.linkedin.com/in/jaclynleaver","Mike Luongo","https://www.linkedin.com/in/mikeluongo","2025-12-11 03:16:58 UTC","","Thanks! I’m at 405-834-7488 and ruhaleaver@gmail.com. ","INBOX",""
"2-NDNjZjkyOTgtYTY2Ni00NDI0LWE1ZjEtM2Q5ZGMyMjYwZjAyXzAxMg==","","Mike Luongo","https://www.linkedin.com/in/mikeluongo","Jaclyn Leaver","https://www.linkedin.com/in/jaclynleaver","2025-12-10 22:14:34 UTC","","and my email is mike@series-zero.com","INBOX",""
"2-NDNjZjkyOTgtYTY2Ni00NDI0LWE1ZjEtM2Q5ZGMyMjYwZjAyXzAxMg==","","Mike Luongo","https://www.linkedin.com/in/mikeluongo","Jaclyn Leaver","https://www.linkedin.com/in/jaclynleaver","2025-12-10 22:14:25 UTC","","my number is 973-640-0424, feel free to text/call/dm whenever","INBOX",""
"2-NDNjZjkyOTgtYTY2Ni00NDI0LWE1ZjEtM2Q5ZGMyMjYwZjAyXzAxMg==","","Mike Luongo","https://www.linkedin.com/in/mikeluongo","Jaclyn Leaver","https://www.linkedin.com/in/jaclynleaver","2025-12-08 21:03:14 UTC","","https://www.linkedin.com/newsletters/7087954061517352960/","INBOX",""
"2-NDNjZjkyOTgtYTY2Ni00NDI0LWE1ZjEtM2Q5ZGMyMjYwZjAyXzAxMg==","","Mike Luongo","https://www.linkedin.com/in/mikeluongo","Jaclyn Leaver","https://www.linkedin.com/in/jaclynleaver","2025-09-19 17:58:10 UTC","","Oh great !!","INBOX",""
"2-NDNjZjkyOTgtYTY2Ni00NDI0LWE1ZjEtM2Q5ZGMyMjYwZjAyXzAxMg==","","Jaclyn Leaver","https://www.linkedin.com/in/jaclynleaver","Mike Luongo","https://www.linkedin.com/in/mikeluongo","2025-09-19 17:57:26 UTC","","Thanks for sharing! The agency we hired is doing this for us. Let's see what it does!","INBOX",""
"2-NDNjZjkyOTgtYTY2Ni00NDI0LWE1ZjEtM2Q5ZGMyMjYwZjAyXzAxMg==","","Mike Luongo","https://www.linkedin.com/in/mikeluongo","Jaclyn Leaver","https://www.linkedin.com/in/jaclynleaver","2025-09-19 17:51:57 UTC","","i thought this was interesting and something that you mentioned before about Reddit","INBOX",""
"2-NDNjZjkyOTgtYTY2Ni00NDI0LWE1ZjEtM2Q5ZGMyMjYwZjAyXzAxMg==","","Jaclyn Leaver","https://www.linkedin.com/in/jaclynleaver","Mike Luongo","https://www.linkedin.com/in/mikeluongo","2025-02-07 21:46:12 UTC","","Thanks! Yeah, I saw this. Was thinking about writing a LinkedIn post on it for next week.","INBOX",""
"2-NDNjZjkyOTgtYTY2Ni00NDI0LWE1ZjEtM2Q5ZGMyMjYwZjAyXzAxMg==","","Mike Luongo","https://www.linkedin.com/in/mikeluongo","Jaclyn Leaver","https://www.linkedin.com/in/jaclynleaver","2025-02-07 20:18:04 UTC","","https://www.linkedin.com/news/story/job-searches-lasting-6-months-6318092/","INBOX",""
"2-NDNjZjkyOTgtYTY2Ni00NDI0LWE1ZjEtM2Q5ZGMyMjYwZjAyXzAxMg==","","Mike Luongo","https://www.linkedin.com/in/mikeluongo","Jaclyn Leaver","https://www.linkedin.com/in/jaclynleaver","2025-01-09 00:06:11 UTC","","Awesome, talk then!","INBOX",""
"2-NDNjZjkyOTgtYTY2Ni00NDI0LWE1ZjEtM2Q5ZGMyMjYwZjAyXzAxMg==","","Jaclyn Leaver","https://www.linkedin.com/in/jaclynleaver","Mike Luongo","https://www.linkedin.com/in/mikeluongo","2025-01-08 23:02:53 UTC","","Hi Michael, Happy New Year! Yes, we are still on for Friday at 3pm pt. Looking forward!","INBOX",""
"2-NDNjZjkyOTgtYTY2Ni00NDI0LWE1ZjEtM2Q5ZGMyMjYwZjAyXzAxMg==","","Mike Luongo","https://www.linkedin.com/in/mikeluongo","Jaclyn Leaver","https://www.linkedin.com/in/jaclynleaver","2025-01-08 20:38:10 UTC","","Hey Jaclyn, Happy New Year! Just checking if were still on for our 3pm PT meeting on Friday?","INBOX",""
"2-NDNjZjkyOTgtYTY2Ni00NDI0LWE1ZjEtM2Q5ZGMyMjYwZjAyXzAxMg==","","Mike Luongo","https://www.linkedin.com/in/mikeluongo","Jaclyn Leaver","https://www.linkedin.com/in/jaclynleaver","2024-12-17 19:26:05 UTC","","Hi Jaclyn! I applied for the Upwork role and am looking forward to your response.","INBOX",""
"2-MjM1MTUwMWMtOGI1MS00YTkxLWI1ZjItZGY5YTcyMjM2MTE0XzEwMA==","","Aleksandra Ivanovska","https://www.linkedin.com/in/aleksandra-ivanovska","Jaclyn Leaver","https://www.linkedin.com/in/jaclynleaver","2026-03-13 16:10:51 UTC","If you ever need a hand :)","Hi Jaclyn, 

Hope you're having an awesome Friday!

If you ever need a hand with content production, feel free to reach out. I’d be happy to help with writing, editing, or scaling content when things get busy.

I’ll leave my portfolio below so you can take a quick look at some of my work.

https://aleksandraivanovska.journoportfolio.com/

Best, 
Aleksandra","INBOX",""
"2-Mzg3YThhZWEtNTczZi00YmJlLTljY2ItNjcwMmFiYjAyNGRlXzEwMA==","","Geoffrey Armstrong","https://www.linkedin.com/in/geoffrey-a-20a9b93a1","Jaclyn Leaver","https://www.linkedin.com/in/jaclynleaver","2026-03-13 10:19:42 UTC","","👍","INBOX",""
"2-Mzg3YThhZWEtNTczZi00YmJlLTljY2ItNjcwMmFiYjAyNGRlXzEwMA==","","Jaclyn Leaver","https://www.linkedin.com/in/jaclynleaver","Geoffrey Armstrong","https://www.linkedin.com/in/geoffrey-a-20a9b93a1","2026-03-12 14:58:03 UTC","","Thanks, Geoff! I'll take a look!","INBOX",""
"2-Mzg3YThhZWEtNTczZi00YmJlLTljY2ItNjcwMmFiYjAyNGRlXzEwMA==","","Geoffrey Armstrong","https://www.linkedin.com/in/geoffrey-a-20a9b93a1","Jaclyn Leaver","https://www.linkedin.com/in/jaclynleaver","2026-03-12 14:57:23 UTC","","Hi Jaclyn 
If you or the start-ups you mentor ever need high-quality AI creative assets, take a look at The Promptists.
Founded by @ohneis652, we connect founders and SMB's with top AI creatives for production and experimentation.
Thought it might be useful for your teams. 
Best
Geoff","INBOX",""
"2-NDI0ZjdkOTgtY2EwNC00MjdjLThiMmMtMzg4MzQ0ZWJmY2E1XzEwMA==","","Dena Nguyen","https://www.linkedin.com/in/dena-nguyen-245989169","Jaclyn Leaver","https://www.linkedin.com/in/jaclynleaver","2026-03-12 21:23:32 UTC","","Oh I'd love that! Saving your contact to my phone. Mine is 214-490-4708.

What days are you typically free for coffee?","INBOX",""
"2-NDI0ZjdkOTgtY2EwNC00MjdjLThiMmMtMzg4MzQ0ZWJmY2E1XzEwMA==","","Jaclyn Leaver","https://www.linkedin.com/in/jaclynleaver","Dena Nguyen","https://www.linkedin.com/in/dena-nguyen-245989169","2026-03-11 16:28:02 UTC","","Hey Dena! So great meeting you too. I agree, it would have been so nice to sit at the same table and chat more. If you're open to it, I'd love to grab coffee before the next one to hear more about what you do. Here's my number in case you're interested: 405-834-7488. Hope to chat soon!","INBOX",""
"2-NDI0ZjdkOTgtY2EwNC00MjdjLThiMmMtMzg4MzQ0ZWJmY2E1XzEwMA==","","Dena Nguyen","https://www.linkedin.com/in/dena-nguyen-245989169","Jaclyn Leaver","https://www.linkedin.com/in/jaclynleaver","2026-03-11 16:25:55 UTC","","Hey Jaclyn! It was really great meeting you at the Entrepreneur Dinner Club yesterday evening. Wish we got to talk more / got grouped together but hope you'll be at the next one! :)","INBOX",""
"2-N2VjY2QyZWUtMDBmYy00YzhiLWI0ZDMtNzA3NTc0Y2UxYjI2XzEwMA==","Still Exploring Career Options?","Fieta Logrono","https://www.linkedin.com/in/fietalogronoofficialpage","Jaclyn Leaver","https://www.linkedin.com/in/jaclynleaver","2026-03-12 16:11:34 UTC","Still Exploring Career Options?","Dear Jaclyn,

I work with Michael Chiodo, who ran across your profile and asked me to connect with you. He noted that you have very significant leadership experience.

Michael helps clients explore the possibility of business ownership as a career option or an investment.

Would you be available for a brief 10-15 min phone call?

Your reply is highly appreciated.

Warmest Regards,
Fieta Logrono
Business Development Coordinator
The Perfect Franchise","INBOX",""
"2-ZWVlMjgxOTQtOGNhOS00M2JkLWIwMmMtODU3NzdlZjIzZjIzXzEwMA==","","Oleksandra Mokii","https://www.linkedin.com/in/oleksandra-mokii","Jaclyn Leaver","https://www.linkedin.com/in/jaclynleaver","2026-03-09 17:14:18 UTC","","Hey Jaclyn,
Hope all’s well! Just a quick note to let you know I won’t be very active on LinkedIn for a while.

If there’s ever anything you’d like to explore on our side, I’m happy to introduce my colleague Yuliia Novak (https://www.linkedin.com/in/yuliianovak/). She’ll be happy to help – and you should see a connection request from her shortly.`

Great to be connected!","INBOX",""
"2-ZWVlMjgxOTQtOGNhOS00M2JkLWIwMmMtODU3NzdlZjIzZjIzXzEwMA==","","Oleksandra Mokii","https://www.linkedin.com/in/oleksandra-mokii","Jaclyn Leaver","https://www.linkedin.com/in/jaclynleaver","2026-02-18 18:58:21 UTC","","Thanks for sharing, Jaclyn.
Wishing you all the best with what’s next. Let’s stay in touch.","INBOX",""
"2-ZWVlMjgxOTQtOGNhOS00M2JkLWIwMmMtODU3NzdlZjIzZjIzXzEwMA==","","Jaclyn Leaver","https://www.linkedin.com/in/jaclynleaver","Oleksandra Mokii","https://www.linkedin.com/in/oleksandra-mokii","2026-02-18 15:17:54 UTC","","Hi Oleksandra, Thanks for getting in touch! I actually just ended my work with my biggest client in December and am now looking for what's next. So, I don't think it makes sense to connect about Intellectsoft at the moment. Thanks again for getting in touch and hope all is well with you!","INBOX",""
"2-ZWVlMjgxOTQtOGNhOS00M2JkLWIwMmMtODU3NzdlZjIzZjIzXzEwMA==","","Oleksandra Mokii","https://www.linkedin.com/in/oleksandra-mokii","Jaclyn Leaver","https://www.linkedin.com/in/jaclynleaver","2026-02-18 14:33:15 UTC","","Hi Jaclyn,
Hope the new year has started off well for you. It’s been a while since we connected, and I thought it’d be great to touch base again.

I’d love to hear how things are going on your side, learn about your current priorities, and share a quick update on what we’ve been working on at Intellectsoft recently.

If it makes sense, would you be open to a short catch-up call in the coming weeks?","INBOX",""
"2-ZWVlMjgxOTQtOGNhOS00M2JkLWIwMmMtODU3NzdlZjIzZjIzXzEwMA==","","Oleksandra Mokii","https://www.linkedin.com/in/oleksandra-mokii","Jaclyn Leaver","https://www.linkedin.com/in/jaclynleaver","2025-11-11 09:38:13 UTC","","Hi Jaclyn,

Thanks for sharing that! Would you be open to a quick chat next week to explore whether there might be an opportunity to collaborate in the future? Even if the timing isn’t perfect today, it would be great to understand your priorities so I can follow up with the most relevant solutions when the time is right.

Looking forward to hearing what works best for you!","INBOX",""
"2-ZWVlMjgxOTQtOGNhOS00M2JkLWIwMmMtODU3NzdlZjIzZjIzXzEwMA==","","Jaclyn Leaver","https://www.linkedin.com/in/jaclynleaver","Oleksandra Mokii","https://www.linkedin.com/in/oleksandra-mokii","2025-11-10 15:42:53 UTC","","Hi there! We aren't really in the market to add to our team at the moment, but I'll keep you in mind if things change. Thanks!","INBOX",""
"2-ZWVlMjgxOTQtOGNhOS00M2JkLWIwMmMtODU3NzdlZjIzZjIzXzEwMA==","","Oleksandra Mokii","https://www.linkedin.com/in/oleksandra-mokii","Jaclyn Leaver","https://www.linkedin.com/in/jaclynleaver","2025-11-06 09:36:24 UTC","","Hey Jaclyn, quick example:

We worked with a financial institution on their Mortgage Manager product. Strong UX base, but the UI lacked clarity and the design lead was stretched thin.

Once we embedded our team, the flows became cleaner, delivery cycles dropped ~30%, and the lead had more time to focus on strategy instead of pixel-level oversight.

If helpful, happy to walk through that setup. Would a quick call next week work?","INBOX",""
"2-ZWVlMjgxOTQtOGNhOS00M2JkLWIwMmMtODU3NzdlZjIzZjIzXzEwMA==","","Oleksandra Mokii","https://www.linkedin.com/in/oleksandra-mokii","Jaclyn Leaver","https://www.linkedin.com/in/jaclynleaver","2025-11-03 10:11:07 UTC","","Totally agree, Jaclyn, visual design can’t be replaced by trends. I actually lead Intellectsoft’s Design Lab, where we help teams keep quality high by embedding senior designers and using AI-assisted workflows to move faster without losing visual depth.

We’ve helped teams from Naked Energy to Wendy’s and Coca-Cola do just that. Would you be open to a short call next week to see if this could fit your team’s setup?","INBOX",""
"2-ZWVlMjgxOTQtOGNhOS00M2JkLWIwMmMtODU3NzdlZjIzZjIzXzEwMA==","","Jaclyn Leaver","https://www.linkedin.com/in/jaclynleaver","Oleksandra Mokii","https://www.linkedin.com/in/oleksandra-mokii","2025-10-31 15:00:54 UTC","","Hi Oleksandra, thanks for connecting! Visual design is so important to me, despite all the UGC type content and design that's coming out these days. Not the biggest fan. I really believe that having quality visual design is one of the most important parts of making a design work well. What are your thoughts?","INBOX",""
"2-ZWVlMjgxOTQtOGNhOS00M2JkLWIwMmMtODU3NzdlZjIzZjIzXzEwMA==","","Oleksandra Mokii","https://www.linkedin.com/in/oleksandra-mokii","Jaclyn Leaver","https://www.linkedin.com/in/jaclynleaver","2025-10-31 14:58:28 UTC","","Hi Jaclyn, saw you engaged with Andrea Nguyen’s point on visual design still mattering. Would love to connect!","INBOX",""
"2-MDk3MGY1YWQtZGQzZi00ZjQ5LWJmMTMtMmU0NGY1Yzc4NTJmXzEwMA==","","Muhammad Umer","https://www.linkedin.com/in/muhammad-umer-ca","Jaclyn Leaver","https://www.linkedin.com/in/jaclynleaver","2026-03-09 16:27:37 UTC","","Thanks Jaclyn, I really appreciate that!
And absolutely, if I come across anyone who needs help setting up their full content system across product and marketing, I’ll definitely send them your way.
Glad we connected.","INBOX",""
"2-MDk3MGY1YWQtZGQzZi00ZjQ5LWJmMTMtMmU0NGY1Yzc4NTJmXzEwMA==","","Jaclyn Leaver","https://www.linkedin.com/in/jaclynleaver","Muhammad Umer","https://www.linkedin.com/in/muhammad-umer-ca","2026-03-09 15:00:31 UTC","","Hi Muhammad, thanks for connecting. I'll definitely keep you in mind if this comes up. Helpful to add you to my list of consultants to refer! If you run into any clients who need help setting up their full content system across product and marketing, please keep me in mind too. Cheers!","INBOX",""
"2-MDk3MGY1YWQtZGQzZi00ZjQ5LWJmMTMtMmU0NGY1Yzc4NTJmXzEwMA==","","Muhammad Umer","https://www.linkedin.com/in/muhammad-umer-ca","Jaclyn Leaver","https://www.linkedin.com/in/jaclynleaver","2026-03-08 15:38:51 UTC","","Hi Jaclyn, this might be a bit random, but I’ve been connecting with people in adjacent marketing roles.

A few ghostwriters and ads managers I’ve spoken with sometimes run into clients who need help with organic social content but don’t offer it themselves.

If that ever comes up with your clients, I’d be happy to help. Thought it might be useful to connect!","INBOX",""
"2-MzhjMGYzZmItZWRhYS00ZjFlLTkxMjUtMGNmOGU2MDYxZTY2XzEwMA==","","Jaclyn Leaver","https://www.linkedin.com/in/jaclynleaver","Allison Ulstad","https://www.linkedin.com/in/allison-ulstad","2026-03-06 18:03:29 UTC","Content Designer with LLM Prompt Engineering & 0-to-1 Product Experience","Hi Allison! I just applied for the Content Design Lead role at Carrot and wanted to reach out directly.

I have 10+ years in product content design and UX writing, and I think my background is a strong fit for what your team is building. Two things that feel particularly relevant: I have hands-on experience writing and iterating LLM prompts in a product context, and I have done a lot of 0-to-1 work, building content systems, voice and tone frameworks, and governance processes from scratch inside small cross-functional teams.

Please see my resume and cover letter attached and my portfolio here: https://jaclynleaver.com/ (password: JaclynLeaver2026). I would love the chance to connect. Feel free to reach out anytime.

Cheers,
Jaclyn Leaver","INBOX","https://www.linkedin.com/dms/prv/vid/v2/D5606AQGAMHx0hMOzJA/messaging-attachmentFile/B56ZzET5FNH8AA-/0/1772820075074?m=AQJfFu2B6g2TGQAAAZ1k5f5TTFd0AYr7sLYGSxWpkb9SvKv1KUT10X83&ne=1&v=beta&t=vjT4dqJpMrWnXNYmsBaWokTPM_HLqlfoUcOzWCq4IPc,https://www.linkedin.com/dms/prv/vid/v2/D5606AQEJVGwRGsTXRA/messaging-attachmentFile/B56ZzET724IYAA-/0/1772820086423?m=AQLp-wKuzI3MaQAAAZ1k5f5REMLPnpuiund5gOfGz9KS6b45dM4kw1H5&ne=1&v=beta&t=brCfsXO4y7wGwwq7Mjf1I_i7qhoGWKSKNURLBuZUNyE"
"2-YjU0MTMxOGUtYTA5NC00Y2E5LTk2ZWItZDJmN2Q0YjkyNjJkXzEwMA==","","Jaclyn Leaver","https://www.linkedin.com/in/jaclynleaver","Christopher Miller","https://www.linkedin.com/in/christopheralanmiller","2026-03-06 17:11:08 UTC","","Thanks so much, I really appreciate it!","INBOX",""
"2-YjU0MTMxOGUtYTA5NC00Y2E5LTk2ZWItZDJmN2Q0YjkyNjJkXzEwMA==","","Christopher Miller","https://www.linkedin.com/in/christopheralanmiller","Jaclyn Leaver","https://www.linkedin.com/in/jaclynleaver","2026-03-06 17:10:34 UTC","","Thanks, Jaclyn! I'll give a hat tip to our HR department.","INBOX",""
"2-YjU0MTMxOGUtYTA5NC00Y2E5LTk2ZWItZDJmN2Q0YjkyNjJkXzEwMA==","","Jaclyn Leaver","https://www.linkedin.com/in/jaclynleaver","Christopher Miller","https://www.linkedin.com/in/christopheralanmiller","2026-03-06 17:08:53 UTC","","Hi Christopher, 

Thanks for accepting my connection request! I just applied for the Content Strategist role at Tractorbeam and wanted to put a face to the application. I've spent 10+ years building content systems and leading client-facing strategy across tech, healthcare, and design, and Tractorbeam's approach to meaningful, cross-disciplinary work is exactly the kind of environment I'm looking for. Happy to share more if it's helpful! 

Cheers,
Jaclyn","INBOX","https://www.linkedin.com/dms/prv/vid/v2/D5606AQEbiHk7CzL0og/messaging-attachmentFile/B56ZzEH1HDIYAA-/0/1772816913167?m=AQJ7dk6S7aNRuAAAAZ1k5f5Rv-3EgC4xKgYVr5xbi5grQFzft7VMfE1B&ne=1&v=beta&t=Ry1BBrXiLXbzNJcz3JTWlKd4tPDOtfX4k4FrJTNXqyQ"
"2-MTg4NDdkNjYtM2M1Yi00NjJhLWFmYzMtYWY2Y2JhYjRmYWYwXzEwMA==","","Ana Safronova","https://www.linkedin.com/in/ana-safronova-539b93160","Jaclyn Leaver","https://www.linkedin.com/in/jaclynleaver","2026-03-06 15:38:49 UTC","","Hi Jaclyn,
long time no see.

I just wanted to check in and see if anything has changed on your end since we last connected.

If any new projects enter your pipeline, please feel free to count on us - we’d be happy to support.

Warm regards,
Ana","INBOX",""
"2-MTg4NDdkNjYtM2M1Yi00NjJhLWFmYzMtYWY2Y2JhYjRmYWYwXzEwMA==","","Ana Safronova","https://www.linkedin.com/in/ana-safronova-539b93160","Jaclyn Leaver","https://www.linkedin.com/in/jaclynleaver","2026-01-20 23:26:41 UTC","","Hi Jaclyn,
quick ping as many teams are starting to sketch ideas for 2026 now 👀
If creative visuals or videos is on your roadmap, we’d be happy to run a short creative session and explore directions together.
No pressure - just planting the seed 🌱","INBOX",""
"2-MTg4NDdkNjYtM2M1Yi00NjJhLWFmYzMtYWY2Y2JhYjRmYWYwXzEwMA==","","Ana Safronova","https://www.linkedin.com/in/ana-safronova-539b93160","Jaclyn Leaver","https://www.linkedin.com/in/jaclynleaver","2025-12-12 09:39:09 UTC","","Hey Jaclyn,
How’s the end of the year treating you so far?

Many brands use this period to prepare something fresh for after the holidays - a refined narrative, updated messaging, or a renewed positioning for the year ahead.

If you still have unused budget for this year, we can help you allocate it toward creative content that you’ll be able to benefit from in 2026.","INBOX",""
"2-MTg4NDdkNjYtM2M1Yi00NjJhLWFmYzMtYWY2Y2JhYjRmYWYwXzEwMA==","","Ana Safronova","https://www.linkedin.com/in/ana-safronova-539b93160","Jaclyn Leaver","https://www.linkedin.com/in/jaclynleaver","2025-12-05 10:52:08 UTC","","Happy Friday 😇 Hope you had a productive week.

I noticed you're running the show at myTruddy - how’s this last quarter going for you?
If you’re considering any content or video projects before the end of the year, I’d be glad to discuss how my team could support you 🫶","INBOX",""
"2-MTg4NDdkNjYtM2M1Yi00NjJhLWFmYzMtYWY2Y2JhYjRmYWYwXzEwMA==","","Jaclyn Leaver","https://www.linkedin.com/in/jaclynleaver","Ana Safronova","https://www.linkedin.com/in/ana-safronova-539b93160","2025-12-01 15:59:17 UTC","","Hi Ana, it's great to connect with you. Looking forward to staying in touch!","INBOX",""
"2-MTg4NDdkNjYtM2M1Yi00NjJhLWFmYzMtYWY2Y2JhYjRmYWYwXzEwMA==","","Ana Safronova","https://www.linkedin.com/in/ana-safronova-539b93160","Jaclyn Leaver","https://www.linkedin.com/in/jaclynleaver","2025-12-01 15:58:41 UTC","","Hi Jaclyn,
I’ve been exploring how companies approach content strategy, and your background really stood out. I thought, “Yep, I’d enjoy having this person in my network!”
Hope you’re open to connecting :)","INBOX",""
"2-ODc3YWYxZTItYjFmYi00NTUwLTlkNWQtZjg5MDgzNmI1MTczXzEwMA==","","Jaclyn Leaver","https://www.linkedin.com/in/jaclynleaver","Nancy Karrer","https://www.linkedin.com/in/nancykarrer","2026-03-03 21:51:34 UTC","Just Applied — Integrated Content Lead at ONEOK","Hi Nancy,

I just applied for the Integrated Content Lead role at ONEOK and wanted to reach out directly. I have a lot of genuine enthusiasm for this one.

A few reasons I think I'd be a strong fit:

- I've spent 10+ years leading content across digital, social, video, and editorial channels, with a real focus on building the editorial systems and voice frameworks that make content scale.

- I'm comfortable both setting strategy with executives and doing the hands-on work to bring it to life.

- I'm results-oriented. In my last role as the Head of Content at a career tech startup, I improved conversions by 18% and retention by 22% through content testing and optimization.

Sharing my resume here and would love to connect to chat more about the role!

Cheers,
Jaclyn Leaver
405.834.7488","INBOX","https://www.linkedin.com/dms/prv/vid/v2/D5606AQFZTJNnxNe8vw/messaging-attachmentFile/B56Zy1rfh7IAAA-/0/1772574603776?m=AQKcvIxuA7PKtwAAAZ1k5f5S-AlClxgmIBb8GN7EuAmIaX8_UHjuvM2z&ne=1&v=beta&t=PFg1JI7UuIu-whmUUZh66Wi3LVblvjwgUCIqR5R0F2E"
"2-ZDJkMGM2MGQtN2VhYy00YmQ2LTgxMGMtNjMwOTRjYTNkYWZhXzEwMA==","","Ansh Jogi","https://www.linkedin.com/in/anshjogi","Jaclyn Leaver","https://www.linkedin.com/in/jaclynleaver","2026-03-02 12:37:11 UTC","","I’m seeing something similar. It’s great for speeding things up and generating ideas. But if the thinking isn’t strong, it just creates more noise. It really depends on who’s using it.","INBOX",""
"2-ZDJkMGM2MGQtN2VhYy00YmQ2LTgxMGMtNjMwOTRjYTNkYWZhXzEwMA==","","Jaclyn Leaver","https://www.linkedin.com/in/jaclynleaver","Ansh Jogi","https://www.linkedin.com/in/anshjogi","2026-02-27 15:27:16 UTC","","It's so true, it's a great way to litmus test your ideas. It's definitely changing the way teams collaborate. I see it really emboldening team members who have expertise in one area come with ideas for others who are experts in other areas, which I think can be a double-edged sword. For example, a product manager can now use Lovable or something similar to mock up a new product feature and work with an LLM to come up with language, so when they meet with the design team, they have a clear visual to share. I've seen that work well in some instances and I've seen that be maddening in others. Just one example. What are you seeing?","INBOX",""
"2-ZDJkMGM2MGQtN2VhYy00YmQ2LTgxMGMtNjMwOTRjYTNkYWZhXzEwMA==","","Ansh Jogi","https://www.linkedin.com/in/anshjogi","Jaclyn Leaver","https://www.linkedin.com/in/jaclynleaver","2026-02-27 14:05:36 UTC","","I like that, using it as a thinking partner instead of a replacement. I've found it's best for testing ideas and sharpening the message. If something feels unclear, it shows you quickly. Do you see it changing how teams collaborate too?","INBOX",""
"2-ZDJkMGM2MGQtN2VhYy00YmQ2LTgxMGMtNjMwOTRjYTNkYWZhXzEwMA==","","Jaclyn Leaver","https://www.linkedin.com/in/jaclynleaver","Ansh Jogi","https://www.linkedin.com/in/anshjogi","2026-02-26 18:37:17 UTC","","Oh man, let me count the ways... The best way I've seen it used is to have a conversation with it as a thought partner about what it is you're trying to do with your strategy and then letting it help you think about a bunch of (sometimes crazy and out of left field) ways that you could structure it. It's really helped me think outside the box or spark new ideas that I would have never thought of. It has also helped tighten things up like... oh, you've got too many messages here, we gotta pair this down. How about you?","INBOX",""
"2-ZDJkMGM2MGQtN2VhYy00YmQ2LTgxMGMtNjMwOTRjYTNkYWZhXzEwMA==","","Ansh Jogi","https://www.linkedin.com/in/anshjogi","Jaclyn Leaver","https://www.linkedin.com/in/jaclynleaver","2026-02-26 17:57:01 UTC","","That’s so true. Getting clear before writing saves so much rework. How are you seeing AI change content strategy on your side?","INBOX",""
"2-ZDJkMGM2MGQtN2VhYy00YmQ2LTgxMGMtNjMwOTRjYTNkYWZhXzEwMA==","","Jaclyn Leaver","https://www.linkedin.com/in/jaclynleaver","Ansh Jogi","https://www.linkedin.com/in/anshjogi","2026-02-26 16:44:26 UTC","","Hey Ansh, it did! I really appreciated your perspective. I think it's so important to get clear on the message before you write one word of content. Thanks for connecting!","INBOX",""
"2-ZDJkMGM2MGQtN2VhYy00YmQ2LTgxMGMtNjMwOTRjYTNkYWZhXzEwMA==","","Ansh Jogi","https://www.linkedin.com/in/anshjogi","Jaclyn Leaver","https://www.linkedin.com/in/jaclynleaver","2026-02-26 16:42:19 UTC","","Hey Jaclyn, saw you liked my post about AI and clearer messaging for writers. Glad it resonated.","INBOX",""
"2-ZGY5Y2YxY2UtNjM0MS00ZDUyLTllNjctM2VhYmU0ZGRiNzljXzEwMA==","","Matt Graham 👨‍💻","https://www.linkedin.com/in/matt-graham-nocode","Jaclyn Leaver","https://www.linkedin.com/in/jaclynleaver","2026-03-02 06:12:41 UTC","","Awesome, Jaclyn. Good luck!","INBOX",""
"2-ZGY5Y2YxY2UtNjM0MS00ZDUyLTllNjctM2VhYmU0ZGRiNzljXzEwMA==","","Jaclyn Leaver","https://www.linkedin.com/in/jaclynleaver","Matt Graham 👨‍💻","https://www.linkedin.com/in/matt-graham-nocode","2026-03-02 05:27:24 UTC","","Hi Matt! My name is Jaclyn Leaver and I just submitted my application for the Content Writer / Copy Writer role at RapidDev. Excited about what you're building and hope to connect soon!","INBOX",""
"2-NTIwZTEzZDYtMDY0MC00ZmU1LTg2OWQtNDc2MzE5N2MzNDNhXzEwMA==","Writing Analyst Remote role","Vivek Sahane","https://www.linkedin.com/in/vivek-sahane-bravensinc","Jaclyn Leaver","https://www.linkedin.com/in/jaclynleaver","2026-02-26 19:14:39 UTC","Writing Analyst Remote role","Hello Jaclyn, 

I hope you're doing well! I recently came across your LinkedIn profile and was genuinely impressed by your background—it’s a strong and compelling profile.

We currently have an exciting 100% remote opportunity with one of our clients for the role of Writing Analyst / Content Editor. This position is part of a new AI-driven project and offers a great chance to work in a dynamic and innovative environment.

Key Requirements:
* Excellent written and verbal communication skills in English
* Proficiency with computers and tools such as Google Workspace (Docs, Sheets, etc.)

This is a bulk hiring initiative, and the client is offering $20/hr on W2.

If you're interested, feel free to reach out to me directly at 703-291-4860 or send your updated resume to yogita.gosavi@bravensinc.com [mailto:yogita.gosavi@bravensinc.com].

Looking forward to hearing from you!

Best regards, 
Yogita Gosavi,
Bravens Inc.
703-291-4860
yogita.gosavi@bravensinc.com [mailto:yogita.gosavi@bravensinc.com]","INBOX",""
"2-NWNlOGFhNzctN2Q0MC00MGYwLWFlMjgtNDQ4MTMzMTlhZWNiXzEwMA==","","Josh Cons","https://www.linkedin.com/in/josh-cons-453993204","Jaclyn Leaver","https://www.linkedin.com/in/jaclynleaver","2026-02-25 20:24:39 UTC","","Super cool site !!","INBOX",""
"2-NWNlOGFhNzctN2Q0MC00MGYwLWFlMjgtNDQ4MTMzMTlhZWNiXzEwMA==","","Jaclyn Leaver","https://www.linkedin.com/in/jaclynleaver","Josh Cons","https://www.linkedin.com/in/josh-cons-453993204","2026-02-25 17:44:45 UTC","","Ah! I sit at the intersection of content strategy, content design, ux writing, and AI automation. A strategist and a writer! Still working on my website, but in case you're curious... https://spellwellcreative.com/","INBOX",""
"2-NWNlOGFhNzctN2Q0MC00MGYwLWFlMjgtNDQ4MTMzMTlhZWNiXzEwMA==","","Josh Cons","https://www.linkedin.com/in/josh-cons-453993204","Jaclyn Leaver","https://www.linkedin.com/in/jaclynleaver","2026-02-25 16:59:50 UTC","","Would love to hear more about the work you do! ","INBOX",""
"2-NWNlOGFhNzctN2Q0MC00MGYwLWFlMjgtNDQ4MTMzMTlhZWNiXzEwMA==","","Josh Cons","https://www.linkedin.com/in/josh-cons-453993204","Jaclyn Leaver","https://www.linkedin.com/in/jaclynleaver","2026-02-25 16:59:44 UTC","","Haha, totally with you","INBOX",""
"2-NWNlOGFhNzctN2Q0MC00MGYwLWFlMjgtNDQ4MTMzMTlhZWNiXzEwMA==","","Jaclyn Leaver","https://www.linkedin.com/in/jaclynleaver","Josh Cons","https://www.linkedin.com/in/josh-cons-453993204","2026-02-25 16:27:52 UTC","","Hi Josh! Thanks for connecting. I really appreciated what you shared in your post. It really does come down to human psychology. I feel like that's all I am reading on LinkedIn lately... AI this or AI that but let's not forget the power behind the human! It feels weird to have to defend the importance of humanity but I guess that's just where we are these days.","INBOX",""
"2-NWNlOGFhNzctN2Q0MC00MGYwLWFlMjgtNDQ4MTMzMTlhZWNiXzEwMA==","","Josh Cons","https://www.linkedin.com/in/josh-cons-453993204","Jaclyn Leaver","https://www.linkedin.com/in/jaclynleaver","2026-02-25 16:25:03 UTC","","I appreciate the connect and support on my recent post! ","INBOX",""
"2-Y2E3ZDc3MGYtNDU1ZS00MTcyLWJkOTUtNWJkZWQxMGE4ODk1XzEwMA==","","Jaclyn Leaver","https://www.linkedin.com/in/jaclynleaver","Lindsay McGaan","https://www.linkedin.com/in/lindsaymcgaan","2026-02-25 18:03:28 UTC","Stripe's next Staff Content Designer (hopefully)","Hi Lindsay,

A fellow organizer-by-color reaching out! I just applied for the Staff Content Designer role on the Dashboard team and wanted to connect directly.

My background is in complex, technical products — AI interfaces, data-driven tools, and hardware. I also have experience in multi-country academic research, which is really just another way of saying: turning dense, data-heavy material into content that non-experts can actually understand and use. I come from outside fintech, but I'd love a chance to explain why I think the gap is smaller than it looks.

I've attached my resume and cover letter, and my portfolio is here: https://jaclynleaver.com/ (password: JaclynLeaver2026).

I'd love 20 minutes to connect if you're open to it.

Jaclyn","INBOX","https://www.linkedin.com/dms/prv/vid/v2/D4D06AQF33CGpQRaVlw/messaging-attachmentFile/B4DZyV9yRrJAAA-/0/1772042528164?m=AQIDI2KihYPr2QAAAZ1k5f5QK2UHHCMc2NQfC49lwLrAyKA01kZ-OWBd&ne=1&v=beta&t=LFRr1coWyJIdI48EZyuqsU5ev8rIoLhUFO-1TV4AjX4,https://www.linkedin.com/dms/prv/vid/v2/D4D06AQFZKdRffXX1Bg/messaging-attachmentFile/B4DZyV91rGG0AI-/0/1772042542054?m=AQKFL2-dm-pdgwAAAZ1k5f5Ps74JN9QZqRSKYwct-3fe5f8Qof1ZBoHP&ne=1&v=beta&t=OL4yZSuSnIX23uchDvc0isOiT1FWtFIAvyGkSoJ3nbc"
"2-ZDc5MjQzY2QtZDdmYy00NmIzLWE3MzUtNGYxMWM2NDRlM2I4XzEwMA==","","Jaclyn Leaver","https://www.linkedin.com/in/jaclynleaver","Cindy Lee","https://www.linkedin.com/in/cindy-lee-markess","2026-02-25 15:53:16 UTC","Request for Copywriter / Content Designer","Hi Cindy,

My name is Jaclyn! I saw your recent post about hiring a copywriter / content designer and wanted to throw my hat in the ring. I've been doing this for the last 10 or so years and just recently started my own business, so I'm set up for contract work. I'm sharing my portfolio here (password is JaclynLeaver2026) that has a few deeper dive case studies and a series of writing samples. I'd love to chat further if you think I might be a good fit! 

https://jaclynleaver.com/

Thanks for considering!

Cheers,
Jaclyn","INBOX",""
"2-MTMxZDg1ZWYtNTViYS00ZjA3LTk3YjMtY2JkMDVjOTFlNjJiXzEwMA==","","Jaclyn Leaver","https://www.linkedin.com/in/jaclynleaver","Chuks Wesley","https://www.linkedin.com/in/chuks-wesley-seocontentwriter","2026-02-24 18:11:30 UTC","","Hi Chuks! Great to be connected.","INBOX",""
"2-MTMxZDg1ZWYtNTViYS00ZjA3LTk3YjMtY2JkMDVjOTFlNjJiXzEwMA==","","Chuks Wesley","https://www.linkedin.com/in/chuks-wesley-seocontentwriter","Jaclyn Leaver","https://www.linkedin.com/in/jaclynleaver","2026-02-24 17:56:24 UTC","","Hi Jaclyn, it’s a pleasure connecting with you here. I say your page from the Peak Freelance #intro channel and thought… of course, I should connect and say hi 😊","INBOX",""
"2-NDEwMjExM2YtMmFhNS00NDcxLWI2NWUtZDg0MDU1YWQ5YjI0XzEwMA==","","Jaclyn Leaver","https://www.linkedin.com/in/jaclynleaver","Evan Feldman","https://www.linkedin.com/in/feldmanevan","2026-02-21 16:05:42 UTC","","Thanks, Evan! I really appreciate it. Hope you are having a great weekend. ","INBOX",""
"2-NDEwMjExM2YtMmFhNS00NDcxLWI2NWUtZDg0MDU1YWQ5YjI0XzEwMA==","","Evan Feldman","https://www.linkedin.com/in/feldmanevan","Jaclyn Leaver","https://www.linkedin.com/in/jaclynleaver","2026-02-21 03:04:07 UTC","","Hi Jaclyn,

Thanks for attending - and the connection!

Please let me know if I can ever be of any assistance.

Best,
Evan","INBOX",""
"2-NDEwMjExM2YtMmFhNS00NDcxLWI2NWUtZDg0MDU1YWQ5YjI0XzEwMA==","","Jaclyn Leaver","https://www.linkedin.com/in/jaclynleaver","Evan Feldman","https://www.linkedin.com/in/feldmanevan","2026-02-20 18:10:30 UTC","","Hi Evan! Following along on the Never Search Alone LinkedIn Live Event and wanted to connect. Thanks for sharing your insights with us! ","INBOX",""
"2-Y2VlY2E3NjctODE4ZS00ZDE3LWE3MGQtMTlkNzQxZDhhODdmXzEwMA==","","Jaclyn Leaver","https://www.linkedin.com/in/jaclynleaver","Silvi Specter ⚡","https://www.linkedin.com/in/silvi-specter-tech-startup-marketing-consultant","2026-02-21 16:04:53 UTC","","Hi! Great to connect!! ","INBOX",""
"2-Y2VlY2E3NjctODE4ZS00ZDE3LWE3MGQtMTlkNzQxZDhhODdmXzEwMA==","","Silvi Specter ⚡","https://www.linkedin.com/in/silvi-specter-tech-startup-marketing-consultant","Jaclyn Leaver","https://www.linkedin.com/in/jaclynleaver","2026-02-21 00:13:18 UTC","","Connecting from Top of the Funnel!","INBOX",""
"2-YmNiODBlYTYtMGI0YS00MDljLWJhYzQtNjUyNTc2MDBiNGI3XzEwMA==","","Jaclyn Leaver","https://www.linkedin.com/in/jaclynleaver","Melea Seward","https://www.linkedin.com/in/meleaseward","2026-02-20 20:46:06 UTC","","Hi Melea! Following along on the Never Search Alone LinkedIn Live Event and wanted to connect. Thanks for sharing your insights with us! ","INBOX",""
"2-YTg4MTFiZmMtNjc0Zi00N2QwLWIzNjgtMDJiYmU2YzI4OGY3XzEwMA==","","Jaclyn Leaver","https://www.linkedin.com/in/jaclynleaver","Alexia Palau","https://www.linkedin.com/in/ap-marketing","2026-02-09 21:15:14 UTC","","Hi Alexia! Thanks so much for reaching out, appreciate it. Happy to be connected!","INBOX",""
"2-YTg4MTFiZmMtNjc0Zi00N2QwLWIzNjgtMDJiYmU2YzI4OGY3XzEwMA==","","Alexia Palau","https://www.linkedin.com/in/ap-marketing","Jaclyn Leaver","https://www.linkedin.com/in/jaclynleaver","2026-02-09 21:14:12 UTC","","Hi Jaclyn,
Great to connect from Top of the Funnel. If you ever need anything from me in the future, let me know.","INBOX",""
"2-N2Q0Nzk0MDktOTIyNC00MzVjLTg2YzgtMzUzMzdhN2I5N2UwXzEwMA==","","Daniil Sergeev","https://www.linkedin.com/in/daniil-sergeev","Jaclyn Leaver","https://www.linkedin.com/in/jaclynleaver","2026-01-21 16:55:18 UTC","","Thank you! Talk soon ","INBOX",""
"2-N2Q0Nzk0MDktOTIyNC00MzVjLTg2YzgtMzUzMzdhN2I5N2UwXzEwMA==","","Daniil Sergeev","https://www.linkedin.com/in/daniil-sergeev","Jaclyn Leaver","https://www.linkedin.com/in/jaclynleaver","2026-01-21 16:55:10 UTC","","I got it","INBOX",""
"2-N2Q0Nzk0MDktOTIyNC00MzVjLTg2YzgtMzUzMzdhN2I5N2UwXzEwMA==","","Jaclyn Leaver","https://www.linkedin.com/in/jaclynleaver","Daniil Sergeev","https://www.linkedin.com/in/daniil-sergeev","2026-01-21 16:52:26 UTC","","ok, just resent!","INBOX",""
"2-N2Q0Nzk0MDktOTIyNC00MzVjLTg2YzgtMzUzMzdhN2I5N2UwXzEwMA==","","Jaclyn Leaver","https://www.linkedin.com/in/jaclynleaver","Daniil Sergeev","https://www.linkedin.com/in/daniil-sergeev","2026-01-21 16:51:58 UTC","","ah, ok! one sec","INBOX",""
"2-N2Q0Nzk0MDktOTIyNC00MzVjLTg2YzgtMzUzMzdhN2I5N2UwXzEwMA==","","Daniil Sergeev","https://www.linkedin.com/in/daniil-sergeev","Jaclyn Leaver","https://www.linkedin.com/in/jaclynleaver","2026-01-21 16:51:49 UTC","","daniilfirma@gmail.com","INBOX",""
"2-N2Q0Nzk0MDktOTIyNC00MzVjLTg2YzgtMzUzMzdhN2I5N2UwXzEwMA==","","Daniil Sergeev","https://www.linkedin.com/in/daniil-sergeev","Jaclyn Leaver","https://www.linkedin.com/in/jaclynleaver","2026-01-21 16:51:37 UTC","","Oh sorry a typo in the email ","INBOX",""
"2-N2Q0Nzk0MDktOTIyNC00MzVjLTg2YzgtMzUzMzdhN2I5N2UwXzEwMA==","","Daniil Sergeev","https://www.linkedin.com/in/daniil-sergeev","Jaclyn Leaver","https://www.linkedin.com/in/jaclynleaver","2026-01-21 16:51:19 UTC","","No, I don't see it ","INBOX",""
"2-N2Q0Nzk0MDktOTIyNC00MzVjLTg2YzgtMzUzMzdhN2I5N2UwXzEwMA==","","Daniil Sergeev","https://www.linkedin.com/in/daniil-sergeev","Jaclyn Leaver","https://www.linkedin.com/in/jaclynleaver","2026-01-21 16:50:39 UTC","","Let me check","INBOX",""
"2-N2Q0Nzk0MDktOTIyNC00MzVjLTg2YzgtMzUzMzdhN2I5N2UwXzEwMA==","","Jaclyn Leaver","https://www.linkedin.com/in/jaclynleaver","Daniil Sergeev","https://www.linkedin.com/in/daniil-sergeev","2026-01-21 15:37:19 UTC","","Hi Daniil! I just sent you a calendar invite. Can you confirm whether you've received it?","INBOX",""
"2-N2Q0Nzk0MDktOTIyNC00MzVjLTg2YzgtMzUzMzdhN2I5N2UwXzEwMA==","","Jaclyn Leaver","https://www.linkedin.com/in/jaclynleaver","Daniil Sergeev","https://www.linkedin.com/in/daniil-sergeev","2026-01-20 22:54:20 UTC","","Perfect! Will do! ","INBOX",""
"2-N2Q0Nzk0MDktOTIyNC00MzVjLTg2YzgtMzUzMzdhN2I5N2UwXzEwMA==","","Daniil Sergeev","https://www.linkedin.com/in/daniil-sergeev","Jaclyn Leaver","https://www.linkedin.com/in/jaclynleaver","2026-01-20 22:36:57 UTC","","danillfirma@gmail.com","INBOX",""
"2-N2Q0Nzk0MDktOTIyNC00MzVjLTg2YzgtMzUzMzdhN2I5N2UwXzEwMA==","","Daniil Sergeev","https://www.linkedin.com/in/daniil-sergeev","Jaclyn Leaver","https://www.linkedin.com/in/jaclynleaver","2026-01-20 22:36:46 UTC","","How about 10am CT? Feel free to send an invite ","INBOX",""
"2-N2Q0Nzk0MDktOTIyNC00MzVjLTg2YzgtMzUzMzdhN2I5N2UwXzEwMA==","","Jaclyn Leaver","https://www.linkedin.com/in/jaclynleaver","Daniil Sergeev","https://www.linkedin.com/in/daniil-sergeev","2026-01-20 22:33:32 UTC","","Hi Daniil, Amazing! Thanks for the quick response. How’s Friday morning between 9am and 12pm Central time? ","INBOX",""
"2-N2Q0Nzk0MDktOTIyNC00MzVjLTg2YzgtMzUzMzdhN2I5N2UwXzEwMA==","","Daniil Sergeev","https://www.linkedin.com/in/daniil-sergeev","Jaclyn Leaver","https://www.linkedin.com/in/jaclynleaver","2026-01-20 22:18:05 UTC","","Hi Jaclyn,

It's great to hear from you! I’d be happy to help you with branding and website. Let's chat this week. How about Thu or Fri? ","INBOX",""
"2-N2Q0Nzk0MDktOTIyNC00MzVjLTg2YzgtMzUzMzdhN2I5N2UwXzEwMA==","","Jaclyn Leaver","https://www.linkedin.com/in/jaclynleaver","Daniil Sergeev","https://www.linkedin.com/in/daniil-sergeev","2026-01-20 22:09:19 UTC","","Hi Daniil,

Hope your 2026 is off to a great start!

I wanted to say hi and also run something by you. I started a content strategy and copywriting business a while ago, but honestly haven’t had the time until now to really get it set up properly. Now that I do, I’m realizing I could use some help getting the brand into shape — logo, color palette, fonts, all the things that make it feel real and pulled together.

The business is called Spellwell Creative, and I do have a website… but it definitely needs some love 😅

I was wondering if this is the kind of work you’d be open to helping with, or if you’d be up for chatting about it. And if it’s not your thing, no worries at all. I’d also love any recs for designers who work with solopreneurs.

If you’re around and up for it, would love to hop on a call and catch up either way.

Cheers,
Jaclyn","INBOX",""
"2-ODRjMmZkNWMtYTFlNi00MWM0LTk4OGQtNjE4MzIzZTY1YWZjXzEwMA==","","Jaclyn Leaver","https://www.linkedin.com/in/jaclynleaver","Rachel Cooley","https://www.linkedin.com/in/rachelcooley","2026-01-12 21:20:10 UTC","","Also hi!!!","INBOX",""
"2-ODRjMmZkNWMtYTFlNi00MWM0LTk4OGQtNjE4MzIzZTY1YWZjXzEwMA==","","Jaclyn Leaver","https://www.linkedin.com/in/jaclynleaver","Rachel Cooley","https://www.linkedin.com/in/rachelcooley","2026-01-12 21:20:06 UTC","","Oof. Yes. We are not alone.","INBOX",""
"2-ODRjMmZkNWMtYTFlNi00MWM0LTk4OGQtNjE4MzIzZTY1YWZjXzEwMA==","","Rachel Cooley","https://www.linkedin.com/in/rachelcooley","Jaclyn Leaver","https://www.linkedin.com/in/jaclynleaver","2026-01-12 20:30:30 UTC","","Hi friend! This one hit deep","INBOX",""
"2-ODRjMmZkNWMtYTFlNi00MWM0LTk4OGQtNjE4MzIzZTY1YWZjXzEwMA==","","Jaclyn Leaver","https://www.linkedin.com/in/jaclynleaver","Rachel Cooley","https://www.linkedin.com/in/rachelcooley","2025-10-14 16:37:05 UTC","","Interesting! Thanks for sharing this update. Let's see how it impacts our ads.","INBOX",""
"2-ODRjMmZkNWMtYTFlNi00MWM0LTk4OGQtNjE4MzIzZTY1YWZjXzEwMA==","","Rachel Cooley","https://www.linkedin.com/in/rachelcooley","Jaclyn Leaver","https://www.linkedin.com/in/jaclynleaver","2025-10-14 15:35:12 UTC","","Good to know for boosting!","INBOX",""
"2-ODRjMmZkNWMtYTFlNi00MWM0LTk4OGQtNjE4MzIzZTY1YWZjXzEwMA==","","Rachel Cooley","https://www.linkedin.com/in/rachelcooley","Jaclyn Leaver","https://www.linkedin.com/in/jaclynleaver","2025-09-05 17:17:34 UTC","","I will, but I just feel like she doesn't listen to anything I say lol","INBOX",""
"2-ODRjMmZkNWMtYTFlNi00MWM0LTk4OGQtNjE4MzIzZTY1YWZjXzEwMA==","","Jaclyn Leaver","https://www.linkedin.com/in/jaclynleaver","Rachel Cooley","https://www.linkedin.com/in/rachelcooley","2025-09-05 16:50:14 UTC","","!!!! Did you send this to Clara?! We need to change our strategy with No Growth ASAP.","INBOX",""
"2-ODRjMmZkNWMtYTFlNi00MWM0LTk4OGQtNjE4MzIzZTY1YWZjXzEwMA==","","Rachel Cooley","https://www.linkedin.com/in/rachelcooley","Jaclyn Leaver","https://www.linkedin.com/in/jaclynleaver","2025-09-05 16:13:30 UTC","","THIS!!!","INBOX",""
"2-ODRjMmZkNWMtYTFlNi00MWM0LTk4OGQtNjE4MzIzZTY1YWZjXzEwMA==","","Jaclyn Leaver","https://www.linkedin.com/in/jaclynleaver","Rachel Cooley","https://www.linkedin.com/in/rachelcooley","2025-09-03 16:47:47 UTC","","Preach!","INBOX",""
"2-ODRjMmZkNWMtYTFlNi00MWM0LTk4OGQtNjE4MzIzZTY1YWZjXzEwMA==","","Rachel Cooley","https://www.linkedin.com/in/rachelcooley","Jaclyn Leaver","https://www.linkedin.com/in/jaclynleaver","2025-09-03 15:56:39 UTC","","Well if this isn't hitting close to home... lol","INBOX",""
"2-ODRjMmZkNWMtYTFlNi00MWM0LTk4OGQtNjE4MzIzZTY1YWZjXzEwMA==","","Jaclyn Leaver","https://www.linkedin.com/in/jaclynleaver","Rachel Cooley","https://www.linkedin.com/in/rachelcooley","2025-08-08 20:18:10 UTC","","This is curious!","INBOX",""
"2-ODRjMmZkNWMtYTFlNi00MWM0LTk4OGQtNjE4MzIzZTY1YWZjXzEwMA==","","Rachel Cooley","https://www.linkedin.com/in/rachelcooley","Jaclyn Leaver","https://www.linkedin.com/in/jaclynleaver","2025-08-08 19:58:57 UTC","","Interesting concept","INBOX",""
"2-ODRjMmZkNWMtYTFlNi00MWM0LTk4OGQtNjE4MzIzZTY1YWZjXzEwMA==","","Jaclyn Leaver","https://www.linkedin.com/in/jaclynleaver","Rachel Cooley","https://www.linkedin.com/in/rachelcooley","2025-07-14 17:24:42 UTC","","😊","INBOX",""
"2-ODRjMmZkNWMtYTFlNi00MWM0LTk4OGQtNjE4MzIzZTY1YWZjXzEwMA==","","Rachel Cooley","https://www.linkedin.com/in/rachelcooley","Jaclyn Leaver","https://www.linkedin.com/in/jaclynleaver","2025-07-14 17:24:36 UTC","","You're welcome!😀","INBOX",""
"2-ODRjMmZkNWMtYTFlNi00MWM0LTk4OGQtNjE4MzIzZTY1YWZjXzEwMA==","","Jaclyn Leaver","https://www.linkedin.com/in/jaclynleaver","Rachel Cooley","https://www.linkedin.com/in/rachelcooley","2025-07-14 17:05:09 UTC","","Thank you!! Super helpful!","INBOX",""
"2-ODRjMmZkNWMtYTFlNi00MWM0LTk4OGQtNjE4MzIzZTY1YWZjXzEwMA==","","Rachel Cooley","https://www.linkedin.com/in/rachelcooley","Jaclyn Leaver","https://www.linkedin.com/in/jaclynleaver","2025-07-14 02:54:13 UTC","","","INBOX",""
"2-N2UyODBhODEtMTdjNy01NzllLWFiYTEtZDYyZTg0NWNmNGZiXzAxMg==","","Donna Alexander","https://www.linkedin.com/in/donna-alexander-86840a54","Jaclyn Leaver","https://www.linkedin.com/in/jaclynleaver","2025-12-22 17:46:22 UTC","","","INBOX",""
"2-N2UyODBhODEtMTdjNy01NzllLWFiYTEtZDYyZTg0NWNmNGZiXzAxMg==","","Donna Alexander","https://www.linkedin.com/in/donna-alexander-86840a54","Jaclyn Leaver","https://www.linkedin.com/in/jaclynleaver","2025-09-09 08:33:41 UTC","","👍","INBOX",""
"2-N2UyODBhODEtMTdjNy01NzllLWFiYTEtZDYyZTg0NWNmNGZiXzAxMg==","","Jaclyn Leaver","https://www.linkedin.com/in/jaclynleaver","Donna Alexander","https://www.linkedin.com/in/donna-alexander-86840a54","2025-09-08 20:28:32 UTC","","this is great, thanks!","INBOX",""
"2-N2UyODBhODEtMTdjNy01NzllLWFiYTEtZDYyZTg0NWNmNGZiXzAxMg==","","Donna Alexander","https://www.linkedin.com/in/donna-alexander-86840a54","Jaclyn Leaver","https://www.linkedin.com/in/jaclynleaver","2025-09-07 13:51:58 UTC","","","INBOX",""
"2-N2UyODBhODEtMTdjNy01NzllLWFiYTEtZDYyZTg0NWNmNGZiXzAxMg==","","Jaclyn Leaver","https://www.linkedin.com/in/jaclynleaver","Donna Alexander","https://www.linkedin.com/in/donna-alexander-86840a54","2025-08-26 14:51:41 UTC","","👍","INBOX",""
"2-N2UyODBhODEtMTdjNy01NzllLWFiYTEtZDYyZTg0NWNmNGZiXzAxMg==","","Donna Alexander","https://www.linkedin.com/in/donna-alexander-86840a54","Jaclyn Leaver","https://www.linkedin.com/in/jaclynleaver","2025-08-20 14:52:09 UTC","","👍🏼","INBOX",""
"2-N2UyODBhODEtMTdjNy01NzllLWFiYTEtZDYyZTg0NWNmNGZiXzAxMg==","","Jaclyn Leaver","https://www.linkedin.com/in/jaclynleaver","Donna Alexander","https://www.linkedin.com/in/donna-alexander-86840a54","2025-02-20 23:41:32 UTC","","","INBOX",""
"2-N2UyODBhODEtMTdjNy01NzllLWFiYTEtZDYyZTg0NWNmNGZiXzAxMg==","","Donna Alexander","https://www.linkedin.com/in/donna-alexander-86840a54","Jaclyn Leaver","https://www.linkedin.com/in/jaclynleaver","2025-01-23 16:27:27 UTC","","","INBOX",""
"2-N2UyODBhODEtMTdjNy01NzllLWFiYTEtZDYyZTg0NWNmNGZiXzAxMg==","","Donna Alexander","https://www.linkedin.com/in/donna-alexander-86840a54","Jaclyn Leaver","https://www.linkedin.com/in/jaclynleaver","2025-01-09 15:50:53 UTC","","","INBOX",""
"2-N2UyODBhODEtMTdjNy01NzllLWFiYTEtZDYyZTg0NWNmNGZiXzAxMg==","","Jaclyn Leaver","https://www.linkedin.com/in/jaclynleaver","Donna Alexander","https://www.linkedin.com/in/donna-alexander-86840a54","2024-11-12 19:11:08 UTC","","Thanks!!","INBOX",""
"2-N2UyODBhODEtMTdjNy01NzllLWFiYTEtZDYyZTg0NWNmNGZiXzAxMg==","","Donna Alexander","https://www.linkedin.com/in/donna-alexander-86840a54","Jaclyn Leaver","https://www.linkedin.com/in/jaclynleaver","2024-11-12 04:07:45 UTC","","","INBOX",""
"2-N2UyODBhODEtMTdjNy01NzllLWFiYTEtZDYyZTg0NWNmNGZiXzAxMg==","","Donna Alexander","https://www.linkedin.com/in/donna-alexander-86840a54","Jaclyn Leaver","https://www.linkedin.com/in/jaclynleaver","2024-09-09 12:04:58 UTC","","","INBOX",""
"2-N2UyODBhODEtMTdjNy01NzllLWFiYTEtZDYyZTg0NWNmNGZiXzAxMg==","","Donna Alexander","https://www.linkedin.com/in/donna-alexander-86840a54","Jaclyn Leaver","https://www.linkedin.com/in/jaclynleaver","2024-08-10 04:26:41 UTC","","","INBOX",""
"2-N2UyODBhODEtMTdjNy01NzllLWFiYTEtZDYyZTg0NWNmNGZiXzAxMg==","","Jaclyn Leaver","https://www.linkedin.com/in/jaclynleaver","Donna Alexander","https://www.linkedin.com/in/donna-alexander-86840a54","2023-04-30 15:39:51 UTC","","Amazing!!","INBOX",""
"2-N2UyODBhODEtMTdjNy01NzllLWFiYTEtZDYyZTg0NWNmNGZiXzAxMg==","","Donna Alexander","https://www.linkedin.com/in/donna-alexander-86840a54","Jaclyn Leaver","https://www.linkedin.com/in/jaclynleaver","2023-04-30 09:32:21 UTC","","","INBOX",""
"2-N2UyODBhODEtMTdjNy01NzllLWFiYTEtZDYyZTg0NWNmNGZiXzAxMg==","","Jaclyn Leaver","https://www.linkedin.com/in/jaclynleaver","Donna Alexander","https://www.linkedin.com/in/donna-alexander-86840a54","2023-02-26 06:17:10 UTC","","😂😂😂","INBOX",""
"2-N2UyODBhODEtMTdjNy01NzllLWFiYTEtZDYyZTg0NWNmNGZiXzAxMg==","","Donna Alexander","https://www.linkedin.com/in/donna-alexander-86840a54","Jaclyn Leaver","https://www.linkedin.com/in/jaclynleaver","2023-02-26 04:07:46 UTC","","","INBOX",""
"2-N2UyODBhODEtMTdjNy01NzllLWFiYTEtZDYyZTg0NWNmNGZiXzAxMg==","","Donna Alexander","https://www.linkedin.com/in/donna-alexander-86840a54","Jaclyn Leaver","https://www.linkedin.com/in/jaclynleaver","2023-01-23 17:05:07 UTC","","","INBOX",""
"2-N2UyODBhODEtMTdjNy01NzllLWFiYTEtZDYyZTg0NWNmNGZiXzAxMg==","","Jaclyn Leaver","https://www.linkedin.com/in/jaclynleaver","Donna Alexander","https://www.linkedin.com/in/donna-alexander-86840a54","2022-12-29 04:08:03 UTC","","👍🏼👍🏼👍🏼","INBOX",""
"2-N2UyODBhODEtMTdjNy01NzllLWFiYTEtZDYyZTg0NWNmNGZiXzAxMg==","","Donna Alexander","https://www.linkedin.com/in/donna-alexander-86840a54","Jaclyn Leaver","https://www.linkedin.com/in/jaclynleaver","2022-12-29 03:48:51 UTC","","Thought you might have a use for this.","INBOX",""
"2-N2UyODBhODEtMTdjNy01NzllLWFiYTEtZDYyZTg0NWNmNGZiXzAxMg==","","Donna Alexander","https://www.linkedin.com/in/donna-alexander-86840a54","Jaclyn Leaver","https://www.linkedin.com/in/jaclynleaver","2022-05-11 03:56:30 UTC","","","INBOX",""
"2-N2UyODBhODEtMTdjNy01NzllLWFiYTEtZDYyZTg0NWNmNGZiXzAxMg==","","Jaclyn Leaver","https://www.linkedin.com/in/jaclynleaver","Donna Alexander","https://www.linkedin.com/in/donna-alexander-86840a54","2019-07-03 16:30:23 UTC","","👍","INBOX",""
"2-N2UyODBhODEtMTdjNy01NzllLWFiYTEtZDYyZTg0NWNmNGZiXzAxMg==","","Jaclyn Leaver","https://www.linkedin.com/in/jaclynleaver","Donna Alexander","https://www.linkedin.com/in/donna-alexander-86840a54","2019-07-03 16:30:20 UTC","","Thanks","INBOX",""
"2-N2UyODBhODEtMTdjNy01NzllLWFiYTEtZDYyZTg0NWNmNGZiXzAxMg==","","Donna Alexander","https://www.linkedin.com/in/donna-alexander-86840a54","Jaclyn Leaver","https://www.linkedin.com/in/jaclynleaver","2019-07-03 16:24:48 UTC","","","INBOX",""
"2-N2UyODBhODEtMTdjNy01NzllLWFiYTEtZDYyZTg0NWNmNGZiXzAxMg==","","Donna Alexander","https://www.linkedin.com/in/donna-alexander-86840a54","Jaclyn Leaver","https://www.linkedin.com/in/jaclynleaver","2019-03-17 19:09:00 UTC","","Looks like John Verbick is job hunting, he might be a good match for what Sina does, pass this along if you think so, too. m","INBOX",""
"2-N2UyODBhODEtMTdjNy01NzllLWFiYTEtZDYyZTg0NWNmNGZiXzAxMg==","","Jaclyn Leaver","https://www.linkedin.com/in/jaclynleaver","Donna Alexander","https://www.linkedin.com/in/donna-alexander-86840a54","2019-03-17 05:44:37 UTC","","👍","INBOX",""
"2-N2UyODBhODEtMTdjNy01NzllLWFiYTEtZDYyZTg0NWNmNGZiXzAxMg==","","Donna Alexander","https://www.linkedin.com/in/donna-alexander-86840a54","Jaclyn Leaver","https://www.linkedin.com/in/jaclynleaver","2019-03-16 15:00:26 UTC","","","INBOX",""
"2-N2UyODBhODEtMTdjNy01NzllLWFiYTEtZDYyZTg0NWNmNGZiXzAxMg==","","Donna Alexander","https://www.linkedin.com/in/donna-alexander-86840a54","Jaclyn Leaver","https://www.linkedin.com/in/jaclynleaver","2019-03-12 18:36:04 UTC","","https://www.linkedin.com/pulse/faa-says-boeings-737-max-can-still-fly-tough-year-top-rundown-us-","INBOX",""
"2-N2UyODBhODEtMTdjNy01NzllLWFiYTEtZDYyZTg0NWNmNGZiXzAxMg==","","Donna Alexander","https://www.linkedin.com/in/donna-alexander-86840a54","Jaclyn Leaver","https://www.linkedin.com/in/jaclynleaver","2019-01-21 14:43:21 UTC","","Hilarious: )","INBOX",""
"2-OTA3OWM4MWItNWI3OS00NGJhLWE5ZDYtZDIyMTkzNGJjNDFjXzEwMA==","","Hassan Ali","https://www.linkedin.com/in/hassanaly1","Jaclyn Leaver","https://www.linkedin.com/in/jaclynleaver","2025-11-29 08:44:23 UTC","","https://www.linkedin.com/posts/plumoaiinc_plumoai-platform-demo-ai-project-management-activity-7400296168364306432-7DbO?utm_source=social_share_send&utm_medium=member_desktop_web&rcm=ACoAADxshgABfPtT_vI1SuF1uXoMMVuajzmg7Zc","INBOX",""
"2-ZmI4ZTgxNzUtMDYzNS00YjkxLTllNWItYzEyMDI1ZGEwMGNmXzEwMA==","","Jose Martinez","https://www.linkedin.com/in/jose-martinez-illidge","Jaclyn Leaver","https://www.linkedin.com/in/jaclynleaver","2025-11-18 15:41:42 UTC","","Wonderful! You can share the meeting link with her https://linkedin.join.gong.io/linkedin/jose.illidge/8150891672213919043 Or feel free to share with me her email and I can ad her to the event on the teams calendar.","INBOX",""
"2-ZmI4ZTgxNzUtMDYzNS00YjkxLTllNWItYzEyMDI1ZGEwMGNmXzEwMA==","","Jaclyn Leaver","https://www.linkedin.com/in/jaclynleaver","Jose Martinez","https://www.linkedin.com/in/jose-martinez-illidge","2025-11-18 15:21:12 UTC","","Thanks, Jose! My colleague Rachel will also be joining us. Looking forward to chatting.","INBOX",""
"2-ZmI4ZTgxNzUtMDYzNS00YjkxLTllNWItYzEyMDI1ZGEwMGNmXzEwMA==","","Jose Martinez","https://www.linkedin.com/in/jose-martinez-illidge","Jaclyn Leaver","https://www.linkedin.com/in/jaclynleaver","2025-11-18 14:47:10 UTC","Quick Reminder for Our Upcoming Meeting","Hi Jaclyn,

I hope you're doing well. This is a friendly reminder about our upcoming meeting scheduled for today. I’m looking forward to connecting.

During our session, I’ll provide a quick overview of:
	* Your current LinkedIn campaign performance
	* Key best practices tailored to your objectives
	* Opportunities for optimization and next-step recommendations
If there’s any specific topic or area you’d like me to prepare in advance, please feel free to let me know. I want to make sure the session is as valuable and relevant for you as possible.

You can join the meeting here.

Looking forward to speaking with you.

Best regards,


Jose Martinez","INBOX",""
"2-ZmI4ZTgxNzUtMDYzNS00YjkxLTllNWItYzEyMDI1ZGEwMGNmXzEwMA==","","Jose Martinez","https://www.linkedin.com/in/jose-martinez-illidge","Jaclyn Leaver","https://www.linkedin.com/in/jaclynleaver","2025-11-09 01:22:28 UTC","Quick optimizations to improve LinkedIn campaign performance!","Hi Jaclyn,

I support your Trudy ’s ad account here at LinkedIn and wanted to follow up on the email I sent your way. 

I recently reviewed your campaign and noticed the audience size is outside the optimal range for delivery efficiency. 

On LinkedIn, campaigns generally perform best when targeting 50,000–500,000 members, giving the algorithm enough data to learn, improve impression share, and concentrate your campaign investment on high-value prospects. 

I'd love to schedule a time so we can walk through the adjustments together. Here is my calendar link so you can schedule a time that works: https://meetings.salesloft.com/linkedinproduction/joseillidge

Looking forward to supporting your success! 

Best, 
Jose


Jose Martinez","INBOX",""
"2-ZTZkODRjNjctMTA4YS00MGFiLWE3YzktOTU0MDU3MjMzNzNhXzEwMA==","","Hal Brody","https://www.linkedin.com/in/halbrody","Jaclyn Leaver","https://www.linkedin.com/in/jaclynleaver","2025-11-14 02:28:51 UTC","","Jaclyn, I know you are likely busy. Is a call off the radar for you? 

Hal","INBOX",""
"2-ZTZkODRjNjctMTA4YS00MGFiLWE3YzktOTU0MDU3MjMzNzNhXzEwMA==","","Hal Brody","https://www.linkedin.com/in/halbrody","Jaclyn Leaver","https://www.linkedin.com/in/jaclynleaver","2025-11-09 02:26:53 UTC","","Jaclyn, I should probably have introduced my background a bit more to you.

In college, I opened a record store that grew to 35 locations and 500 employees. I sold the stores, stayed home with my kids, then grew our little music newsletter to become the largest alternative newsweekly in the Midwest. Sold the paper, founded a chain of tea shops, developed real estate, invested in a few other businesses, now a coach, loving this opportunity to help others grow.

Now that we are connected, it would be helpful to understand more about you and your business. Can you carve out a few minutes to talk?","INBOX",""
"2-ZTZkODRjNjctMTA4YS00MGFiLWE3YzktOTU0MDU3MjMzNzNhXzEwMA==","","Hal Brody","https://www.linkedin.com/in/halbrody","Jaclyn Leaver","https://www.linkedin.com/in/jaclynleaver","2025-11-06 02:26:11 UTC","","Hi, Jaclyn. Your background caught my attention for the CEO peer advisory board that I facilitate here in the Bay Area.

We are a community of leaders that help each other make tough decisions, evaluate opportunities and become better human beings. We free up time, have more profitable businesses, and achieve a more balanced life. For the last 10 years I’ve been working with high performing owners and executives like you who have gained significant value from being a part of this confidential peer group.

I am currently interviewing prospective candidates to fill seats of members who recently sold or retired. Would you be interested in getting on a short call to see if this is a mutual fit?","INBOX",""
"2-ZTZkODRjNjctMTA4YS00MGFiLWE3YzktOTU0MDU3MjMzNzNhXzEwMA==","","Hal Brody","https://www.linkedin.com/in/halbrody","Jaclyn Leaver","https://www.linkedin.com/in/jaclynleaver","2025-11-05 19:25:14 UTC","","Hi Jaclyn - As a fellow CEO I am reaching out about a peer advisory group here in the SF Bay Area and you surfaced as a potential candidate.

It’d be great to connect!

Best regards,
Hal","INBOX",""
"2-M2VmMDlhNTEtZDMxOC00N2I5LThmOTAtMGE4NDAzZmE3Njc3XzEwMA==","","Jaclyn Leaver","https://www.linkedin.com/in/jaclynleaver","Rachel Oeth","https://www.linkedin.com/in/rachel-oeth-841b63295","2025-11-05 15:36:30 UTC","","👍","INBOX",""
"2-M2VmMDlhNTEtZDMxOC00N2I5LThmOTAtMGE4NDAzZmE3Njc3XzEwMA==","","Rachel Oeth","https://www.linkedin.com/in/rachel-oeth-841b63295","Jaclyn Leaver","https://www.linkedin.com/in/jaclynleaver","2025-11-05 03:44:07 UTC","","I really appreciate that! I love you guys popping up on my fyp! :)","INBOX",""
"2-M2VmMDlhNTEtZDMxOC00N2I5LThmOTAtMGE4NDAzZmE3Njc3XzEwMA==","","Jaclyn Leaver","https://www.linkedin.com/in/jaclynleaver","Rachel Oeth","https://www.linkedin.com/in/rachel-oeth-841b63295","2025-11-04 15:02:10 UTC","","Hi Rachel! Great to hear from you. Things are going well at myTrudy, but I always think of you when we’re talking about great collaborators. I’ll be in touch if something opens up that feels like a good fit. Hope all is well!","INBOX",""
"2-M2VmMDlhNTEtZDMxOC00N2I5LThmOTAtMGE4NDAzZmE3Njc3XzEwMA==","","Rachel Oeth","https://www.linkedin.com/in/rachel-oeth-841b63295","Jaclyn Leaver","https://www.linkedin.com/in/jaclynleaver","2025-11-04 02:47:49 UTC","","Hi Jaclyn, 

I hope you are doing well!! How is your content strategy going for myTrudy? 🤗","INBOX",""
"2-YzNhM2IzMzAtZDAzZi00MWRjLTkzMGItZmVlOWRhZDJmNzQ1XzEwMA==","","Mansi Dixit","https://www.linkedin.com/in/mansidixit2309","Jaclyn Leaver","https://www.linkedin.com/in/jaclynleaver","2025-09-08 17:09:50 UTC","","Alright, I’ll stop haunting your inbox now.
But if you ever hit a point where hiring’s slowing things down, feel free to reach out.
We’ve helped a few teams scale quietly without adding chaos. Might be useful when the time’s right.","INBOX",""
"2-YzNhM2IzMzAtZDAzZi00MWRjLTkzMGItZmVlOWRhZDJmNzQ1XzEwMA==","","Mansi Dixit","https://www.linkedin.com/in/mansidixit2309","Jaclyn Leaver","https://www.linkedin.com/in/jaclynleaver","2025-09-04 14:14:13 UTC","","Hi Jaclyn,
Small thing most folks don’t realize: we screen 1400+ applicants per role before shortlisting. So the quality’s solid, but the process stays fast (3 weeks to hire). Could that kind of setup help your team scale right now?","INBOX",""
"2-YzNhM2IzMzAtZDAzZi00MWRjLTkzMGItZmVlOWRhZDJmNzQ1XzEwMA==","","Mansi Dixit","https://www.linkedin.com/in/mansidixit2309","Jaclyn Leaver","https://www.linkedin.com/in/jaclynleaver","2025-09-01 15:30:35 UTC","","Hi Jaclyn,
Noticed most teams like yours hit a point where local hiring gets expensive fast. Just thought I'd mention—our clients hire exclusive remote employees in India with no upfront costs or long-term contracts.

Happy to explain if useful.","INBOX",""
"2-YzNhM2IzMzAtZDAzZi00MWRjLTkzMGItZmVlOWRhZDJmNzQ1XzEwMA==","","Mansi Dixit","https://www.linkedin.com/in/mansidixit2309","Jaclyn Leaver","https://www.linkedin.com/in/jaclynleaver","2025-08-28 13:34:18 UTC","","Hi Jaclyn , came across your organisation and figured this could be useful for you.

We help founders build remote teams in India across ops, marketing, finance, etc.— full-time, vetted, and around 65% more affordable than local hires. To put it in perspective, what costs $5,000 locally can often be done for about $1,250 if offshored to India.
Worth a quick chat?","INBOX",""
"2-YjdjMWFlN2YtZTY1My00MzE0LWIyMzgtMGMwODY1NmE0YTY4XzEwMA==","","Ty Zebrowski","https://www.linkedin.com/in/ty-zebrowski-79b69964","Jaclyn Leaver","https://www.linkedin.com/in/jaclynleaver","2025-08-29 22:55:59 UTC","","did my last message go through?","INBOX",""
"2-YjdjMWFlN2YtZTY1My00MzE0LWIyMzgtMGMwODY1NmE0YTY4XzEwMA==","","Ty Zebrowski","https://www.linkedin.com/in/ty-zebrowski-79b69964","Jaclyn Leaver","https://www.linkedin.com/in/jaclynleaver","2025-08-26 22:41:40 UTC","","Hey Jaclyn, I’m using this software I built that's helping me create high-converting blogs and funnels and I wanted to see if we could implement it for your company. Can I send you a calendar invite for later today?","INBOX",""
"2-NTYzMzY0NGUtNjBkOC00MzhmLWI0Y2YtM2E1MGNiNzc5MzFkXzEwMA==","","Jaclyn Leaver","https://www.linkedin.com/in/jaclynleaver","Kyle Beljanski","https://www.linkedin.com/in/kyle-beljanski","2025-08-14 22:59:24 UTC","","Very interesting, thanks!","INBOX",""
"2-NTYzMzY0NGUtNjBkOC00MzhmLWI0Y2YtM2E1MGNiNzc5MzFkXzEwMA==","","Kyle Beljanski","https://www.linkedin.com/in/kyle-beljanski","Jaclyn Leaver","https://www.linkedin.com/in/jaclynleaver","2025-08-14 22:24:45 UTC","","","INBOX",""
"2-MGQ1MzVkZDUtOGFlMS00YTdiLTkyMzktMWI5ODQ1ZjNmNWVkXzEwMA==","","Andrew Gambino","https://www.linkedin.com/in/gambino","Jaclyn Leaver","https://www.linkedin.com/in/jaclynleaver","2025-07-31 21:25:51 UTC","","Hi! I’ve been getting into 🧩 LinkedIn’s puzzle games lately. Quick brain teasers that are actually really fun. Want to try one and see how you do? lnkd.in/solveTango","INBOX",""
"2-M2MzNDFkMDAtYzU5NC01M2M1LWFiODYtNWIzYzFlNmRmYThiXzAxMg==","","Sina Mossayeb","https://www.linkedin.com/in/sinamossayeb","Jaclyn Leaver","https://www.linkedin.com/in/jaclynleaver","2025-07-31 02:46:20 UTC","","Interesting resume!","INBOX",""
"2-M2MzNDFkMDAtYzU5NC01M2M1LWFiODYtNWIzYzFlNmRmYThiXzAxMg==","","Sina Mossayeb","https://www.linkedin.com/in/sinamossayeb","Jaclyn Leaver","https://www.linkedin.com/in/jaclynleaver","2025-05-30 02:39:50 UTC","","https://www.obello.com/j","INBOX",""
"2-M2MzNDFkMDAtYzU5NC01M2M1LWFiODYtNWIzYzFlNmRmYThiXzAxMg==","","Sina Mossayeb","https://www.linkedin.com/in/sinamossayeb","Jaclyn Leaver","https://www.linkedin.com/in/jaclynleaver","2025-05-06 03:44:31 UTC","","This is so good. Must read.","INBOX",""
"2-M2MzNDFkMDAtYzU5NC01M2M1LWFiODYtNWIzYzFlNmRmYThiXzAxMg==","","Sina Mossayeb","https://www.linkedin.com/in/sinamossayeb","Jaclyn Leaver","https://www.linkedin.com/in/jaclynleaver","2025-04-28 12:16:55 UTC","","","INBOX",""
"2-M2MzNDFkMDAtYzU5NC01M2M1LWFiODYtNWIzYzFlNmRmYThiXzAxMg==","","Sina Mossayeb","https://www.linkedin.com/in/sinamossayeb","Jaclyn Leaver","https://www.linkedin.com/in/jaclynleaver","2025-04-26 17:33:12 UTC","","You should follow this guy ","INBOX",""
"2-M2MzNDFkMDAtYzU5NC01M2M1LWFiODYtNWIzYzFlNmRmYThiXzAxMg==","","Jaclyn Leaver","https://www.linkedin.com/in/jaclynleaver","Sina Mossayeb","https://www.linkedin.com/in/sinamossayeb","2025-04-26 02:58:28 UTC","","I want to buy one of these immediately. ","INBOX",""
"2-M2MzNDFkMDAtYzU5NC01M2M1LWFiODYtNWIzYzFlNmRmYThiXzAxMg==","","Sina Mossayeb","https://www.linkedin.com/in/sinamossayeb","Jaclyn Leaver","https://www.linkedin.com/in/jaclynleaver","2025-04-26 00:54:56 UTC","","","INBOX",""
"2-M2MzNDFkMDAtYzU5NC01M2M1LWFiODYtNWIzYzFlNmRmYThiXzAxMg==","","Jaclyn Leaver","https://www.linkedin.com/in/jaclynleaver","Sina Mossayeb","https://www.linkedin.com/in/sinamossayeb","2025-04-25 23:19:24 UTC","","WOW, this is a great visual!","INBOX",""
"2-M2MzNDFkMDAtYzU5NC01M2M1LWFiODYtNWIzYzFlNmRmYThiXzAxMg==","","Sina Mossayeb","https://www.linkedin.com/in/sinamossayeb","Jaclyn Leaver","https://www.linkedin.com/in/jaclynleaver","2025-04-25 23:01:14 UTC","","","INBOX",""
"2-M2MzNDFkMDAtYzU5NC01M2M1LWFiODYtNWIzYzFlNmRmYThiXzAxMg==","","Jaclyn Leaver","https://www.linkedin.com/in/jaclynleaver","Sina Mossayeb","https://www.linkedin.com/in/sinamossayeb","2025-04-25 18:44:09 UTC","","I saw this! So good!","INBOX",""
"2-M2MzNDFkMDAtYzU5NC01M2M1LWFiODYtNWIzYzFlNmRmYThiXzAxMg==","","Sina Mossayeb","https://www.linkedin.com/in/sinamossayeb","Jaclyn Leaver","https://www.linkedin.com/in/jaclynleaver","2025-04-25 17:56:39 UTC","","This is genius","INBOX",""
"2-M2MzNDFkMDAtYzU5NC01M2M1LWFiODYtNWIzYzFlNmRmYThiXzAxMg==","","Jaclyn Leaver","https://www.linkedin.com/in/jaclynleaver","Sina Mossayeb","https://www.linkedin.com/in/sinamossayeb","2025-04-24 15:21:18 UTC","","👍","INBOX",""
"2-M2MzNDFkMDAtYzU5NC01M2M1LWFiODYtNWIzYzFlNmRmYThiXzAxMg==","","Sina Mossayeb","https://www.linkedin.com/in/sinamossayeb","Jaclyn Leaver","https://www.linkedin.com/in/jaclynleaver","2025-04-24 12:19:24 UTC","","Apparently this post had gone viral in getting people jobs: https://www.reddit.com/r/ChatGPTPromptGenius/comments/1k2vluo/this_one_prompt_turned_my_resume_into_a_job/?utm_source=www.theneurondaily.com&utm_medium=newsletter&utm_campaign=microsoft-thinks-we-all-need-to-become-an-ai-boss&_bhlid=cdb87b3526d32815077543589c6f2b3c2d7f972e&rdt=51152","INBOX",""
"2-M2MzNDFkMDAtYzU5NC01M2M1LWFiODYtNWIzYzFlNmRmYThiXzAxMg==","","Jaclyn Leaver","https://www.linkedin.com/in/jaclynleaver","Sina Mossayeb","https://www.linkedin.com/in/sinamossayeb","2025-04-09 00:27:16 UTC","","Thanks","INBOX",""
"2-M2MzNDFkMDAtYzU5NC01M2M1LWFiODYtNWIzYzFlNmRmYThiXzAxMg==","","Sina Mossayeb","https://www.linkedin.com/in/sinamossayeb","Jaclyn Leaver","https://www.linkedin.com/in/jaclynleaver","2025-04-08 22:27:37 UTC","","Hey CEO… I saw this and thought of you. I’m sure you know this but really interesting stuff here ","INBOX",""
"2-M2MzNDFkMDAtYzU5NC01M2M1LWFiODYtNWIzYzFlNmRmYThiXzAxMg==","","Sina Mossayeb","https://www.linkedin.com/in/sinamossayeb","Jaclyn Leaver","https://www.linkedin.com/in/jaclynleaver","2025-03-31 22:58:38 UTC","","","INBOX",""
"2-M2MzNDFkMDAtYzU5NC01M2M1LWFiODYtNWIzYzFlNmRmYThiXzAxMg==","","Sina Mossayeb","https://www.linkedin.com/in/sinamossayeb","Jaclyn Leaver","https://www.linkedin.com/in/jaclynleaver","2025-03-26 18:54:43 UTC","","Fyi","INBOX",""
"2-M2MzNDFkMDAtYzU5NC01M2M1LWFiODYtNWIzYzFlNmRmYThiXzAxMg==","","Sina Mossayeb","https://www.linkedin.com/in/sinamossayeb","Jaclyn Leaver","https://www.linkedin.com/in/jaclynleaver","2025-03-23 16:07:48 UTC","","","INBOX",""
"2-M2MzNDFkMDAtYzU5NC01M2M1LWFiODYtNWIzYzFlNmRmYThiXzAxMg==","","Sina Mossayeb","https://www.linkedin.com/in/sinamossayeb","Jaclyn Leaver","https://www.linkedin.com/in/jaclynleaver","2025-03-16 15:40:44 UTC","","","INBOX",""
"2-M2MzNDFkMDAtYzU5NC01M2M1LWFiODYtNWIzYzFlNmRmYThiXzAxMg==","","Jaclyn Leaver","https://www.linkedin.com/in/jaclynleaver","Sina Mossayeb","https://www.linkedin.com/in/sinamossayeb","2025-03-11 22:29:43 UTC","","","INBOX",""
"2-M2MzNDFkMDAtYzU5NC01M2M1LWFiODYtNWIzYzFlNmRmYThiXzAxMg==","","Jaclyn Leaver","https://www.linkedin.com/in/jaclynleaver","Sina Mossayeb","https://www.linkedin.com/in/sinamossayeb","2025-03-11 04:07:38 UTC","","","INBOX",""
"2-M2MzNDFkMDAtYzU5NC01M2M1LWFiODYtNWIzYzFlNmRmYThiXzAxMg==","","Jaclyn Leaver","https://www.linkedin.com/in/jaclynleaver","Sina Mossayeb","https://www.linkedin.com/in/sinamossayeb","2025-02-19 03:11:47 UTC","","https://www.linkedin.com/newsletters/edge-factor-7296300537208049664","INBOX",""
"2-M2MzNDFkMDAtYzU5NC01M2M1LWFiODYtNWIzYzFlNmRmYThiXzAxMg==","","Sina Mossayeb","https://www.linkedin.com/in/sinamossayeb","Jaclyn Leaver","https://www.linkedin.com/in/jaclynleaver","2025-02-19 03:10:55 UTC","","","INBOX",""
"2-M2MzNDFkMDAtYzU5NC01M2M1LWFiODYtNWIzYzFlNmRmYThiXzAxMg==","","Sina Mossayeb","https://www.linkedin.com/in/sinamossayeb","Jaclyn Leaver","https://www.linkedin.com/in/jaclynleaver","2025-02-15 19:10:31 UTC","","If there ever was a case for next now consulting ","INBOX",""
"2-M2MzNDFkMDAtYzU5NC01M2M1LWFiODYtNWIzYzFlNmRmYThiXzAxMg==","","Sina Mossayeb","https://www.linkedin.com/in/sinamossayeb","Jaclyn Leaver","https://www.linkedin.com/in/jaclynleaver","2025-02-06 02:49:50 UTC","","","INBOX",""
"2-M2MzNDFkMDAtYzU5NC01M2M1LWFiODYtNWIzYzFlNmRmYThiXzAxMg==","","Sina Mossayeb","https://www.linkedin.com/in/sinamossayeb","Jaclyn Leaver","https://www.linkedin.com/in/jaclynleaver","2025-02-02 18:32:41 UTC","","","INBOX",""
"2-M2MzNDFkMDAtYzU5NC01M2M1LWFiODYtNWIzYzFlNmRmYThiXzAxMg==","","Sina Mossayeb","https://www.linkedin.com/in/sinamossayeb","Jaclyn Leaver","https://www.linkedin.com/in/jaclynleaver","2025-01-24 03:01:07 UTC","","","INBOX",""
"2-M2MzNDFkMDAtYzU5NC01M2M1LWFiODYtNWIzYzFlNmRmYThiXzAxMg==","","Sina Mossayeb","https://www.linkedin.com/in/sinamossayeb","Jaclyn Leaver","https://www.linkedin.com/in/jaclynleaver","2025-01-21 20:49:44 UTC","","","INBOX",""
"2-M2MzNDFkMDAtYzU5NC01M2M1LWFiODYtNWIzYzFlNmRmYThiXzAxMg==","","Sina Mossayeb","https://www.linkedin.com/in/sinamossayeb","Jaclyn Leaver","https://www.linkedin.com/in/jaclynleaver","2025-01-16 23:16:05 UTC","","omg... try this out! it's mind blowing https://www.linkedin.com/company/boardy/","INBOX",""
"2-M2MzNDFkMDAtYzU5NC01M2M1LWFiODYtNWIzYzFlNmRmYThiXzAxMg==","","Sina Mossayeb","https://www.linkedin.com/in/sinamossayeb","Jaclyn Leaver","https://www.linkedin.com/in/jaclynleaver","2024-12-09 01:37:20 UTC","","This is the shit that scares me… if china deployed 1000s of these in the United States what we gonna do?","INBOX",""
"2-M2MzNDFkMDAtYzU5NC01M2M1LWFiODYtNWIzYzFlNmRmYThiXzAxMg==","","Sina Mossayeb","https://www.linkedin.com/in/sinamossayeb","Jaclyn Leaver","https://www.linkedin.com/in/jaclynleaver","2024-12-08 16:45:19 UTC","","","INBOX",""
"2-M2MzNDFkMDAtYzU5NC01M2M1LWFiODYtNWIzYzFlNmRmYThiXzAxMg==","","Sina Mossayeb","https://www.linkedin.com/in/sinamossayeb","Jaclyn Leaver","https://www.linkedin.com/in/jaclynleaver","2024-03-20 01:46:53 UTC","","","INBOX",""
"2-M2MzNDFkMDAtYzU5NC01M2M1LWFiODYtNWIzYzFlNmRmYThiXzAxMg==","","Jaclyn Leaver","https://www.linkedin.com/in/jaclynleaver","Sina Mossayeb","https://www.linkedin.com/in/sinamossayeb","2024-03-02 01:26:37 UTC","","Thanks!!","INBOX",""
"2-M2MzNDFkMDAtYzU5NC01M2M1LWFiODYtNWIzYzFlNmRmYThiXzAxMg==","","Sina Mossayeb","https://www.linkedin.com/in/sinamossayeb","Jaclyn Leaver","https://www.linkedin.com/in/jaclynleaver","2024-03-02 01:07:48 UTC","","","INBOX",""
"2-M2MzNDFkMDAtYzU5NC01M2M1LWFiODYtNWIzYzFlNmRmYThiXzAxMg==","","Jaclyn Leaver","https://www.linkedin.com/in/jaclynleaver","Sina Mossayeb","https://www.linkedin.com/in/sinamossayeb","2024-01-25 19:17:58 UTC","","this is cool, thanks!","INBOX",""
"2-M2MzNDFkMDAtYzU5NC01M2M1LWFiODYtNWIzYzFlNmRmYThiXzAxMg==","","Sina Mossayeb","https://www.linkedin.com/in/sinamossayeb","Jaclyn Leaver","https://www.linkedin.com/in/jaclynleaver","2024-01-25 19:17:21 UTC","","https://www.linkedin.com/company/joinchief/","INBOX",""
"2-M2MzNDFkMDAtYzU5NC01M2M1LWFiODYtNWIzYzFlNmRmYThiXzAxMg==","","Jaclyn Leaver","https://www.linkedin.com/in/jaclynleaver","Sina Mossayeb","https://www.linkedin.com/in/sinamossayeb","2023-10-07 02:03:24 UTC","","🔥🔥🔥🔥","INBOX",""
"2-M2MzNDFkMDAtYzU5NC01M2M1LWFiODYtNWIzYzFlNmRmYThiXzAxMg==","","Sina Mossayeb","https://www.linkedin.com/in/sinamossayeb","Jaclyn Leaver","https://www.linkedin.com/in/jaclynleaver","2023-10-07 00:24:14 UTC","","","INBOX",""
"2-M2MzNDFkMDAtYzU5NC01M2M1LWFiODYtNWIzYzFlNmRmYThiXzAxMg==","","Sina Mossayeb","https://www.linkedin.com/in/sinamossayeb","Jaclyn Leaver","https://www.linkedin.com/in/jaclynleaver","2023-09-17 18:00:45 UTC","","","INBOX",""
"2-M2MzNDFkMDAtYzU5NC01M2M1LWFiODYtNWIzYzFlNmRmYThiXzAxMg==","","Jaclyn Leaver","https://www.linkedin.com/in/jaclynleaver","Sina Mossayeb","https://www.linkedin.com/in/sinamossayeb","2023-08-31 03:43:32 UTC","","👍🏼👍🏼👍🏼","INBOX",""
"2-M2MzNDFkMDAtYzU5NC01M2M1LWFiODYtNWIzYzFlNmRmYThiXzAxMg==","","Sina Mossayeb","https://www.linkedin.com/in/sinamossayeb","Jaclyn Leaver","https://www.linkedin.com/in/jaclynleaver","2023-08-31 02:49:05 UTC","","","INBOX",""
"2-M2MzNDFkMDAtYzU5NC01M2M1LWFiODYtNWIzYzFlNmRmYThiXzAxMg==","","Sina Mossayeb","https://www.linkedin.com/in/sinamossayeb","Jaclyn Leaver","https://www.linkedin.com/in/jaclynleaver","2023-08-30 22:03:29 UTC","","https://www.designingwith.ai/","INBOX",""
"2-M2MzNDFkMDAtYzU5NC01M2M1LWFiODYtNWIzYzFlNmRmYThiXzAxMg==","","Jaclyn Leaver","https://www.linkedin.com/in/jaclynleaver","Sina Mossayeb","https://www.linkedin.com/in/sinamossayeb","2023-07-28 15:28:31 UTC","","Thank you!!","INBOX",""
"2-M2MzNDFkMDAtYzU5NC01M2M1LWFiODYtNWIzYzFlNmRmYThiXzAxMg==","","Sina Mossayeb","https://www.linkedin.com/in/sinamossayeb","Jaclyn Leaver","https://www.linkedin.com/in/jaclynleaver","2023-07-28 15:27:05 UTC","","","INBOX",""
"2-M2MzNDFkMDAtYzU5NC01M2M1LWFiODYtNWIzYzFlNmRmYThiXzAxMg==","","Jaclyn Leaver","https://www.linkedin.com/in/jaclynleaver","Sina Mossayeb","https://www.linkedin.com/in/sinamossayeb","2023-07-15 00:10:32 UTC","","","INBOX",""
"2-M2MzNDFkMDAtYzU5NC01M2M1LWFiODYtNWIzYzFlNmRmYThiXzAxMg==","","Sina Mossayeb","https://www.linkedin.com/in/sinamossayeb","Jaclyn Leaver","https://www.linkedin.com/in/jaclynleaver","2023-06-08 03:46:25 UTC","","Hahaha I saw this earlier and saved it! So good!","INBOX",""
"2-M2MzNDFkMDAtYzU5NC01M2M1LWFiODYtNWIzYzFlNmRmYThiXzAxMg==","","Jaclyn Leaver","https://www.linkedin.com/in/jaclynleaver","Sina Mossayeb","https://www.linkedin.com/in/sinamossayeb","2023-06-08 01:35:06 UTC","","","INBOX",""
"2-M2MzNDFkMDAtYzU5NC01M2M1LWFiODYtNWIzYzFlNmRmYThiXzAxMg==","","Jaclyn Leaver","https://www.linkedin.com/in/jaclynleaver","Sina Mossayeb","https://www.linkedin.com/in/sinamossayeb","2023-06-07 18:19:49 UTC","","Love this!","INBOX",""
"2-M2MzNDFkMDAtYzU5NC01M2M1LWFiODYtNWIzYzFlNmRmYThiXzAxMg==","","Sina Mossayeb","https://www.linkedin.com/in/sinamossayeb","Jaclyn Leaver","https://www.linkedin.com/in/jaclynleaver","2023-06-07 17:56:02 UTC","","Why copy and writers are still the most important!","INBOX",""
"2-M2MzNDFkMDAtYzU5NC01M2M1LWFiODYtNWIzYzFlNmRmYThiXzAxMg==","","Sina Mossayeb","https://www.linkedin.com/in/sinamossayeb","Jaclyn Leaver","https://www.linkedin.com/in/jaclynleaver","2023-05-17 02:56:52 UTC","","https://www.linkedin.com/feed/update/urn:li:activity:7064347254467289089?utm_source=share&utm_medium=member_desktop","INBOX",""
"2-M2MzNDFkMDAtYzU5NC01M2M1LWFiODYtNWIzYzFlNmRmYThiXzAxMg==","","Sina Mossayeb","https://www.linkedin.com/in/sinamossayeb","Jaclyn Leaver","https://www.linkedin.com/in/jaclynleaver","2023-05-10 21:00:05 UTC","","","INBOX",""
"2-M2MzNDFkMDAtYzU5NC01M2M1LWFiODYtNWIzYzFlNmRmYThiXzAxMg==","","Jaclyn Leaver","https://www.linkedin.com/in/jaclynleaver","Sina Mossayeb","https://www.linkedin.com/in/sinamossayeb","2023-05-09 22:26:19 UTC","","wow. everyone is looking for a new job. 2023 is turning out to be quite the year.","INBOX",""
"2-M2MzNDFkMDAtYzU5NC01M2M1LWFiODYtNWIzYzFlNmRmYThiXzAxMg==","","Sina Mossayeb","https://www.linkedin.com/in/sinamossayeb","Jaclyn Leaver","https://www.linkedin.com/in/jaclynleaver","2023-05-09 22:20:09 UTC","","","INBOX",""
"2-M2MzNDFkMDAtYzU5NC01M2M1LWFiODYtNWIzYzFlNmRmYThiXzAxMg==","","Jaclyn Leaver","https://www.linkedin.com/in/jaclynleaver","Sina Mossayeb","https://www.linkedin.com/in/sinamossayeb","2023-05-09 02:06:08 UTC","","If only I lived in Melbourne…","INBOX",""
"2-M2MzNDFkMDAtYzU5NC01M2M1LWFiODYtNWIzYzFlNmRmYThiXzAxMg==","","Sina Mossayeb","https://www.linkedin.com/in/sinamossayeb","Jaclyn Leaver","https://www.linkedin.com/in/jaclynleaver","2023-05-09 01:39:10 UTC","","","INBOX",""
"2-M2MzNDFkMDAtYzU5NC01M2M1LWFiODYtNWIzYzFlNmRmYThiXzAxMg==","","Sina Mossayeb","https://www.linkedin.com/in/sinamossayeb","Jaclyn Leaver","https://www.linkedin.com/in/jaclynleaver","2023-04-24 06:33:02 UTC","","","INBOX",""
"2-M2MzNDFkMDAtYzU5NC01M2M1LWFiODYtNWIzYzFlNmRmYThiXzAxMg==","","Sina Mossayeb","https://www.linkedin.com/in/sinamossayeb","Jaclyn Leaver","https://www.linkedin.com/in/jaclynleaver","2023-04-01 17:26:59 UTC","","","INBOX",""
"2-M2MzNDFkMDAtYzU5NC01M2M1LWFiODYtNWIzYzFlNmRmYThiXzAxMg==","","Sina Mossayeb","https://www.linkedin.com/in/sinamossayeb","Jaclyn Leaver","https://www.linkedin.com/in/jaclynleaver","2023-03-31 17:57:13 UTC","","","INBOX",""
"2-M2MzNDFkMDAtYzU5NC01M2M1LWFiODYtNWIzYzFlNmRmYThiXzAxMg==","","Sina Mossayeb","https://www.linkedin.com/in/sinamossayeb","Jaclyn Leaver","https://www.linkedin.com/in/jaclynleaver","2023-02-10 06:17:08 UTC","","","INBOX",""
"2-M2MzNDFkMDAtYzU5NC01M2M1LWFiODYtNWIzYzFlNmRmYThiXzAxMg==","","Sina Mossayeb","https://www.linkedin.com/in/sinamossayeb","Jaclyn Leaver","https://www.linkedin.com/in/jaclynleaver","2022-11-16 03:32:55 UTC","","","INBOX",""
"2-M2MzNDFkMDAtYzU5NC01M2M1LWFiODYtNWIzYzFlNmRmYThiXzAxMg==","","Sina Mossayeb","https://www.linkedin.com/in/sinamossayeb","Jaclyn Leaver","https://www.linkedin.com/in/jaclynleaver","2022-07-18 01:53:59 UTC","","","INBOX",""
"2-M2MzNDFkMDAtYzU5NC01M2M1LWFiODYtNWIzYzFlNmRmYThiXzAxMg==","","Jaclyn Leaver","https://www.linkedin.com/in/jaclynleaver","Sina Mossayeb","https://www.linkedin.com/in/sinamossayeb","2022-07-07 00:04:43 UTC","","https://ipghealth.avature.net/careersHealth/FolderDetail?folderId=29630","INBOX",""
"2-M2MzNDFkMDAtYzU5NC01M2M1LWFiODYtNWIzYzFlNmRmYThiXzAxMg==","","Sina Mossayeb","https://www.linkedin.com/in/sinamossayeb","Jaclyn Leaver","https://www.linkedin.com/in/jaclynleaver","2022-05-15 19:50:09 UTC","","","INBOX",""
"2-M2MzNDFkMDAtYzU5NC01M2M1LWFiODYtNWIzYzFlNmRmYThiXzAxMg==","","Sina Mossayeb","https://www.linkedin.com/in/sinamossayeb","Jaclyn Leaver","https://www.linkedin.com/in/jaclynleaver","2022-04-11 22:07:45 UTC","","","INBOX",""
"2-M2MzNDFkMDAtYzU5NC01M2M1LWFiODYtNWIzYzFlNmRmYThiXzAxMg==","","Jaclyn Leaver","https://www.linkedin.com/in/jaclynleaver","Sina Mossayeb","https://www.linkedin.com/in/sinamossayeb","2022-02-26 00:21:19 UTC","","😂😂😂","INBOX",""
"2-M2MzNDFkMDAtYzU5NC01M2M1LWFiODYtNWIzYzFlNmRmYThiXzAxMg==","","Sina Mossayeb","https://www.linkedin.com/in/sinamossayeb","Jaclyn Leaver","https://www.linkedin.com/in/jaclynleaver","2022-02-25 23:35:32 UTC","","","INBOX",""
"2-M2MzNDFkMDAtYzU5NC01M2M1LWFiODYtNWIzYzFlNmRmYThiXzAxMg==","","Jaclyn Leaver","https://www.linkedin.com/in/jaclynleaver","Sina Mossayeb","https://www.linkedin.com/in/sinamossayeb","2022-02-21 05:26:06 UTC","","","INBOX",""
"2-M2MzNDFkMDAtYzU5NC01M2M1LWFiODYtNWIzYzFlNmRmYThiXzAxMg==","","Jaclyn Leaver","https://www.linkedin.com/in/jaclynleaver","Sina Mossayeb","https://www.linkedin.com/in/sinamossayeb","2021-03-31 14:50:48 UTC","","","INBOX",""
"2-M2MzNDFkMDAtYzU5NC01M2M1LWFiODYtNWIzYzFlNmRmYThiXzAxMg==","","Sina Mossayeb","https://www.linkedin.com/in/sinamossayeb","Jaclyn Leaver","https://www.linkedin.com/in/jaclynleaver","2021-03-27 00:23:26 UTC","","","INBOX",""
"2-M2MzNDFkMDAtYzU5NC01M2M1LWFiODYtNWIzYzFlNmRmYThiXzAxMg==","","Sina Mossayeb","https://www.linkedin.com/in/sinamossayeb","Jaclyn Leaver","https://www.linkedin.com/in/jaclynleaver","2019-04-10 15:09:32 UTC","","So so good. But tbh, grab some tissues ","INBOX",""
"2-OWI2ZWJiZGEtZDM5NC00ZTcxLTgxOTYtNDMwODdhMzRlMWI5XzEwMA==","","Kristi Kennebrew","https://www.linkedin.com/in/kristi-kennebrew","Jaclyn Leaver","https://www.linkedin.com/in/jaclynleaver","2025-07-03 03:48:03 UTC","myTrudy X Get Me Hired Kristi 2025 Partnership! 🎉","Hi Jaclyn!

Hope this message finds you well! I go by Get Me Hired Kristi & I am the bridge that connects job seekers to their dream jobs! I wanted to reach out and express interest in partnering with myTrudy to help as many job seekers get hired in Q3! My platforms covers all the job search strategies need in order for candidates stand out from thousands of applicants and land a job they love! Would you be open to a partnership welcoming over 230K job seekers to take control of their careers with myTrudy? Looking forward to hearing from you soon!","INBOX","https://www.linkedin.com/dms/prv/image/v2/D5606AQHHVGEn-wufTA/messaging-image-720/B56ZfOZTbrG0AY-/0/1751514430037?m=AQL6BaJPVfz74QAAAZ1k5f5UwTD8ciYi_hift_pk3d-UvDpc83ITicpT&ne=1&v=beta&t=hg5JvNcYlBIMJD6Jug7_PPGIkmCARs9njx2O3DQgacI"
"2-ZmQ1OWIyM2UtNmM0Ny01YzJlLThmNTYtNjA0OTcyZGNiNTUwXzAwMA==","","Mike Firouzi, MS CE, PE, GC","https://www.linkedin.com/in/mikefirouzi","Jaclyn Leaver","https://www.linkedin.com/in/jaclynleaver","2025-06-22 14:03:34 UTC","","You're welcome","INBOX",""
"2-ZmQ1OWIyM2UtNmM0Ny01YzJlLThmNTYtNjA0OTcyZGNiNTUwXzAwMA==","","Jaclyn Leaver","https://www.linkedin.com/in/jaclynleaver","Mike Firouzi, MS CE, PE, GC","https://www.linkedin.com/in/mikefirouzi","2025-06-22 13:58:05 UTC","","Thank you!","INBOX",""
"2-ZmQ1OWIyM2UtNmM0Ny01YzJlLThmNTYtNjA0OTcyZGNiNTUwXzAwMA==","","Mike Firouzi, MS CE, PE, GC","https://www.linkedin.com/in/mikefirouzi","Jaclyn Leaver","https://www.linkedin.com/in/jaclynleaver","2025-06-20 12:36:00 UTC","","Happy birthday!","INBOX",""
"2-ZmQ1OWIyM2UtNmM0Ny01YzJlLThmNTYtNjA0OTcyZGNiNTUwXzAwMA==","","Mike Firouzi, MS CE, PE, GC","https://www.linkedin.com/in/mikefirouzi","Jaclyn Leaver","https://www.linkedin.com/in/jaclynleaver","2021-06-21 22:51:15 UTC","","You're welcome","INBOX",""
"2-ZmQ1OWIyM2UtNmM0Ny01YzJlLThmNTYtNjA0OTcyZGNiNTUwXzAwMA==","","Jaclyn Leaver","https://www.linkedin.com/in/jaclynleaver","Mike Firouzi, MS CE, PE, GC","https://www.linkedin.com/in/mikefirouzi","2021-06-21 19:09:37 UTC","","Thank you!! ","INBOX",""
"2-ZmQ1OWIyM2UtNmM0Ny01YzJlLThmNTYtNjA0OTcyZGNiNTUwXzAwMA==","","Mike Firouzi, MS CE, PE, GC","https://www.linkedin.com/in/mikefirouzi","Jaclyn Leaver","https://www.linkedin.com/in/jaclynleaver","2021-06-20 15:47:32 UTC","","Happy birthday!","INBOX",""
"2-ZmQ1OWIyM2UtNmM0Ny01YzJlLThmNTYtNjA0OTcyZGNiNTUwXzAwMA==","","Mike Firouzi, MS CE, PE, GC","https://www.linkedin.com/in/mikefirouzi","Jaclyn Leaver","https://www.linkedin.com/in/jaclynleaver","2018-06-20 18:55:52 UTC","","Happy birthday!","INBOX",""
"2-ZmQ1OWIyM2UtNmM0Ny01YzJlLThmNTYtNjA0OTcyZGNiNTUwXzAwMA==","","Mike Firouzi, MS CE, PE, GC","https://www.linkedin.com/in/mikefirouzi","Jaclyn Leaver","https://www.linkedin.com/in/jaclynleaver","2017-06-21 14:41:18 UTC","","Happy birthday!","INBOX",""
"2-ZmQ1OWIyM2UtNmM0Ny01YzJlLThmNTYtNjA0OTcyZGNiNTUwXzAwMA==","","Mike Firouzi, MS CE, PE, GC","https://www.linkedin.com/in/mikefirouzi","Jaclyn Leaver","https://www.linkedin.com/in/jaclynleaver","2017-04-03 22:01:04 UTC","","Congrats on your work anniversary!","INBOX",""
"2-ZmQ1OWIyM2UtNmM0Ny01YzJlLThmNTYtNjA0OTcyZGNiNTUwXzAwMA==","","Jaclyn Leaver","https://www.linkedin.com/in/jaclynleaver","Mike Firouzi, MS CE, PE, GC","https://www.linkedin.com/in/mikefirouzi","2016-06-19 21:32:25 UTC","","Thank you!","INBOX",""
"2-ZmQ1OWIyM2UtNmM0Ny01YzJlLThmNTYtNjA0OTcyZGNiNTUwXzAwMA==","","Mike Firouzi, MS CE, PE, GC","https://www.linkedin.com/in/mikefirouzi","Jaclyn Leaver","https://www.linkedin.com/in/jaclynleaver","2016-06-19 20:04:37 UTC","","Happy birthday!","INBOX",""
"2-ZmQ1OWIyM2UtNmM0Ny01YzJlLThmNTYtNjA0OTcyZGNiNTUwXzAwMA==","","Jaclyn Leaver","https://www.linkedin.com/in/jaclynleaver","Mike Firouzi, MS CE, PE, GC","https://www.linkedin.com/in/mikefirouzi","2016-04-04 16:11:15 UTC","","Thanks! Hope you are doing well, too. ","INBOX",""
"2-ZmQ1OWIyM2UtNmM0Ny01YzJlLThmNTYtNjA0OTcyZGNiNTUwXzAwMA==","","Mike Firouzi, MS CE, PE, GC","https://www.linkedin.com/in/mikefirouzi","Jaclyn Leaver","https://www.linkedin.com/in/jaclynleaver","2016-04-04 13:48:29 UTC","","Congrats on the anniversary! Hope you're doing well.","INBOX",""
"2-MDYzZmQ2ZjEtMzYxYS00OTBhLWFhZDctMGY0MWE4ODE3OTg2XzAxMA==",""," Prof. Inderjeet Singh Sodhi","https://www.linkedin.com/in/prof-inderjeet-singh-sodhi-71722467","Jaclyn Leaver","https://www.linkedin.com/in/jaclynleaver","2025-06-22 02:50:58 UTC","","Ms Jaclyn, Happy Birthday for healthy life ","INBOX",""
"2-MDYzZmQ2ZjEtMzYxYS00OTBhLWFhZDctMGY0MWE4ODE3OTg2XzAxMA==",""," Prof. Inderjeet Singh Sodhi","https://www.linkedin.com/in/prof-inderjeet-singh-sodhi-71722467","Jaclyn Leaver","https://www.linkedin.com/in/jaclynleaver","2024-06-20 17:46:02 UTC","","Hi Jaclyn, good wishes for Happy Birthday","INBOX",""
"2-NDhiMmExOGUtM2E2OC00OGI4LWFmYWEtN2JjNDZjZTMyYWU3XzEwMA==","","Jaclyn Leaver","https://www.linkedin.com/in/jaclynleaver","Savannah Kunovsky","https://www.linkedin.com/in/savannahkunovsky","2025-06-06 22:41:46 UTC","","Thanks so much for a very provocative event! It's really humbling to be part of these conversations about how AI is shaping our world. It feels like we are living through an incredibly historic moment.","INBOX",""
"2-NDhiMmExOGUtM2E2OC00OGI4LWFmYWEtN2JjNDZjZTMyYWU3XzEwMA==","","Savannah Kunovsky","https://www.linkedin.com/in/savannahkunovsky","Jaclyn Leaver","https://www.linkedin.com/in/jaclynleaver","2025-06-06 22:40:17 UTC","","Thanks for coming to our event last night!","INBOX",""
"2-MWRjMjJlYTEtY2MyNy00NGIzLWI1YzgtZGVmNTE1MTNjNmQ0XzAxMA==","","Jaclyn Leaver","https://www.linkedin.com/in/jaclynleaver","Hilary Wells","https://www.linkedin.com/in/wellshilary","2025-05-26 21:05:40 UTC","","👍","INBOX",""
"2-MWRjMjJlYTEtY2MyNy00NGIzLWI1YzgtZGVmNTE1MTNjNmQ0XzAxMA==","","Hilary Wells","https://www.linkedin.com/in/wellshilary","Jaclyn Leaver","https://www.linkedin.com/in/jaclynleaver","2025-05-26 18:28:15 UTC","","A potential influencer I stumbled across. This person asks for input so this is a perfect opportunity for Skylar to comment and reference myTrudy Career Paths.","INBOX",""
"2-MWRjMjJlYTEtY2MyNy00NGIzLWI1YzgtZGVmNTE1MTNjNmQ0XzAxMA==","","Jaclyn Leaver","https://www.linkedin.com/in/jaclynleaver","Hilary Wells","https://www.linkedin.com/in/wellshilary","2025-01-08 23:05:09 UTC","","Thanks, Hilary! Will check her out.","INBOX",""
"2-MWRjMjJlYTEtY2MyNy00NGIzLWI1YzgtZGVmNTE1MTNjNmQ0XzAxMA==","","Hilary Wells","https://www.linkedin.com/in/wellshilary","Jaclyn Leaver","https://www.linkedin.com/in/jaclynleaver","2025-01-08 21:05:29 UTC","","https://www.linkedin.com/in/animorgan","INBOX",""
"2-NjlmMjgxY2QtNDcxOS01NzllLWI1MzktODFlMDQwNDMzMTg4XzAwMA==","","Jaclyn Leaver","https://www.linkedin.com/in/jaclynleaver","John Verbick","https://www.linkedin.com/in/john-verbick","2025-05-18 19:35:17 UTC","","Hi John! Things are great, how are you?! What are you up to these days? 

Great that you found myTrudy intriguing! I'm Head of Content there and we just launched this really cool new product called Career Paths. It's a quick onboarding experience where you take a 2-minute personality quiz and share your work history and then we use an AI-powered model to match you with career paths that align with your personality and expertise.

 We are still optimizing the product but are excited about what it could do for folks who are looking for what's next, trying to pivot to a new industry, re-entering the workforce, or anyone who is just curious about what else they can do. If you're interested, it would be so cool to have you try it and share your feedback. Check it out here: https://mytrudy.com/career-paths 

Hope all is well with you!","INBOX",""
"2-NjlmMjgxY2QtNDcxOS01NzllLWI1MzktODFlMDQwNDMzMTg4XzAwMA==","","John Verbick","https://www.linkedin.com/in/john-verbick","Jaclyn Leaver","https://www.linkedin.com/in/jaclynleaver","2025-05-15 21:19:32 UTC","","¡Hola Jaclyn! How are things? Saw the outreach about myTrudy. Looks like a cool concept - would be intrigued to learn more about what you are working on and what has the team most excited at the moment.","INBOX",""
"2-NjlmMjgxY2QtNDcxOS01NzllLWI1MzktODFlMDQwNDMzMTg4XzAwMA==","","Jaclyn Leaver","https://www.linkedin.com/in/jaclynleaver","John Verbick","https://www.linkedin.com/in/john-verbick","2016-12-07 22:05:50 UTC","","Thank you, John! Hope you are doing well!! ","INBOX",""
"2-NjlmMjgxY2QtNDcxOS01NzllLWI1MzktODFlMDQwNDMzMTg4XzAwMA==","","John Verbick","https://www.linkedin.com/in/john-verbick","Jaclyn Leaver","https://www.linkedin.com/in/jaclynleaver","2016-12-07 20:47:27 UTC","","Congratulations Jaclyn!  Enjoy the new role and have fun out there.","INBOX",""
"2-NjlmMjgxY2QtNDcxOS01NzllLWI1MzktODFlMDQwNDMzMTg4XzAwMA==","","Jaclyn Leaver","https://www.linkedin.com/in/jaclynleaver","John Verbick","https://www.linkedin.com/in/john-verbick","2016-06-20 15:57:33 UTC","","Thanks so much, John! Hope you are doing well in Oklahoma! ","INBOX",""
"2-NjlmMjgxY2QtNDcxOS01NzllLWI1MzktODFlMDQwNDMzMTg4XzAwMA==","","John Verbick","https://www.linkedin.com/in/john-verbick","Jaclyn Leaver","https://www.linkedin.com/in/jaclynleaver","2016-06-20 15:55:56 UTC","","¡Feliz cumpleaños Jaclyn!  Hope you are doing well.  Have fun out there.","INBOX",""
"2-NjlmMjgxY2QtNDcxOS01NzllLWI1MzktODFlMDQwNDMzMTg4XzAwMA==","","Jaclyn Leaver","https://www.linkedin.com/in/jaclynleaver","John Verbick","https://www.linkedin.com/in/john-verbick","2016-04-04 23:13:43 UTC","","Thanks, John! Hope you are doing well, too!! 

Saludos, 
Jaclyn ","INBOX",""
"2-NjlmMjgxY2QtNDcxOS01NzllLWI1MzktODFlMDQwNDMzMTg4XzAwMA==","","John Verbick","https://www.linkedin.com/in/john-verbick","Jaclyn Leaver","https://www.linkedin.com/in/jaclynleaver","2016-04-04 23:05:10 UTC","","Congrats on the anniversary, Jaclyn!  Hope you're doing well.  

Saludos,  
John","INBOX",""
"2-Y2Y1OTgyY2YtMzQ4MS00YmFhLWFiZTQtNDMzNThkZmYzZWI0XzEwMA==","","Jaclyn Leaver","https://www.linkedin.com/in/jaclynleaver","Andrea Nguyen","https://www.linkedin.com/in/andreanguyen10","2025-04-14 22:31:34 UTC","","Bwhahhahahaha, so good!
""Join the next generation of professionals changing the future of work.""
LMAO.","INBOX",""
"2-Y2Y1OTgyY2YtMzQ4MS00YmFhLWFiZTQtNDMzNThkZmYzZWI0XzEwMA==","","Andrea Nguyen","https://www.linkedin.com/in/andreanguyen10","Jaclyn Leaver","https://www.linkedin.com/in/jaclynleaver","2025-04-14 22:11:42 UTC","","Lmao saw this and thought of that home page copy that zack loved so much ","INBOX",""
"2-Y2Y1OTgyY2YtMzQ4MS00YmFhLWFiZTQtNDMzNThkZmYzZWI0XzEwMA==","","Andrea Nguyen","https://www.linkedin.com/in/andreanguyen10","Jaclyn Leaver","https://www.linkedin.com/in/jaclynleaver","2025-04-14 22:11:22 UTC","","","INBOX",""
"2-MjllNTczNGYtNGY3My00OThlLTg3OGItYzU4M2U5MGIyOTEyXzAxMg==","","Juliet Luciol","https://www.linkedin.com/in/juliet-luciol","Jaclyn Leaver","https://www.linkedin.com/in/jaclynleaver","2024-11-27 07:36:56 UTC","Application for Copywriting Position","Hi Jaclyn,

It’s a pleasure to e-meet you!

I’m Juliet, an SEO content creator and digital marketer with a strong background in crafting compelling copy that drives engagement and conversions. I’ve had the privilege of working with brands like SCRIBE, GRO, and Lifetime Value Co. (LTV), where I honed my skills in storytelling, keyword optimization, and audience targeting.

I’m passionate about creating content that resonates with audiences and aligns with brand values. Here are a few key skills I can bring to the table:

1) SEO Expertise: Proven ability to optimize content for search engines, enhancing visibility and driving organic traffic.

2) Content Strategy: Experience developing and executing content strategies that meet business goals and engage target audiences.

3) Adaptability: Skilled in writing across various formats, including blog posts, social media content, and marketing materials.

4) Collaboration: Strong team player who thrives in cross-functional environments, ensuring cohesive messaging and brand voice.

I'd love to explore any writing, editing, or marketing initiatives you have in mind. Let’s set up a time to chat and discuss how I can contribute to your team’s goals and drive results together!

I'm looking forward to the possibility of collaborating with you.

Best Regards


Juliet ","INBOX",""
"2-ZmZjMDhhM2UtODk4Ny00Yjc1LThhMjEtMzM2Mzk5NDYxMDBlXzAxMg==","","The LinkedIn Team","https://www.linkedin.com/in/the-linkedin-team-513634264","Jaclyn Leaver","https://www.linkedin.com/in/jaclynleaver","2024-06-06 20:21:07 UTC","You’re part of an exclusive group of new experts","Hi Jaclyn, we’re bringing together top experts to share their knowledge in an exciting new way: collaborative articles. Because of your expertise, we’ve selected you to be one of the early contributors.

Join in by adding an example from your experience, sharing a different opinion or expanding on an idea, contributing directly into the body of one of these articles:

Here's how you can ace interviews after a layoff. https://www.linkedin.com/advice/1/heres-how-you-can-ace-interviews-after-layoff-skills-facilitation-n0zee?trk=inmail

Here's how you can effectively handle project risks and articulate your approach during an interview. https://www.linkedin.com/advice/3/heres-how-you-can-effectively-handle-project-kh1zf?trk=inmail

If you are interested in additional topics or have other skills you would like to contribute to, check out the full list of collaborative articles: https://www.linkedin.com/advice.

Maria from The LinkedIn Team","INBOX",""
"2-ZWU1NGE1N2MtMGNhZC00ZWYxLWEwNWMtZjdkMDA5YjljYzU1XzAxMA==","","Jaclyn Leaver","https://www.linkedin.com/in/jaclynleaver","Elisabeth (Lisa) Prescott","https://www.linkedin.com/in/elisabethprescott","2024-04-30 23:29:06 UTC","","Hey! Oh, that's so great. Unfortunately, I don't have time at the moment to take on another project. Please do keep me in the loop for future opportunities though! You can also get in touch by phone, 405-834-7488. If I think of anyone, I will send them your way. Cheers!","INBOX",""
"2-ZWU1NGE1N2MtMGNhZC00ZWYxLWEwNWMtZjdkMDA5YjljYzU1XzAxMA==","","Elisabeth (Lisa) Prescott","https://www.linkedin.com/in/elisabethprescott","Jaclyn Leaver","https://www.linkedin.com/in/jaclynleaver","2024-04-29 23:45:55 UTC","","Hi likewise and thanks for taking the time to reach out to say hi over linkedin! Ironically we may be looking for some UX help and wondering if you are looking? Trying to build up our roster over here.","INBOX",""
"2-ZWU1NGE1N2MtMGNhZC00ZWYxLWEwNWMtZjdkMDA5YjljYzU1XzAxMA==","","Jaclyn Leaver","https://www.linkedin.com/in/jaclynleaver","Elisabeth (Lisa) Prescott","https://www.linkedin.com/in/elisabethprescott","2024-04-29 23:37:48 UTC","","Hi Lisa, great meeting you at Judy's salon on Saturday! I wanted to reach out as a fellow East Bay designer to connect. :) Let's grab a drink soon if you're down. Cheers!","INBOX",""
"2-NWRkOTAwMGItZmE0Zi00NzIyLWEyMDMtYWUzYTFiMDRmNGU4XzAxMA==","","Mike Manzella","https://www.linkedin.com/in/mike-manzella-064a7537","Jaclyn Leaver","https://www.linkedin.com/in/jaclynleaver","2024-04-23 14:15:06 UTC","","*manager","INBOX",""
"2-NWRkOTAwMGItZmE0Zi00NzIyLWEyMDMtYWUzYTFiMDRmNGU4XzAxMA==","","Mike Manzella","https://www.linkedin.com/in/mike-manzella-064a7537","Jaclyn Leaver","https://www.linkedin.com/in/jaclynleaver","2024-04-23 14:10:51 UTC","","Hi Jaclyn, I'm Mike, a Client Partner with Aquent. I have Agency candidates with strong experience in Media creation and HR ops that would be a great fit for the Head of Media and HRBP Director roles at truepath.ai . 

I'd be happy to connect you with these individuals directly and or the hiring man","INBOX",""
"2-ODM4MDI4MDctYzkxOC00OWRkLTg5NzYtNTc0YjY0NWMyNGUyXzAxMA==","","Jaclyn Leaver","https://www.linkedin.com/in/jaclynleaver","Virginia Hamilton","https://www.linkedin.com/in/virginia-hamilton-283a8","2024-04-05 17:29:02 UTC","","👍","INBOX",""
"2-ODM4MDI4MDctYzkxOC00OWRkLTg5NzYtNTc0YjY0NWMyNGUyXzAxMA==","","Virginia Hamilton","https://www.linkedin.com/in/virginia-hamilton-283a8","Jaclyn Leaver","https://www.linkedin.com/in/jaclynleaver","2024-04-05 01:39:48 UTC","","Email me and let’s set up time to talk? ","INBOX",""
"2-ODM4MDI4MDctYzkxOC00OWRkLTg5NzYtNTc0YjY0NWMyNGUyXzAxMA==","","Virginia Hamilton","https://www.linkedin.com/in/virginia-hamilton-283a8","Jaclyn Leaver","https://www.linkedin.com/in/jaclynleaver","2024-04-05 01:39:29 UTC","","Of course!!! And if you need some work writing, I have a project!! And we need to reschedule the elusive dinner. I finally got off the horrible drugs that were making me so sick. Yay!!","INBOX",""
"2-ODM4MDI4MDctYzkxOC00OWRkLTg5NzYtNTc0YjY0NWMyNGUyXzAxMA==","","Jaclyn Leaver","https://www.linkedin.com/in/jaclynleaver","Virginia Hamilton","https://www.linkedin.com/in/virginia-hamilton-283a8","2024-04-04 23:52:41 UTC","","Hi Virginia, 

Happy Thursday! Hope all is going well in your world. 

I am in the process of updating my LinkedIn profile because my time at Berkeley is ending and I need to look for a new job. I thought it might make sense to ask a few folks who I've worked with in the writing industry to write recommendations for me, as that's the industry I am looking to move into full time. We've worked so closely for such a long time, I thought who better to ask than you. Would you be willing to write one for me? No worries, if not! I totally understand if you're too busy. 

Thanks for considering and hope we have a chance to connect soon! 

Cheers,
Jaclyn

Write Jaclyn a recommendation:
https://www.linkedin.com/recs/give/?senderId=jaclynleaver","INBOX",""
"2-MDU2MWQxZjgtZjQzOC00ZGRlLTg0OTktYzcwODBjM2ZjZTE2XzAxMA==","","Carlton Schuyler","https://www.linkedin.com/in/cschuyle","Jaclyn Leaver","https://www.linkedin.com/in/jaclynleaver","2024-03-26 20:50:34 UTC","","Hi Jaclyn! We met at SXSW. Just now getting down to Job Searching and getting to know truepath.ai a little better.","INBOX",""
"2-ZjZlNTI2ZGQtOWJkYS00OTYwLWFmMWEtY2QxMzg0NjRkNDk2XzAxMA==","","Randy Peyser - Book Editor, I Secure Literary Agents","https://www.linkedin.com/in/randypeyserbookeditor","Jaclyn Leaver","https://www.linkedin.com/in/jaclynleaver","2024-03-14 01:45:57 UTC","","Hi Jaclyn,

I hope this message finds you well. We have been connected on LinkedIn for a little while now so I wanted to share with you a video I created just for you. Let me know what you think! 

Best regards,
Randy Peyser
https://introduction-video.to/v/ivoVK1kut","INBOX",""
"2-ZjZlNTI2ZGQtOWJkYS00OTYwLWFmMWEtY2QxMzg0NjRkNDk2XzAxMA==","","Randy Peyser - Book Editor, I Secure Literary Agents","https://www.linkedin.com/in/randypeyserbookeditor","Jaclyn Leaver","https://www.linkedin.com/in/jaclynleaver","2024-03-04 00:52:52 UTC","","Hi Jaclyn,

We just connected on LinkedIn. Appreciate it!

I look forward to keeping in touch. 

Randy","INBOX",""
"2-ZjZlNTI2ZGQtOWJkYS00OTYwLWFmMWEtY2QxMzg0NjRkNDk2XzAxMA==","","Randy Peyser - Book Editor, I Secure Literary Agents","https://www.linkedin.com/in/randypeyserbookeditor","Jaclyn Leaver","https://www.linkedin.com/in/jaclynleaver","2024-03-02 01:30:50 UTC","","Hi Jaclyn,

I'm Randy, a book editor passionate about diverse stories. I am eager to connect with a thought leader like you to share insights and connections.

Cheers,
Randy","INBOX",""
"2-NzFjNmFkMjMtMTFlNi00MDQ0LWE1OGUtZGY4ZDc4ZTFkNzc3XzAxMg==","Content Designer  || San Francisco, CA (Hybrid)","Jaclyn Leaver","https://www.linkedin.com/in/jaclynleaver","Jatin K.","https://www.linkedin.com/in/jatinkain","2023-09-14 00:23:38 UTC","Content Designer  || San Francisco, CA (Hybrid)","Hi Jatin, thanks for thinking of me! I've taken on a few other projects at the moment and am not available for this contract as of now. Hope you find someone else who might be the right fit. Cheers, Jaclyn","INBOX",""
"2-NzFjNmFkMjMtMTFlNi00MDQ0LWE1OGUtZGY4ZDc4ZTFkNzc3XzAxMg==","Content Designer  || San Francisco, CA (Hybrid)","Jatin K.","https://www.linkedin.com/in/jatinkain","Jaclyn Leaver","https://www.linkedin.com/in/jaclynleaver","2023-09-01 16:11:59 UTC","Content Designer  || San Francisco, CA (Hybrid)","Hi,

I am contacting you for a Content Designer for our client Google for a Hybrid opportunity which happens to be a Contract with a pay rate of $67.21/hr. on W2. Your profile is a perfect fit for this opportunity. I would greatly appreciate your reply.

Title: Content Designer
Location: San Francisco, CA (Hybrid)
Duration: 03+ Months (Possible extension) 
PR Range: $67.21/hr. on W2
Work Location: Mon-Wed in the office. Thursday & Friday remote or office. 
Work Schedule: (ex/ Normal PST business hours, Monday - Friday)

Employee benefits include, but are not limited to, health insurance (medical, dental, vision), 401(k) plan, 8 paid Holidays, 8 paid sick days per 12-month period, Training & Tuition Reimbursement, Parental Leave.

Regards,
Jatin Kain
Pyramid Consulting Inc.
Call/Text: (415)-345-4714
Email: Jatin.kain@pyramidci.com
Web: www.pyramidci.com","INBOX",""
"2-Zjc5NWI4MjgtYjE0OC00ZGRkLTgzZjQtZTUzMmE4ZThkMmE3XzAxMA==","","Judy Smith","https://www.linkedin.com/in/thejudysmith","Jaclyn Leaver","https://www.linkedin.com/in/jaclynleaver","2023-08-16 22:29:58 UTC","","Hey Jaclyn, me again!

Life gets busy.  I totally get it. 

You likely went to look at all of the amazing resources I’ve offered and got sidetracked by #life.

So here is a whole slew of helpful links to support you in your job search:

Complimentary Resume and LinkedIn Review, to help you stand out from the crowd: https://forms.recruitgyan.com/complimentary-intake

Information on our Candidate Care Packages: https://recruitgyan.com/job-seekers/

Link to book directly with our Lead Career Specialist: https://calendly.com/judy-meeting/discovery-call-15?month=2023-06

BONUS: A quick training on how to optimize your resume & LinkedIn profile: https://lp.recruitgyan.com/optimize 

Please know I’m always on here so don’t hesitate to reach out with any questions if you ever want to learn more! 

Thanks, Jaclyn, all the best! 
","INBOX",""
"2-Zjc5NWI4MjgtYjE0OC00ZGRkLTgzZjQtZTUzMmE4ZThkMmE3XzAxMA==","","Judy Smith","https://www.linkedin.com/in/thejudysmith","Jaclyn Leaver","https://www.linkedin.com/in/jaclynleaver","2023-08-11 22:26:12 UTC","","Hey Jaclyn, 

Just following up to see if I can answer any questions you might have about how I can support you in your job search.

If you have any thoughts, questions or anything at all you would like to connect with me on, feel free to shoot me a message back OR click the link below and schedule time to speak with Judy Smith, our Career Strategist.

https://calendly.com/judy-meeting/discovery-call-15?month=2023-06","INBOX",""
"2-Zjc5NWI4MjgtYjE0OC00ZGRkLTgzZjQtZTUzMmE4ZThkMmE3XzAxMA==","","Judy Smith","https://www.linkedin.com/in/thejudysmith","Jaclyn Leaver","https://www.linkedin.com/in/jaclynleaver","2023-08-07 22:21:49 UTC","","Hi Jaclyn!

Did you know that 73% of job seekers say that the job search is one of the most stressful events of their entire lives?  

Whether you were recently laid off or are simply looking to find a new position, prioritizing how you spend your time and energy in the application and interview process can make all of the difference.

By providing ample resources and support for transitioning employees, my team and I at RecruitGyan can walk alongside you to provide guidance for navigating which roles to apply for, whether or not to write a cover letter, acing your initial interview, when and how to reach out to hiring managers, and so much more.

I would love to share how we can provide you with every resource you need to confidently engage in your job search.

I want to invite you to click the link below where you can learn more and then book a consultation! 

https://recruitgyan.com/job-seekers/","INBOX",""
"2-Zjc5NWI4MjgtYjE0OC00ZGRkLTgzZjQtZTUzMmE4ZThkMmE3XzAxMA==","","Judy Smith","https://www.linkedin.com/in/thejudysmith","Jaclyn Leaver","https://www.linkedin.com/in/jaclynleaver","2023-08-04 21:30:18 UTC","","Hi Jaclyn! Thanks for the connection!

I wanted to touch base with you about something I think might be beneficial to you…

…There is a common theme I hear from nearly every candidate I speak with who is looking for a new role - “I’ve been applying to multiple roles every day and I never hear back!”

9 times out of 10 when I dive deeper into the candidate's experience, roles they are applying for, and the response rates they are experiencing, there is one primary culprit (ok two) for a lack of response - their Resume and LinkedIn

Hiring Managers and Recruiters look at 100s of resumes a day. Taking the time to optimize yours to make it stand out can make all the difference in the world. 

Curious if your resume and/or LinkedIn profile need to be updated?! 

Take advantage of our free resume and LinkedIn Review - https://forms.recruitgyan.com/complimentary-intake","INBOX",""
"2-ZmIyYjc1ODUtYWQxMC00ZjMzLTgzMWUtZDk2OTRjY2NjNWY5XzAxMg==","","Judith Chriqui Benchimol, Ph.D.","https://www.linkedin.com/in/judithbenchimol","Jaclyn Leaver","https://www.linkedin.com/in/jaclynleaver","2023-08-11 19:19:11 UTC","Hello from a PhD student seeking job advice!","Hi Jaclyn,

My name is Judith, and I am a PhD candidate in English Education at Columbia University who will be on the job market soon. Your professional journey really stood out to me, as I’m very interested in possibly building my career in research and content writing/editing/strategy for organizations that do meaningful work helping people in need. Since you have so much experience with these kinds of kinds of positions (like at EGP and Ideo.org), would you have some time to offer me a bit of professional advice on pursuing this path? I would really appreciate a brief call at your convenience.

Thanks and looking forward to chatting with you!","INBOX",""
"2-OWJmYjQxNmYtMjE2Yi00ZDI4LThkZDQtMjU5YzM5MjljMzE4XzAxMA==","Jaclyn - Let's Meet?","Dheeraj Hasija","https://www.linkedin.com/in/dheerajhasija","Jaclyn Leaver","https://www.linkedin.com/in/jaclynleaver","2023-07-24 22:32:11 UTC","Jaclyn - Let's Meet?","Hi Jaclyn,

I'll keep it short, crisp and simple, as I know your time is valuable.

I work as a Sr Account Executive for Pepper Content and we are disrupting how teams look at Content! We have been helping companies such as yours with Scale, Process Management & Tracking Content ROI.

How We Do It ? With our one-stop SaaS platform where you can effortlessly accomplish everything I just mentioned. Our platform is powered with AI and a complete Tech Stack to power all your content needs in one place.

We deliver the value we offer in two simple ways.
1. Marketplace: We boast a meticulously curated pool of 100k+ verified freelancers worldwide, exclusively available on our platform. Our team carefully evaluates each freelancer, ensuring that we only collaborate with the top 3%. This managed marketplace is entirely overseen by Pepper Content.
2. Pepper Content Management Platform: Our AI-driven platform simplifies the entire content journey for your existing team. It consolidates content creation, research, ideation, management, and ROI tracking into one convenient location. By using the Pepper platform, you gain complete visibility into your content journey, processes, and ROI, while enhancing your scalability.

If you'd like to learn more, I'd be happy to schedule a quick call to take you through everything.

Waiting to hear back from you,

Thanks!!

Dheeraj Hasija
peppercontent.io","INBOX",""
"2-MDQyOTUyZjQtMTM5Mi00NjhlLTkyM2ItODE5Y2RjZDBmYmY2XzAxMw==","","Jaclyn Leaver","https://www.linkedin.com/in/jaclynleaver","Donna Alexander,Julian Leaver","https://www.linkedin.com/in/donna-alexander-86840a54,https://www.linkedin.com/in/julianleaver","2023-07-15 00:09:06 UTC","","A great Ted talk about how to pitch your next business venture! ","INBOX",""
"2-MDQyOTUyZjQtMTM5Mi00NjhlLTkyM2ItODE5Y2RjZDBmYmY2XzAxMw==","","Donna Alexander","https://www.linkedin.com/in/donna-alexander-86840a54","Julian Leaver,Jaclyn Leaver","https://www.linkedin.com/in/julianleaver,https://www.linkedin.com/in/jaclynleaver","2023-01-24 03:48:44 UTC","","","INBOX",""
"2-Mjc3MGEyYjEtZGQ3Ni00MGQ2LWFiNmMtYmMyMTk5ZjAwNzhkXzAxMA==","","Jaclyn Leaver","https://www.linkedin.com/in/jaclynleaver","Amanda Boatright","https://www.linkedin.com/in/amandaboatright","2023-07-12 16:10:49 UTC","","Might be of interest to you! If so, let me know and I can connect you with Camille. ","INBOX",""
"2-MWUwYjliM2ItOTNlYi00YTY3LTgyYzYtZGRlMDM3MDk3MGU0XzAxMA==","","Paul X McCarthy","https://www.linkedin.com/in/paulxmccarthy","Jaclyn Leaver","https://www.linkedin.com/in/jaclynleaver","2023-07-12 03:01:49 UTC","","They're great suggestions! Thank you. 

I'll try my contacts at Apple and Spotify.","INBOX",""
"2-MWUwYjliM2ItOTNlYi00YTY3LTgyYzYtZGRlMDM3MDk3MGU0XzAxMA==","","Jaclyn Leaver","https://www.linkedin.com/in/jaclynleaver","Paul X McCarthy","https://www.linkedin.com/in/paulxmccarthy","2023-07-12 02:59:51 UTC","","Thanks! Would be happy to discuss research collaborations and funding opportunities. My work is mostly in political science, so I’m not so in the loop about grants for machine learning or LLMs. But, I always try to think outside the box about who might fund research. For your specific study, maybe it’s a music platform like Spotify or Apple Music who might be interested in collaborating on the research design in order to test something that could potentially increase their listenership in some way. While not ideal, often if there is some kind of possible economic benefit to them, some of these larger tech companies show interest in funding research. Also, there are a lot of big tech companies that have a corporate social responsibility arm that provide funding for academic research. You would need to figure out which ones fund the kind of research you do, but there is definitely money out there. Just a few ideas. Let me know if you want to chat further. Cheers!","INBOX",""
"2-MWUwYjliM2ItOTNlYi00YTY3LTgyYzYtZGRlMDM3MDk3MGU0XzAxMA==","","Paul X McCarthy","https://www.linkedin.com/in/paulxmccarthy","Jaclyn Leaver","https://www.linkedin.com/in/jaclynleaver","2023-07-12 01:07:16 UTC","","There's a collab with colleagues at Harvard that explores love songs using machine learning and large language models that I'm trying to work out how to fund which I'd welcome any advice or tips you have.","INBOX",""
"2-MWUwYjliM2ItOTNlYi00YTY3LTgyYzYtZGRlMDM3MDk3MGU0XzAxMA==","","Paul X McCarthy","https://www.linkedin.com/in/paulxmccarthy","Jaclyn Leaver","https://www.linkedin.com/in/jaclynleaver","2023-07-12 01:04:55 UTC","","I'm impressed and interested in your research success in leadership. We have an aspiration to develop a global networked lab in computational social science that builds on our ongoing collaborations with scholars at Oxford, Columbia, and many other universities around the world.","INBOX",""
"2-MWUwYjliM2ItOTNlYi00YTY3LTgyYzYtZGRlMDM3MDk3MGU0XzAxMA==","","Jaclyn Leaver","https://www.linkedin.com/in/jaclynleaver","Paul X McCarthy","https://www.linkedin.com/in/paulxmccarthy","2023-07-12 00:49:41 UTC","","Nice to meet you too! Cheers, Jaclyn","INBOX",""
"2-MWUwYjliM2ItOTNlYi00YTY3LTgyYzYtZGRlMDM3MDk3MGU0XzAxMA==","","Paul X McCarthy","https://www.linkedin.com/in/paulxmccarthy","Jaclyn Leaver","https://www.linkedin.com/in/jaclynleaver","2023-07-12 00:49:25 UTC","","Hi Jaclyn, So nice to meet you.   Paul","INBOX",""
"2-ODBiZTMwZjctMGJhMC01MGEyLTllYWItZjM2ODljNzZlMmY4XzAwMA==","","Jaclyn Leaver","https://www.linkedin.com/in/jaclynleaver","Eric Mondschein","https://www.linkedin.com/in/eric-mondschein-06145311","2023-06-21 22:43:16 UTC","","Thank you","INBOX",""
"2-ODBiZTMwZjctMGJhMC01MGEyLTllYWItZjM2ODljNzZlMmY4XzAwMA==","","Eric Mondschein","https://www.linkedin.com/in/eric-mondschein-06145311","Jaclyn Leaver","https://www.linkedin.com/in/jaclynleaver","2023-06-21 11:35:43 UTC","","Happy birthday!","INBOX",""
"2-ODBiZTMwZjctMGJhMC01MGEyLTllYWItZjM2ODljNzZlMmY4XzAwMA==","","Eric Mondschein","https://www.linkedin.com/in/eric-mondschein-06145311","Jaclyn Leaver","https://www.linkedin.com/in/jaclynleaver","2019-06-21 14:57:45 UTC","","👍","INBOX",""
"2-ODBiZTMwZjctMGJhMC01MGEyLTllYWItZjM2ODljNzZlMmY4XzAwMA==","","Jaclyn Leaver","https://www.linkedin.com/in/jaclynleaver","Eric Mondschein","https://www.linkedin.com/in/eric-mondschein-06145311","2019-06-21 14:27:01 UTC","","Thanks so much!! ","INBOX",""
"2-ODBiZTMwZjctMGJhMC01MGEyLTllYWItZjM2ODljNzZlMmY4XzAwMA==","","Eric Mondschein","https://www.linkedin.com/in/eric-mondschein-06145311","Jaclyn Leaver","https://www.linkedin.com/in/jaclynleaver","2019-06-21 10:33:44 UTC","","I hope you had a Happy birthday!","INBOX",""
"2-ODBiZTMwZjctMGJhMC01MGEyLTllYWItZjM2ODljNzZlMmY4XzAwMA==","","Eric Mondschein","https://www.linkedin.com/in/eric-mondschein-06145311","Jaclyn Leaver","https://www.linkedin.com/in/jaclynleaver","2015-06-20 11:33:14 UTC","","Happy Birthday Jaclyn! 
 
Eric","INBOX",""
"2-ZmFjODAzMzEtZjc3ZC01NzE3LWFlMTEtMTg1MjU0OWM0YjQwXzAwMA==","","Jaclyn Leaver","https://www.linkedin.com/in/jaclynleaver","Andre Avaregan","https://www.linkedin.com/in/andre-avaregan-3b55086","2023-06-20 20:39:10 UTC","","Thank you!! ","INBOX",""
"2-ZmFjODAzMzEtZjc3ZC01NzE3LWFlMTEtMTg1MjU0OWM0YjQwXzAwMA==","","Andre Avaregan","https://www.linkedin.com/in/andre-avaregan-3b55086","Jaclyn Leaver","https://www.linkedin.com/in/jaclynleaver","2023-06-20 18:14:24 UTC","","Happy birthday!🌺","INBOX",""
"2-ZmFjODAzMzEtZjc3ZC01NzE3LWFlMTEtMTg1MjU0OWM0YjQwXzAwMA==","","Jaclyn Leaver","https://www.linkedin.com/in/jaclynleaver","Andre Avaregan","https://www.linkedin.com/in/andre-avaregan-3b55086","2022-06-21 04:04:43 UTC","","Thanks so much! Hope you are doing well! ","INBOX",""
"2-ZmFjODAzMzEtZjc3ZC01NzE3LWFlMTEtMTg1MjU0OWM0YjQwXzAwMA==","","Andre Avaregan","https://www.linkedin.com/in/andre-avaregan-3b55086","Jaclyn Leaver","https://www.linkedin.com/in/jaclynleaver","2022-06-21 03:25:33 UTC","","Happy birthday!🌹🌹🌹😊😊😊🎂🎁🎂🎁🎉🍾🎊🎈🤗🤗🤗","INBOX",""
"2-ZmFjODAzMzEtZjc3ZC01NzE3LWFlMTEtMTg1MjU0OWM0YjQwXzAwMA==","","Jaclyn Leaver","https://www.linkedin.com/in/jaclynleaver","Andre Avaregan","https://www.linkedin.com/in/andre-avaregan-3b55086","2021-06-21 19:10:00 UTC","","Thank you!! ","INBOX",""
"2-ZmFjODAzMzEtZjc3ZC01NzE3LWFlMTEtMTg1MjU0OWM0YjQwXzAwMA==","","Andre Avaregan","https://www.linkedin.com/in/andre-avaregan-3b55086","Jaclyn Leaver","https://www.linkedin.com/in/jaclynleaver","2021-06-21 03:15:38 UTC","","Happy birthday!🌹🌹🌹😊😊😊🎂🎁🎂🎁🎊🎉🍾🎈","INBOX",""
"2-ZmFjODAzMzEtZjc3ZC01NzE3LWFlMTEtMTg1MjU0OWM0YjQwXzAwMA==","","Jaclyn Leaver","https://www.linkedin.com/in/jaclynleaver","Andre Avaregan","https://www.linkedin.com/in/andre-avaregan-3b55086","2020-06-21 01:55:17 UTC","","Thank you!! ","INBOX",""
"2-ZmFjODAzMzEtZjc3ZC01NzE3LWFlMTEtMTg1MjU0OWM0YjQwXzAwMA==","","Andre Avaregan","https://www.linkedin.com/in/andre-avaregan-3b55086","Jaclyn Leaver","https://www.linkedin.com/in/jaclynleaver","2020-06-20 19:12:27 UTC","","Happy birthday!🌹🌹🌹😊😊😊🎂🎁🎊🎈🎉🍾","INBOX",""
"2-ZmFjODAzMzEtZjc3ZC01NzE3LWFlMTEtMTg1MjU0OWM0YjQwXzAwMA==","","Jaclyn Leaver","https://www.linkedin.com/in/jaclynleaver","Andre Avaregan","https://www.linkedin.com/in/andre-avaregan-3b55086","2019-06-20 19:15:40 UTC","","Cool! Best of luck!!","INBOX",""
"2-ZmFjODAzMzEtZjc3ZC01NzE3LWFlMTEtMTg1MjU0OWM0YjQwXzAwMA==","","Andre Avaregan","https://www.linkedin.com/in/andre-avaregan-3b55086","Jaclyn Leaver","https://www.linkedin.com/in/jaclynleaver","2019-06-20 18:55:04 UTC","","IT work. Desktop support ","INBOX",""
"2-ZmFjODAzMzEtZjc3ZC01NzE3LWFlMTEtMTg1MjU0OWM0YjQwXzAwMA==","","Jaclyn Leaver","https://www.linkedin.com/in/jaclynleaver","Andre Avaregan","https://www.linkedin.com/in/andre-avaregan-3b55086","2019-06-20 18:47:35 UTC","","Oh man, sorry to hear it! What kind of job are you looking for? ","INBOX",""
"2-ZmFjODAzMzEtZjc3ZC01NzE3LWFlMTEtMTg1MjU0OWM0YjQwXzAwMA==","","Andre Avaregan","https://www.linkedin.com/in/andre-avaregan-3b55086","Jaclyn Leaver","https://www.linkedin.com/in/jaclynleaver","2019-06-20 18:46:54 UTC","","Been struggling. Lost my job in Jan and still trying to find work. Trying to be positive ","INBOX",""
"2-ZmFjODAzMzEtZjc3ZC01NzE3LWFlMTEtMTg1MjU0OWM0YjQwXzAwMA==","","Jaclyn Leaver","https://www.linkedin.com/in/jaclynleaver","Andre Avaregan","https://www.linkedin.com/in/andre-avaregan-3b55086","2019-06-20 18:34:00 UTC","","Great! How about you? ","INBOX",""
"2-ZmFjODAzMzEtZjc3ZC01NzE3LWFlMTEtMTg1MjU0OWM0YjQwXzAwMA==","","Andre Avaregan","https://www.linkedin.com/in/andre-avaregan-3b55086","Jaclyn Leaver","https://www.linkedin.com/in/jaclynleaver","2019-06-20 18:33:36 UTC","","How are you?","INBOX",""
"2-ZmFjODAzMzEtZjc3ZC01NzE3LWFlMTEtMTg1MjU0OWM0YjQwXzAwMA==","","Jaclyn Leaver","https://www.linkedin.com/in/jaclynleaver","Andre Avaregan","https://www.linkedin.com/in/andre-avaregan-3b55086","2019-06-20 18:30:05 UTC","","Thanks so much!! ","INBOX",""
"2-ZmFjODAzMzEtZjc3ZC01NzE3LWFlMTEtMTg1MjU0OWM0YjQwXzAwMA==","","Andre Avaregan","https://www.linkedin.com/in/andre-avaregan-3b55086","Jaclyn Leaver","https://www.linkedin.com/in/jaclynleaver","2019-06-20 18:12:31 UTC","","Happy birthday!🌹🌹🌹🌹😊😊😊😊","INBOX",""
"2-ZmFjODAzMzEtZjc3ZC01NzE3LWFlMTEtMTg1MjU0OWM0YjQwXzAwMA==","","Andre Avaregan","https://www.linkedin.com/in/andre-avaregan-3b55086","Jaclyn Leaver","https://www.linkedin.com/in/jaclynleaver","2018-06-20 17:52:54 UTC","","I am. Hope you are too","INBOX",""
"2-ZmFjODAzMzEtZjc3ZC01NzE3LWFlMTEtMTg1MjU0OWM0YjQwXzAwMA==","","Jaclyn Leaver","https://www.linkedin.com/in/jaclynleaver","Andre Avaregan","https://www.linkedin.com/in/andre-avaregan-3b55086","2018-06-20 17:52:03 UTC","","Thanks so much!! Hope you're well!","INBOX",""
"2-ZmFjODAzMzEtZjc3ZC01NzE3LWFlMTEtMTg1MjU0OWM0YjQwXzAwMA==","","Andre Avaregan","https://www.linkedin.com/in/andre-avaregan-3b55086","Jaclyn Leaver","https://www.linkedin.com/in/jaclynleaver","2018-06-20 17:51:26 UTC","","Happy birthday!😊😊😊🌹🌹🌹🌹","INBOX",""
"2-ZmFjODAzMzEtZjc3ZC01NzE3LWFlMTEtMTg1MjU0OWM0YjQwXzAwMA==","","Jaclyn Leaver","https://www.linkedin.com/in/jaclynleaver","Andre Avaregan","https://www.linkedin.com/in/andre-avaregan-3b55086","2017-06-20 20:30:23 UTC","","Thanks so much!!","INBOX",""
"2-ZmFjODAzMzEtZjc3ZC01NzE3LWFlMTEtMTg1MjU0OWM0YjQwXzAwMA==","","Andre Avaregan","https://www.linkedin.com/in/andre-avaregan-3b55086","Jaclyn Leaver","https://www.linkedin.com/in/jaclynleaver","2017-06-20 19:18:04 UTC","","Happy birthday!😊😊😊😊","INBOX",""
"2-ZmFjODAzMzEtZjc3ZC01NzE3LWFlMTEtMTg1MjU0OWM0YjQwXzAwMA==","","Andre Avaregan","https://www.linkedin.com/in/andre-avaregan-3b55086","Jaclyn Leaver","https://www.linkedin.com/in/jaclynleaver","2017-04-03 23:43:51 UTC","","Congrats on your work anniversary!😊😊😊😊","INBOX",""
"2-ZmFjODAzMzEtZjc3ZC01NzE3LWFlMTEtMTg1MjU0OWM0YjQwXzAwMA==","","Jaclyn Leaver","https://www.linkedin.com/in/jaclynleaver","Andre Avaregan","https://www.linkedin.com/in/andre-avaregan-3b55086","2016-12-09 06:09:15 UTC","","Thank you! ","INBOX",""
"2-ZmFjODAzMzEtZjc3ZC01NzE3LWFlMTEtMTg1MjU0OWM0YjQwXzAwMA==","","Andre Avaregan","https://www.linkedin.com/in/andre-avaregan-3b55086","Jaclyn Leaver","https://www.linkedin.com/in/jaclynleaver","2016-12-08 19:29:03 UTC","","Congrats on the new job!😊😊😊😊😊😊","INBOX",""
"2-ZmFjODAzMzEtZjc3ZC01NzE3LWFlMTEtMTg1MjU0OWM0YjQwXzAwMA==","","Andre Avaregan","https://www.linkedin.com/in/andre-avaregan-3b55086","Jaclyn Leaver","https://www.linkedin.com/in/jaclynleaver","2016-06-20 03:42:42 UTC","","Happy birthday!😊😊","INBOX",""
"2-ZmFjODAzMzEtZjc3ZC01NzE3LWFlMTEtMTg1MjU0OWM0YjQwXzAwMA==","","Jaclyn Leaver","https://www.linkedin.com/in/jaclynleaver","Andre Avaregan","https://www.linkedin.com/in/andre-avaregan-3b55086","2016-04-04 16:11:09 UTC","","Thanks! Hope you are doing well, too. ","INBOX",""
"2-ZmFjODAzMzEtZjc3ZC01NzE3LWFlMTEtMTg1MjU0OWM0YjQwXzAwMA==","","Andre Avaregan","https://www.linkedin.com/in/andre-avaregan-3b55086","Jaclyn Leaver","https://www.linkedin.com/in/jaclynleaver","2016-04-04 15:19:59 UTC","","Congrats on the anniversary! Hope you're doing well.","INBOX",""
"2-ZmFjODAzMzEtZjc3ZC01NzE3LWFlMTEtMTg1MjU0OWM0YjQwXzAwMA==","","Andre Avaregan","https://www.linkedin.com/in/andre-avaregan-3b55086","Jaclyn Leaver","https://www.linkedin.com/in/jaclynleaver","2015-06-20 18:11:53 UTC","","Happy Birthday Jaclyn! 

Andre

Sent via LinkedIn Connected.
http://lnkd.in/connected-ios","INBOX",""
"2-ZmU3ZjYxZDItYjA5OC00ZjRkLTg5ZGMtZjRmMzA5N2MxNGY5XzAxMw==","Senior Content Strategist - San Bruno, CA","Karyna Adamian","https://www.linkedin.com/in/karyna-adamian-3525265b","Jaclyn Leaver","https://www.linkedin.com/in/jaclynleaver","2023-06-10 00:21:02 UTC","Senior Content Strategist - San Bruno, CA","Feel free to reach out if anything changes.","INBOX",""
"2-ZmU3ZjYxZDItYjA5OC00ZjRkLTg5ZGMtZjRmMzA5N2MxNGY5XzAxMw==","Senior Content Strategist - San Bruno, CA","Jaclyn Leaver","https://www.linkedin.com/in/jaclynleaver","Karyna Adamian","https://www.linkedin.com/in/karyna-adamian-3525265b","2023-06-09 17:41:27 UTC","Senior Content Strategist - San Bruno, CA","Hi Karyna, 

Thanks so much for reaching out. Unfortunately, I don't have the bandwidth right now to move forward with this potential role. I appreciate your interest and hope I will be considered for future roles you are looking to fill.  

Cheers,
Jaclyn","INBOX",""
"2-ZmU3ZjYxZDItYjA5OC00ZjRkLTg5ZGMtZjRmMzA5N2MxNGY5XzAxMw==","Senior Content Strategist - San Bruno, CA","Karyna Adamian","https://www.linkedin.com/in/karyna-adamian-3525265b","Jaclyn Leaver","https://www.linkedin.com/in/jaclynleaver","2023-06-09 15:40:37 UTC","Senior Content Strategist - San Bruno, CA","Hi Jaclyn,

I am working on a Senior Content Strategist role in San Bruno, CA. I believe your experience and skillset lines up with the requirement and I would like to discuss this position with you in more detail.

Do you have availability today for a quick 5–10-minute call?

If so, please provide some windows of availability and the best contact number to reach you.

Karyna Adamian
Strategic Accounts Recruiter at Onward Search","INBOX",""
"2-YmNmNjk1MTAtMzBiMi00NWU3LTliOWItM2NhY2Y2OGRiMzFkXzAxMA==","","Nick Stone","https://www.linkedin.com/in/nick-stone-4057aa1","Jaclyn Leaver","https://www.linkedin.com/in/jaclynleaver","2023-05-28 23:28:11 UTC","","Last question Jaclyn - are you happy with your current graphic designer? If not, I can help your organization reach new audiences with impactful, creative, and budget-friendly design work.
","INBOX",""
"2-YmNmNjk1MTAtMzBiMi00NWU3LTliOWItM2NhY2Y2OGRiMzFkXzAxMA==","","Nick Stone","https://www.linkedin.com/in/nick-stone-4057aa1","Jaclyn Leaver","https://www.linkedin.com/in/jaclynleaver","2023-05-17 23:26:24 UTC","","As a graphic design studio specializing in nonprofits, we understand the difficult balancing act that marketing teams have to manage, between expanding your audience and donor base, and maintaining your current audience’s interest, all on a tight budget.

We listen to you to help create designs that reinforce your messaging and can work within your existing visual system, extend or refresh your visual system, or create a new one.

I know it might be a ways off, but when things open up later this year and you have any upcoming projects that you need dedicated arts marketing design work for, I’d be delighted to chat further.
","INBOX",""
"2-YmNmNjk1MTAtMzBiMi00NWU3LTliOWItM2NhY2Y2OGRiMzFkXzAxMA==","","Nick Stone","https://www.linkedin.com/in/nick-stone-4057aa1","Jaclyn Leaver","https://www.linkedin.com/in/jaclynleaver","2023-05-08 23:09:30 UTC","","Nice to meet you Jaclyn. Has CV-19 affected your nonprofit’s mission/operations at all? Hope you are staying safe and healthy.
","INBOX",""
"2-YmNmNjk1MTAtMzBiMi00NWU3LTliOWItM2NhY2Y2OGRiMzFkXzAxMA==","","Nick Stone","https://www.linkedin.com/in/nick-stone-4057aa1","Jaclyn Leaver","https://www.linkedin.com/in/jaclynleaver","2023-05-07 19:11:59 UTC","","Jaclyn, My design studio has worked with a lot of nonprofits and I’d like to know more about your organization’s design needs.
","INBOX",""
"2-YTA3MTE5YTQtYTFiZS00NDQyLTk4NGMtNTVhMTMwZGZkNzllXzAxMA==","","Noumane Rahouti, Ph.D","https://www.linkedin.com/in/noumane-rahouti","Jaclyn Leaver","https://www.linkedin.com/in/jaclynleaver","2023-05-12 18:36:29 UTC","","No problem, if you need anything else please ask","INBOX",""
"2-YTA3MTE5YTQtYTFiZS00NDQyLTk4NGMtNTVhMTMwZGZkNzllXzAxMA==","","Jaclyn Leaver","https://www.linkedin.com/in/jaclynleaver","Noumane Rahouti, Ph.D","https://www.linkedin.com/in/noumane-rahouti","2023-05-12 17:44:54 UTC","","Thank you so much!!!","INBOX",""
"2-YTA3MTE5YTQtYTFiZS00NDQyLTk4NGMtNTVhMTMwZGZkNzllXzAxMA==","","Noumane Rahouti, Ph.D","https://www.linkedin.com/in/noumane-rahouti","Jaclyn Leaver","https://www.linkedin.com/in/jaclynleaver","2023-05-12 16:35:18 UTC","","No worries. We got this🤝🤝 I will take care of it tomorrow first thing","INBOX",""
"2-YTA3MTE5YTQtYTFiZS00NDQyLTk4NGMtNTVhMTMwZGZkNzllXzAxMA==","","Jaclyn Leaver","https://www.linkedin.com/in/jaclynleaver","Noumane Rahouti, Ph.D","https://www.linkedin.com/in/noumane-rahouti","2023-05-12 15:45:48 UTC","","Any of these look gorgeous! And I am happy to pay you. Just let me know how much. Thank you! ","INBOX",""
"2-YTA3MTE5YTQtYTFiZS00NDQyLTk4NGMtNTVhMTMwZGZkNzllXzAxMA==","","Noumane Rahouti, Ph.D","https://www.linkedin.com/in/noumane-rahouti","Jaclyn Leaver","https://www.linkedin.com/in/jaclynleaver","2023-05-12 10:13:59 UTC","","The wife said we’ll cover the flowers too. I am not really good with those things😅
Just let me know if you have preferences","INBOX",""
"2-YTA3MTE5YTQtYTFiZS00NDQyLTk4NGMtNTVhMTMwZGZkNzllXzAxMA==","","Noumane Rahouti, Ph.D","https://www.linkedin.com/in/noumane-rahouti","Jaclyn Leaver","https://www.linkedin.com/in/jaclynleaver","2023-05-12 08:40:11 UTC","","Also, I can add some nice chocolates from a store next to my house. But the chocolate is on us (my wife and me)","INBOX",""
"2-YTA3MTE5YTQtYTFiZS00NDQyLTk4NGMtNTVhMTMwZGZkNzllXzAxMA==","","Noumane Rahouti, Ph.D","https://www.linkedin.com/in/noumane-rahouti","Jaclyn Leaver","https://www.linkedin.com/in/jaclynleaver","2023-05-12 08:38:51 UTC","","This is a store that is a little more expensive than average but they have very good products ","INBOX",""
"2-YTA3MTE5YTQtYTFiZS00NDQyLTk4NGMtNTVhMTMwZGZkNzllXzAxMA==","","Noumane Rahouti, Ph.D","https://www.linkedin.com/in/noumane-rahouti","Jaclyn Leaver","https://www.linkedin.com/in/jaclynleaver","2023-05-12 08:38:08 UTC","","I sent you 4 pictures. The exchange rate is 1 omr = 2.6 USD

Let me know if you find anything interesting or you want me to keep looking :)","INBOX",""
"2-YTA3MTE5YTQtYTFiZS00NDQyLTk4NGMtNTVhMTMwZGZkNzllXzAxMA==","","Noumane Rahouti, Ph.D","https://www.linkedin.com/in/noumane-rahouti","Jaclyn Leaver","https://www.linkedin.com/in/jaclynleaver","2023-05-12 08:36:59 UTC","","","INBOX","https://www.linkedin.com/dms/prv/vid/v2/D4D06AQGRJ-mRloygXg/messaging-attachmentFile/messaging-attachmentFile/0/1683880618893?m=AQLr7y-TBRcLKwAAAZ1k5f5SzT9c9z-08Pun5zflt3zbxOQKy36pR7Ft&ne=1&v=beta&t=JzWxJBddHgqQSvn11wthiKF76Kc7KqcfbV0jMs6iBa4"
"2-YTA3MTE5YTQtYTFiZS00NDQyLTk4NGMtNTVhMTMwZGZkNzllXzAxMA==","","Noumane Rahouti, Ph.D","https://www.linkedin.com/in/noumane-rahouti","Jaclyn Leaver","https://www.linkedin.com/in/jaclynleaver","2023-05-12 08:36:54 UTC","","","INBOX","https://www.linkedin.com/dms/prv/vid/v2/D4D06AQEmo3kaXKjMmQ/messaging-attachmentFile/messaging-attachmentFile/0/1683880613803?m=AQK5KE1IHgwpMQAAAZ1k5f5T07r1FXIhLK1LczrO-i0XQzRBvvuSsTM0&ne=1&v=beta&t=GF6vENcjVPaSLwYdMtBZW9KvbIsyCE8FoCbk5hJx0UM"
"2-YTA3MTE5YTQtYTFiZS00NDQyLTk4NGMtNTVhMTMwZGZkNzllXzAxMA==","","Noumane Rahouti, Ph.D","https://www.linkedin.com/in/noumane-rahouti","Jaclyn Leaver","https://www.linkedin.com/in/jaclynleaver","2023-05-12 08:36:40 UTC","","","INBOX","https://www.linkedin.com/dms/prv/vid/v2/D4D06AQGujDfARW5-gw/messaging-attachmentFile/messaging-attachmentFile/0/1683880599107?m=AQKE5a_VbmssUgAAAZ1k5f5PgJMQI5bmgGeJhhOFkWPMI0BUHCi1aDPU&ne=1&v=beta&t=PHXwK0NXD2AiFY8m8pV19PmzFXXPlKblveB3oWggCyA"
"2-YTA3MTE5YTQtYTFiZS00NDQyLTk4NGMtNTVhMTMwZGZkNzllXzAxMA==","","Noumane Rahouti, Ph.D","https://www.linkedin.com/in/noumane-rahouti","Jaclyn Leaver","https://www.linkedin.com/in/jaclynleaver","2023-05-12 08:36:30 UTC","","","INBOX","https://www.linkedin.com/dms/prv/vid/v2/D4D06AQGeCyqCaAniLA/messaging-attachmentFile/messaging-attachmentFile/0/1683880589863?m=AQIUZoGiBRU6iwAAAZ1k5f5QEM6TFRDYnp2QQqdPiqrhyPU9H9zVZeCv&ne=1&v=beta&t=uf6drdW2zsg0NHoC9Nu-Remu1Q_y9GdP8OQElM84Y7I"
"2-YTA3MTE5YTQtYTFiZS00NDQyLTk4NGMtNTVhMTMwZGZkNzllXzAxMA==","","Noumane Rahouti, Ph.D","https://www.linkedin.com/in/noumane-rahouti","Jaclyn Leaver","https://www.linkedin.com/in/jaclynleaver","2023-05-12 08:33:33 UTC","","Hey Jaclyn, no problem. We enjoy having her. Really, we were planning on having her more regardless of the events but we’ve been slacking.

Yes of course if I can help. How would you want me to proceed? Do you want me to get flowers and let you know? I can have some deliver to my house and take to hers (not sure about her address since it’s a little funky here..) 

Or I can send you screenshots of some flowers and price and you let me know? ","INBOX",""
"2-YTA3MTE5YTQtYTFiZS00NDQyLTk4NGMtNTVhMTMwZGZkNzllXzAxMA==","","Jaclyn Leaver","https://www.linkedin.com/in/jaclynleaver","Noumane Rahouti, Ph.D","https://www.linkedin.com/in/noumane-rahouti","2023-05-12 02:10:22 UTC","","Hi Noumane, thanks so much for checking in on my mom this week. I really appreciate it. Julian and I were wondering if you would be willing to send her flowers on our behalf. We are happy to pay you via Venmo or in whatever way works best for you. We would do it ourselves but aren’t really sure how to go about it. Please let me know if this might be possible and we can work out the details. Thanks! Hope all is well with you! ","INBOX",""
"2-YTA3MTE5YTQtYTFiZS00NDQyLTk4NGMtNTVhMTMwZGZkNzllXzAxMA==","","Noumane Rahouti, Ph.D","https://www.linkedin.com/in/noumane-rahouti","Jaclyn Leaver","https://www.linkedin.com/in/jaclynleaver","2023-05-08 17:15:35 UTC","","No worries, she’s family and I hope she knows it. I hope you and your brother are doing well during these tough times. Again, my condolences 🙏🙏","INBOX",""
"2-YTA3MTE5YTQtYTFiZS00NDQyLTk4NGMtNTVhMTMwZGZkNzllXzAxMA==","","Jaclyn Leaver","https://www.linkedin.com/in/jaclynleaver","Noumane Rahouti, Ph.D","https://www.linkedin.com/in/noumane-rahouti","2023-05-08 16:13:31 UTC","","Thank you so much, Noumane. I truly appreciate it. I’m so glad you already have some things planned with her. I know she really loves spending time with you guys and hanging out with your sweet son. ","INBOX",""
"2-YTA3MTE5YTQtYTFiZS00NDQyLTk4NGMtNTVhMTMwZGZkNzllXzAxMA==","","Noumane Rahouti, Ph.D","https://www.linkedin.com/in/noumane-rahouti","Jaclyn Leaver","https://www.linkedin.com/in/jaclynleaver","2023-05-08 16:10:05 UTC","","","INBOX","https://www.linkedin.com/dms/prv/vid/v2/D4D20AQF3WudC2i_7pw/voicemessaging-audio-analyzed/voicemessaging-audio-analyzed/0/1683562205842?m=AQLqBY3LAveK0wAAAZ1k5f5UkA0C3oU7u2NLdu6UBCSDkD60hiqx5U8F&ne=1&v=beta&t=yqD6F_3Vbx2j4d4eLOMto1qiGXAuf1WmV5RF_xyjem0"
"2-YTA3MTE5YTQtYTFiZS00NDQyLTk4NGMtNTVhMTMwZGZkNzllXzAxMA==","","Jaclyn Leaver","https://www.linkedin.com/in/jaclynleaver","Noumane Rahouti, Ph.D","https://www.linkedin.com/in/noumane-rahouti","2023-05-08 14:43:13 UTC","","Hi Noumane, hope you are well. Sorry to reach out on LinkedIn but I don’t think I have any other contact info for you. 

I wanted to let you know that my step dad, Ron, passed away on Friday. We just told my mom yesterday and I was hoping you could check in with her a few times this week to make sure she is ok. I know this is a big ask but you are the only person who knows her from Oklahoma. And I know she feels close to you. 

Thanks so much for considering this request. 

Cheers,
Jaclyn ","INBOX",""
"2-MTE1ZjQ1YjMtYjBlMi00MGMzLWI5NDMtMTVjYzE0MWI1ZjM0XzAxMg==","","Jaclyn Leaver","https://www.linkedin.com/in/jaclynleaver","Stephen Gates","https://www.linkedin.com/in/stepdgat","2023-05-10 20:45:50 UTC","","Hi Stephen, Thought we should be connected here since we are working directly together now. Cheers, Jaclyn ","INBOX",""
"2-OWFkMjAyY2QtMWI2OS00YmRjLThmNTktMGY3YTg3MGM1M2NjXzAxMA==","Remote Content Design Opportunity","Jaclyn Leaver","https://www.linkedin.com/in/jaclynleaver","Amy Mulhall","https://www.linkedin.com/in/amy-mulhall-2b673651","2023-05-09 20:43:22 UTC","Remote Content Design Opportunity","Hi Amy, 

Thanks for reaching out! I'd be happy to learn more about this opportunity. I have some time tomorrow (Wednesday) from 10-11AM PT, Thursday 9-10:30AM PT, or Friday after 11AM PT. Let me know what works best for you. 

Look forward to hearing from you soon!

Cheers,
Jaclyn","INBOX",""
"2-OWFkMjAyY2QtMWI2OS00YmRjLThmNTktMGY3YTg3MGM1M2NjXzAxMA==","Remote Content Design Opportunity","Amy Mulhall","https://www.linkedin.com/in/amy-mulhall-2b673651","Jaclyn Leaver","https://www.linkedin.com/in/jaclynleaver","2023-05-09 19:24:41 UTC","Remote Content Design Opportunity","Jaclyn,

I hope this e-mail finds you well!

I was reaching out regarding your background working in content design. One of our clients, a fortune-50 healthcare company, has experienced an influx of work due to several major initiatives set forth by stakeholders. Because of this, they are looking for individuals with a background comparable to yours.

If you are interested in discussing this opportunity in further detail, please let me know if there is a time you are available to speak and a number I can reach you on.

I look forward to hearing from you,

Amy Mulhall
Digital Recruiter at TEKsystems","INBOX",""
"2-NWI1MGM1Y2UtNTg5OC00OGRlLTg0YTctOGQzNGQxNGJiYmVhXzAxMA==","","Jaclyn Leaver","https://www.linkedin.com/in/jaclynleaver","Tom Bewick","https://www.linkedin.com/in/tom-bewick-72960bb","2023-04-14 18:01:44 UTC","","Hi Tom! Happy Friday. Just wanted to check in with you to see if you received my and Matt's emails about the RFUS job. I guessed that the yahoo email listed in your LinkedIn bio was the right one. Please do let me know if you are able to connect with Matt or if we need to send our emails to another address. Thanks!","INBOX",""
"2-NWI1MGM1Y2UtNTg5OC00OGRlLTg0YTctOGQzNGQxNGJiYmVhXzAxMA==","","Jaclyn Leaver","https://www.linkedin.com/in/jaclynleaver","Tom Bewick","https://www.linkedin.com/in/tom-bewick-72960bb","2023-04-11 23:56:46 UTC","","Hi Tom! Just sent an email to the tombewick@yahoo.com address connecting you with my friend. Please let me know if I should send it somewhere else. Thanks again!","INBOX",""
"2-NWI1MGM1Y2UtNTg5OC00OGRlLTg0YTctOGQzNGQxNGJiYmVhXzAxMA==","","Jaclyn Leaver","https://www.linkedin.com/in/jaclynleaver","Tom Bewick","https://www.linkedin.com/in/tom-bewick-72960bb","2023-04-10 18:03:19 UTC","","Should I use this email? tombewick@yahoo.com","INBOX",""
"2-NWI1MGM1Y2UtNTg5OC00OGRlLTg0YTctOGQzNGQxNGJiYmVhXzAxMA==","","Jaclyn Leaver","https://www.linkedin.com/in/jaclynleaver","Tom Bewick","https://www.linkedin.com/in/tom-bewick-72960bb","2023-04-10 15:51:30 UTC","","Hi Tom, oh that's so great! Thanks so much. Could I get your email address so I can put you in touch with my friend?","INBOX",""
"2-NWI1MGM1Y2UtNTg5OC00OGRlLTg0YTctOGQzNGQxNGJiYmVhXzAxMA==","","Tom Bewick","https://www.linkedin.com/in/tom-bewick-72960bb","Jaclyn Leaver","https://www.linkedin.com/in/jaclynleaver","2023-04-09 17:50:38 UTC","","Sure I could. Yes I remember you!","INBOX",""
"2-NWI1MGM1Y2UtNTg5OC00OGRlLTg0YTctOGQzNGQxNGJiYmVhXzAxMA==","","Jaclyn Leaver","https://www.linkedin.com/in/jaclynleaver","Tom Bewick","https://www.linkedin.com/in/tom-bewick-72960bb","2023-04-07 17:58:07 UTC","","Dear Tom,

I hope you are enjoying your Friday! 

I don't know if you remember me; we worked together on the EGAP climate change governance project in Peru a few years ago with Tara Slough and others. I am reaching out because I have a friend who is interested in applying for this role at Rainforest Foundation US and was hoping to speak with someone from RFUS to learn more. Would you be willing to be put in touch with him to chat for a few minutes about RFUS, your experience there, and share any tips for applying that might be useful? No worries if you aren't available. 

Thanks for considering!

Cheers,
Jaclyn","INBOX",""
"2-NWVkY2NjMTgtOWIyOC00ZGZmLThiYjctODVkZThlOGUwMjk2XzAxMw==","Content Marketing Writer","Muhammed Ajayi","https://www.linkedin.com/in/muhammed-ajayi-909a85250","Jaclyn Leaver","https://www.linkedin.com/in/jaclynleaver","2023-03-21 17:15:00 UTC","Content Marketing Writer","Hi Jaclyn,

I wanted to get in touch as I wanted to see if this opportunity was of interest for a Content Marketing Writer. 

My client is very established with the Biotechnical space and their mission is to empower life science discovery bringing innovation and promoting improved health.

Please see some of the key deliverables of the role below. 

•	Plan, carry out, and evaluate promotional campaigns.

•	Produce video and audio content (e.g., interviews, protocol videos, explainer videos, tutorials, podcasts, employee spotlights) with in-house and contract graphic designers, videographers, and animators.

•	Independently propose ideas on how to improve marketing content and internal processes.

•	Revise marketing content and find new ways to optimize content.

If a role of this nature could be of interest, I would love to book an introductory call to discuss this further. If could we book a call for today or tomorrow morning to discuss further.

Muhammed Ajayi
Marketing Talent Specialist at X4 Communications","INBOX",""
"2-OGI2ZmZkMmMtMDEzZC00Y2VhLWFhYTQtNjQxNTc0YTQzNjZkXzAxMw==","Personal days","Jaclyn Leaver","https://www.linkedin.com/in/jaclynleaver","Donna Alexander,Julian Leaver,Sina Mossayeb","https://www.linkedin.com/in/donna-alexander-86840a54,https://www.linkedin.com/in/julianleaver,https://www.linkedin.com/in/sinamossayeb","2023-03-08 16:47:52 UTC","","This is great!","INBOX",""
"2-OGI2ZmZkMmMtMDEzZC00Y2VhLWFhYTQtNjQxNTc0YTQzNjZkXzAxMw==","Personal days","Donna Alexander","https://www.linkedin.com/in/donna-alexander-86840a54","Julian Leaver,Jaclyn Leaver,Sina Mossayeb","https://www.linkedin.com/in/julianleaver,https://www.linkedin.com/in/jaclynleaver,https://www.linkedin.com/in/sinamossayeb","2023-03-08 16:32:24 UTC","","Yes","INBOX",""
"2-OGI2ZmZkMmMtMDEzZC00Y2VhLWFhYTQtNjQxNTc0YTQzNjZkXzAxMw==","Personal days","Sina Mossayeb","https://www.linkedin.com/in/sinamossayeb","Donna Alexander,Julian Leaver,Jaclyn Leaver","https://www.linkedin.com/in/donna-alexander-86840a54,https://www.linkedin.com/in/julianleaver,https://www.linkedin.com/in/jaclynleaver","2023-03-08 16:31:23 UTC","","Love","INBOX",""
"2-OGI2ZmZkMmMtMDEzZC00Y2VhLWFhYTQtNjQxNTc0YTQzNjZkXzAxMw==","Personal days","Donna Alexander","https://www.linkedin.com/in/donna-alexander-86840a54","Julian Leaver,Jaclyn Leaver,Sina Mossayeb","https://www.linkedin.com/in/julianleaver,https://www.linkedin.com/in/jaclynleaver,https://www.linkedin.com/in/sinamossayeb","2023-03-08 16:29:35 UTC","","","INBOX",""
"2-Nzk0YjZiYTgtMGY0ZS00MTU4LWEzYTAtNjRkMzNjMmE0ZjI0XzAxMw==","","Jaclyn Leaver","https://www.linkedin.com/in/jaclynleaver","Ted Paquin","https://www.linkedin.com/in/tedpaquin","2023-03-01 22:04:07 UTC","Lead Content Designer Role at Chime","Hi Ted,

Hope you are having a spectacular Wednesday! I'm writing to connect with you about the Lead Content Designer role at Chime. I'm super passionate about all things content-related and (bonus!) I love finances! Do I still balance my checkbook, check Credit Karma daily, and subscribe to a financial newsletter called The Hell Yeah Group?! Maybe. ;) I would love to learn more about the role and what you are looking for in a candidate. Do you have a few minutes to chat this week or next? Thanks for considering and hope to hear from you soon!

Cheers,
Jaclyn","INBOX",""
"2-YTZlM2FlNTUtZTI4Mi00OTA1LTg2ZDAtMGQ5YTcxOGU3MGM3XzAxMA==","","Jaclyn Leaver","https://www.linkedin.com/in/jaclynleaver","Anita Isalska","https://www.linkedin.com/in/isalska","2023-02-17 18:51:07 UTC","","Hi Anita, 

Thanks so much for taking the time to respond and share details about this role. It is exactly the kind of role I am looking to take on. I am passionate about content writing and editing, and have quite a bit of experience with long-form articles and blog posts. I am also comfortable managing multiple projects simultaneously and am always looking for ways to improve processes and drive efficiencies. I would really like the opportunity to share my materials with the recruiting team, if you think I might be a good fit for this role. I’m attaching my resume and a cover letter here just in case. 

Thanks again for responding and I hope to hear from you soon.

Cheers,
Jaclyn","INBOX","https://www.linkedin.com/dms/prv/vid/v2/D5606AQFXhYozUcXdsQ/messaging-attachmentFile/messaging-attachmentFile/0/1676659803891?m=AQKE2tZ2FoujuwAAAZ1k5f5TNKRXxjS_O6mKRdAV1kEUtCqwOPGDkXLT&ne=1&v=beta&t=Fved5guwWwtveud8ZtHoX1oFWlFZY2IU-bhQnQWeUiQ,https://www.linkedin.com/dms/prv/vid/v2/D5606AQGGoKBTcNCw8A/messaging-attachmentFile/messaging-attachmentFile/0/1676659835070?m=AQKj1qWFDdawpwAAAZ1k5f5V1OC8kR6_ZuQWfmLLFrR7eKO86LrKkp0b&ne=1&v=beta&t=h8gEstF7osytK8dXvHSTDPUVrIQRjo8kKDLHSpBBHPM"
"2-YTZlM2FlNTUtZTI4Mi00OTA1LTg2ZDAtMGQ5YTcxOGU3MGM3XzAxMA==","","Anita Isalska","https://www.linkedin.com/in/isalska","Jaclyn Leaver","https://www.linkedin.com/in/jaclynleaver","2023-02-17 01:01:20 UTC","","Hi Jaclyn, it's possible our recruiting team closed the role yesterday due to volume. What kind of role are you looking for? The Global Content Strategist role will be execution-heavy in the first 3-6 months (a lot of content writing), and then later involve leading our growing content vertical on global workforce management on our blog (smart long-form SEO content — strong editing, project management, freelancer management skills)","INBOX",""
"2-YTZlM2FlNTUtZTI4Mi00OTA1LTg2ZDAtMGQ5YTcxOGU3MGM3XzAxMA==","","Jaclyn Leaver","https://www.linkedin.com/in/jaclynleaver","Anita Isalska","https://www.linkedin.com/in/isalska","2023-02-16 05:15:23 UTC","","Hi Anita, I saw the Global Content Strategist role at Rippling just yesterday and wanted to apply, but looks like you've stopped accepting applications as of today. It mentioned that you are the person to contact about this role. Any chance I can still submit my application? Thanks for considering! ","INBOX",""
"2-NzE3YmY3MWQtMTYzNy00NGY1LTk5NDEtMjE0ZmI0ZmZkMmIzXzAxMA==","","Jaclyn Leaver","https://www.linkedin.com/in/jaclynleaver","Camille Ricketts","https://www.linkedin.com/in/camillericketts","2023-02-14 23:05:26 UTC","","Hi Camille,

How’s it going?! Is your 2023 off to a good start? Mine has already been a whirlwind and its only mid-February! This is my year to find a new job and, boy, is it a process… 😉 I am looking for full-time writing roles and stumbled upon this global content strategist position at Rippling (see here: https://ats.rippling.com/jobs/c964de0c-eb61-4511-9767-45502864105a). I saw here on LinkedIn that you might know Anita Isalska, who is the hiring manager for this role. So, I wanted to reach out to you to see if it would be ok to mention that I know you when writing to her to learn more. No worries if it doesn’t make sense, just thought to check either way. Thanks for considering and hope everything is great in your world. If you’re still in the Bay Area, it would be great for you, Sina, and me to grab coffee or a meal sometime soon! 

Cheers!","INBOX",""
"2-M2QxNWM5YTgtODU5MC00NTliLTg0NDUtMmEwMjMwMDdkODUwXzAxMA==","","Cristobal Chao","https://www.linkedin.com/in/crchao","Jaclyn Leaver","https://www.linkedin.com/in/jaclynleaver","2023-02-08 14:10:25 UTC","","Great connecting Jaclyn! It's exciting to start meeting experienced leaders like yourself that have been in the industry for a while.

I'd actually love if you could help me out with some feedback. Currently, I'm working on a new process that makes design and engineering collaboration smoother and more efficient for Web applications.

Not going to try to sell you or anything, but I'd really value your input as I’m trying to understand better the market and what folks like you care about.

Would you be open for a quick chat next week (zoom works)? Also, I'm going to SF in few weeks, if you prefer to meet in person. Coffee on me if you can make the time!","INBOX",""
"2-M2QxNWM5YTgtODU5MC00NTliLTg0NDUtMmEwMjMwMDdkODUwXzAxMA==","","Cristobal Chao","https://www.linkedin.com/in/crchao","Jaclyn Leaver","https://www.linkedin.com/in/jaclynleaver","2023-02-07 21:43:05 UTC","","Hey Jaclyn, was on LinkedIn connecting with other Writing & Editing leaders and I stumbled on your name.

I’m trying to learn more about the Writing & Editing space, and you seem like you’re quite experienced in this industry. Would love to connect and maybe even bump into each","INBOX",""
"2-YmNlYjg3OWUtMTBmMC00NjM2LWEyZGItMjQyYTYyOGY4NWQ4XzAxMA==","Content Specialist / Copywriter with Largest Search Engine: Climate and Energy","Cassidy Spearman","https://www.linkedin.com/in/cassidy-spearman-327237204","Jaclyn Leaver","https://www.linkedin.com/in/jaclynleaver","2023-01-19 00:35:02 UTC","Content Specialist / Copywriter with Largest Search Engine: Climate and Energy","Awesome! Looking forward to connecting.","INBOX",""
"2-YmNlYjg3OWUtMTBmMC00NjM2LWEyZGItMjQyYTYyOGY4NWQ4XzAxMA==","Content Specialist / Copywriter with Largest Search Engine: Climate and Energy","Jaclyn Leaver","https://www.linkedin.com/in/jaclynleaver","Cassidy Spearman","https://www.linkedin.com/in/cassidy-spearman-327237204","2023-01-18 23:14:55 UTC","Content Specialist / Copywriter with Largest Search Engine: Climate and Energy","Hi Cassidy,

Thanks for reaching out! Very interested in this position, sounds right up my alley, and will schedule some time to chat. Looking forward to learning more!

Cheers,
Jaclyn","INBOX",""
"2-YmNlYjg3OWUtMTBmMC00NjM2LWEyZGItMjQyYTYyOGY4NWQ4XzAxMA==","Content Specialist / Copywriter with Largest Search Engine: Climate and Energy","Cassidy Spearman","https://www.linkedin.com/in/cassidy-spearman-327237204","Jaclyn Leaver","https://www.linkedin.com/in/jaclynleaver","2023-01-18 22:48:08 UTC","Content Specialist / Copywriter with Largest Search Engine: Climate and Energy","Hey, Jaclyn! 
 
My name is Cassidy, creative recruiter with Synergis :) I recruit talent for all UX and creative projects for clients like Apple, Google, Expedia and LinkedIn. Currently I am looking for a Content Specialist and Copywriter to help Climate Operations solidify and expand Google’s position as the global corporate leader in driving a carbon-free future. Does this sound like something you'd be interested in? 

I saw you were open to work and have some stellar experience so would love to connect with you. Here are more details below:

You will be tasked with producing internal and external written content that tells the story of Climate Ops and Google’s decarbonization efforts. This includes core team branding materials (e.g. website copy, one-pagers, how-to guides, etc), proactive and reactive talking points and FAQs, and written content aimed at internal and external audiences including social media posts, presentations, thought leadership op-eds, correspondence, award submissions, and event proposals.

Duration: 12 months Contract
Location: SF
Rate: 63/hour +benefits 

I look forward to hearing from you! Please feel free to email me your availability: cspearman@synergishr.com or schedule a time to chat here: https://calendly.com/cspearman-synergis/30min

Cassidy Spearman
Creative Recruiter at Synergis IT+Creative","INBOX",""
"2-YjczNjdkNGQtZTA0OC00NjhlLThmNWItZTBmMDJkY2E1MWVmXzAxMg==","FTE Senior Content Designer Role","Makenzie Heiny","https://www.linkedin.com/in/makenzie-heiny-168367174","Jaclyn Leaver","https://www.linkedin.com/in/jaclynleaver","2023-01-18 23:44:40 UTC","FTE Senior Content Designer Role","Awesome. Looking forward to it!","INBOX",""
"2-YjczNjdkNGQtZTA0OC00NjhlLThmNWItZTBmMDJkY2E1MWVmXzAxMg==","FTE Senior Content Designer Role","Jaclyn Leaver","https://www.linkedin.com/in/jaclynleaver","Makenzie Heiny","https://www.linkedin.com/in/makenzie-heiny-168367174","2023-01-18 23:21:05 UTC","FTE Senior Content Designer Role","Scheduled!","INBOX",""
"2-YjczNjdkNGQtZTA0OC00NjhlLThmNWItZTBmMDJkY2E1MWVmXzAxMg==","FTE Senior Content Designer Role","Makenzie Heiny","https://www.linkedin.com/in/makenzie-heiny-168367174","Jaclyn Leaver","https://www.linkedin.com/in/jaclynleaver","2023-01-18 23:16:49 UTC","FTE Senior Content Designer Role","https://calendly.com/makenzie-heiny/15min","INBOX",""
"2-YjczNjdkNGQtZTA0OC00NjhlLThmNWItZTBmMDJkY2E1MWVmXzAxMg==","FTE Senior Content Designer Role","Jaclyn Leaver","https://www.linkedin.com/in/jaclynleaver","Makenzie Heiny","https://www.linkedin.com/in/makenzie-heiny-168367174","2023-01-18 23:12:13 UTC","FTE Senior Content Designer Role","Perfect!","INBOX",""
"2-YjczNjdkNGQtZTA0OC00NjhlLThmNWItZTBmMDJkY2E1MWVmXzAxMg==","FTE Senior Content Designer Role","Makenzie Heiny","https://www.linkedin.com/in/makenzie-heiny-168367174","Jaclyn Leaver","https://www.linkedin.com/in/jaclynleaver","2023-01-18 23:12:06 UTC","FTE Senior Content Designer Role","Yes I do. Give me one second I'll send you the link.","INBOX",""
"2-YjczNjdkNGQtZTA0OC00NjhlLThmNWItZTBmMDJkY2E1MWVmXzAxMg==","FTE Senior Content Designer Role","Jaclyn Leaver","https://www.linkedin.com/in/jaclynleaver","Makenzie Heiny","https://www.linkedin.com/in/makenzie-heiny-168367174","2023-01-18 23:10:19 UTC","FTE Senior Content Designer Role","Of course! Do you have calendly or something similar that I can use to schedule a time?","INBOX",""
"2-YjczNjdkNGQtZTA0OC00NjhlLThmNWItZTBmMDJkY2E1MWVmXzAxMg==","FTE Senior Content Designer Role","Makenzie Heiny","https://www.linkedin.com/in/makenzie-heiny-168367174","Jaclyn Leaver","https://www.linkedin.com/in/jaclynleaver","2023-01-18 23:09:14 UTC","FTE Senior Content Designer Role","I'm in a meeting that running longer than I thought it would. Can we please reschedule?

Thanks,
Makenzie","INBOX",""
"2-YjczNjdkNGQtZTA0OC00NjhlLThmNWItZTBmMDJkY2E1MWVmXzAxMg==","FTE Senior Content Designer Role","Jaclyn Leaver","https://www.linkedin.com/in/jaclynleaver","Makenzie Heiny","https://www.linkedin.com/in/makenzie-heiny-168367174","2023-01-18 17:00:28 UTC","FTE Senior Content Designer Role","Great, chat then!","INBOX",""
"2-YjczNjdkNGQtZTA0OC00NjhlLThmNWItZTBmMDJkY2E1MWVmXzAxMg==","FTE Senior Content Designer Role","Makenzie Heiny","https://www.linkedin.com/in/makenzie-heiny-168367174","Jaclyn Leaver","https://www.linkedin.com/in/jaclynleaver","2023-01-18 03:32:19 UTC","FTE Senior Content Designer Role","I'll give you a call then.","INBOX",""
"2-YjczNjdkNGQtZTA0OC00NjhlLThmNWItZTBmMDJkY2E1MWVmXzAxMg==","FTE Senior Content Designer Role","Makenzie Heiny","https://www.linkedin.com/in/makenzie-heiny-168367174","Jaclyn Leaver","https://www.linkedin.com/in/jaclynleaver","2023-01-18 03:32:11 UTC","FTE Senior Content Designer Role","Let's aim for 3:00 PST.","INBOX",""
"2-YjczNjdkNGQtZTA0OC00NjhlLThmNWItZTBmMDJkY2E1MWVmXzAxMg==","FTE Senior Content Designer Role","Jaclyn Leaver","https://www.linkedin.com/in/jaclynleaver","Makenzie Heiny","https://www.linkedin.com/in/makenzie-heiny-168367174","2023-01-17 22:34:07 UTC","FTE Senior Content Designer Role","Great, thanks so much! Please see my resume attached.","INBOX","https://www.linkedin.com/dms/prv/vid/v2/D5606AQG3uzD9ahv7QQ/messaging-attachmentFile/messaging-attachmentFile/0/1673994845953?m=AQJ-KUwjeEu89gAAAZ1k5f5OAizfrATcAXJqSy0xAhI7TqKyqkbVAp9d&ne=1&v=beta&t=0CBIoBbc_YzySC6nVi6P0RhD5XeKfLtsUPIpOTK7Pgw"
"2-YjczNjdkNGQtZTA0OC00NjhlLThmNWItZTBmMDJkY2E1MWVmXzAxMg==","FTE Senior Content Designer Role","Makenzie Heiny","https://www.linkedin.com/in/makenzie-heiny-168367174","Jaclyn Leaver","https://www.linkedin.com/in/jaclynleaver","2023-01-17 21:59:28 UTC","FTE Senior Content Designer Role","Just sent those over. Could you also send me your resume please? Thanks!","INBOX",""
"2-YjczNjdkNGQtZTA0OC00NjhlLThmNWItZTBmMDJkY2E1MWVmXzAxMg==","FTE Senior Content Designer Role","Jaclyn Leaver","https://www.linkedin.com/in/jaclynleaver","Makenzie Heiny","https://www.linkedin.com/in/makenzie-heiny-168367174","2023-01-17 18:19:45 UTC","FTE Senior Content Designer Role","Great! My email is ruhaleaver@gmail.com. Looking forward to learning more. Cheers!","INBOX",""
"2-YjczNjdkNGQtZTA0OC00NjhlLThmNWItZTBmMDJkY2E1MWVmXzAxMg==","FTE Senior Content Designer Role","Makenzie Heiny","https://www.linkedin.com/in/makenzie-heiny-168367174","Jaclyn Leaver","https://www.linkedin.com/in/jaclynleaver","2023-01-17 17:45:13 UTC","FTE Senior Content Designer Role","Awesome. What's a good email for you? I'll send all the details over for you to review, and then we can go ahead and get some time set up to chat!","INBOX",""
"2-YjczNjdkNGQtZTA0OC00NjhlLThmNWItZTBmMDJkY2E1MWVmXzAxMg==","FTE Senior Content Designer Role","Jaclyn Leaver","https://www.linkedin.com/in/jaclynleaver","Makenzie Heiny","https://www.linkedin.com/in/makenzie-heiny-168367174","2023-01-13 19:59:48 UTC","FTE Senior Content Designer Role","Yes! I have time between 2:30 and 5:00pm PT. 

Cheers,
Jaclyn","INBOX",""
"2-YjczNjdkNGQtZTA0OC00NjhlLThmNWItZTBmMDJkY2E1MWVmXzAxMg==","FTE Senior Content Designer Role","Makenzie Heiny","https://www.linkedin.com/in/makenzie-heiny-168367174","Jaclyn Leaver","https://www.linkedin.com/in/jaclynleaver","2023-01-13 18:29:30 UTC","FTE Senior Content Designer Role","Awesome. Would you have time on Tuesday to chat?

Thanks,
Makenzie","INBOX",""
"2-YjczNjdkNGQtZTA0OC00NjhlLThmNWItZTBmMDJkY2E1MWVmXzAxMg==","FTE Senior Content Designer Role","Jaclyn Leaver","https://www.linkedin.com/in/jaclynleaver","Makenzie Heiny","https://www.linkedin.com/in/makenzie-heiny-168367174","2023-01-13 02:55:34 UTC","FTE Senior Content Designer Role","Oh, great! I think the location will work. Let’s grab some time. Please let me know what works for you. 

Thanks,
Jaclyn","INBOX",""
"2-YjczNjdkNGQtZTA0OC00NjhlLThmNWItZTBmMDJkY2E1MWVmXzAxMg==","FTE Senior Content Designer Role","Makenzie Heiny","https://www.linkedin.com/in/makenzie-heiny-168367174","Jaclyn Leaver","https://www.linkedin.com/in/jaclynleaver","2023-01-13 02:06:48 UTC","FTE Senior Content Designer Role","Let me know first if the location would work. If so, we can set up some time to chat further!","INBOX",""
"2-YjczNjdkNGQtZTA0OC00NjhlLThmNWItZTBmMDJkY2E1MWVmXzAxMg==","FTE Senior Content Designer Role","Makenzie Heiny","https://www.linkedin.com/in/makenzie-heiny-168367174","Jaclyn Leaver","https://www.linkedin.com/in/jaclynleaver","2023-01-13 02:06:23 UTC","FTE Senior Content Designer Role","850 Cherry Ave, San Bruno, CA 94066 is their address","INBOX",""
"2-YjczNjdkNGQtZTA0OC00NjhlLThmNWItZTBmMDJkY2E1MWVmXzAxMg==","FTE Senior Content Designer Role","Jaclyn Leaver","https://www.linkedin.com/in/jaclynleaver","Makenzie Heiny","https://www.linkedin.com/in/makenzie-heiny-168367174","2023-01-13 00:34:46 UTC","FTE Senior Content Designer Role","Hi again, 

Quick question. Where is this role located? Just want to make sure I am in the right area! 

Thanks,
Jaclyn ","INBOX",""
"2-YjczNjdkNGQtZTA0OC00NjhlLThmNWItZTBmMDJkY2E1MWVmXzAxMg==","FTE Senior Content Designer Role","Jaclyn Leaver","https://www.linkedin.com/in/jaclynleaver","Makenzie Heiny","https://www.linkedin.com/in/makenzie-heiny-168367174","2023-01-13 00:11:03 UTC","FTE Senior Content Designer Role","Hi Makenzie, 

Thanks for reaching out! I am definitely open to hearing about new opportunities and would love to connect to learn more about this role at Sam's Club. I have some free time next week on Tuesday (Jan 17) between 2:00 and 5:00pm, Thursday (Jan 19) between 10:00am and 12:00pm, or Friday (Jan 20) between 9:00am and 4:00pm. All times are in PT. Let me know what might work for you!

Cheers,
Jaclyn","INBOX",""
"2-YjczNjdkNGQtZTA0OC00NjhlLThmNWItZTBmMDJkY2E1MWVmXzAxMg==","FTE Senior Content Designer Role","Makenzie Heiny","https://www.linkedin.com/in/makenzie-heiny-168367174","Jaclyn Leaver","https://www.linkedin.com/in/jaclynleaver","2023-01-12 22:56:11 UTC","FTE Senior Content Designer Role","Hi Jaclyn,

I wanted to see if you're open to hearing about new opportunities. 

I have a full time hybrid Senior Content Designer role with Sam's Club that looks to be in alignment with your skillset. 

You would only be required to go into office 1-2 times a week.

Qualifications: 
-5+ years UX Writing
-Enterprise Experience
-Content Design/ Strategy experience
-Strong Collaboration and Problem Solving skills

As a Senior Content Designer, you’ll create content that is purposeful, clear, compelling, on-brand and consistent. You’ll collaborate with design, product and business partners to shape products and foster an inclusive member and associate experiences with your artful use of voice, content best practices and end-to-end content strategies. 

Let me know when you'd be available to chat!

Cheers,

Makenzie Heiny
Randstad Technologies","INBOX",""
"2-OThkOGU0NTUtYjczYS00N2ZlLWI5NDAtYmVlMGNkN2JkNjQyXzAxMA==","UX Content Strategist","Akshat Mehta","https://www.linkedin.com/in/akshat-mehta-485719167","Jaclyn Leaver","https://www.linkedin.com/in/jaclynleaver","2023-01-05 21:22:31 UTC","UX Content Strategist","Thanks for letting me know.","INBOX",""
"2-OThkOGU0NTUtYjczYS00N2ZlLWI5NDAtYmVlMGNkN2JkNjQyXzAxMA==","UX Content Strategist","Jaclyn Leaver","https://www.linkedin.com/in/jaclynleaver","Akshat Mehta","https://www.linkedin.com/in/akshat-mehta-485719167","2023-01-05 21:09:29 UTC","UX Content Strategist","Hi Akshat, 

Thanks for this information. I'm looking for a full-time position, so I think I have to pass on this one. Please do keep me in mind for any future positions.

Cheers,
Jaclyn","INBOX",""
"2-OThkOGU0NTUtYjczYS00N2ZlLWI5NDAtYmVlMGNkN2JkNjQyXzAxMA==","UX Content Strategist","Akshat Mehta","https://www.linkedin.com/in/akshat-mehta-485719167","Jaclyn Leaver","https://www.linkedin.com/in/jaclynleaver","2023-01-05 20:43:56 UTC","UX Content Strategist","Hi Jaclyn,
This is a w2 contract position for 10 months with a possible conversion. Pay is $60 per hr on w2. If interested please suggest a suitable time to connect on a call.","INBOX",""
"2-OThkOGU0NTUtYjczYS00N2ZlLWI5NDAtYmVlMGNkN2JkNjQyXzAxMA==","UX Content Strategist","Jaclyn Leaver","https://www.linkedin.com/in/jaclynleaver","Akshat Mehta","https://www.linkedin.com/in/akshat-mehta-485719167","2023-01-05 18:14:54 UTC","UX Content Strategist","Hi Akshat, 

Thanks for reaching out! I would be happy to learn more about this opportunity. Please find my resume attached. If you think I might be a good fit, please let me know next steps for connecting. I look forward to hearing more from you soon.

Cheers,
Jaclyn","INBOX","https://www.linkedin.com/dms/prv/vid/v2/D5606AQG7ALLv9O2CCQ/messaging-attachmentFile/messaging-attachmentFile/0/1672942487692?m=AQIfy2VbDDOgTQAAAZ1k5f5Sm9aN5n9YyX_5llNsPlXqdM8n2Z6JCiJn&ne=1&v=beta&t=abWsLbfhnnhx0MgtTAZkcX1qOpLudeIqj9aI6rwg5hw"
"2-OThkOGU0NTUtYjczYS00N2ZlLWI5NDAtYmVlMGNkN2JkNjQyXzAxMA==","UX Content Strategist","Akshat Mehta","https://www.linkedin.com/in/akshat-mehta-485719167","Jaclyn Leaver","https://www.linkedin.com/in/jaclynleaver","2023-01-05 14:48:01 UTC","UX Content Strategist","Hi Jaclyn,

I just came across your profile and was impressed with your experience.
I am currently recruiting talent for U.S bank and would love to talk to you about the UX Content Strategist they are is looking to fill. 

If any of this sounds interesting to you, Please share your resume here.

Looking forward to speaking with you.

Thank you,
Akshat Mehta
Phone 703-936-5914
akshatm@lancesoft.com

Akshat Mehta
Recruiter at LanceSoft, Inc.","INBOX",""
"2-ZmM2M2FiZTAtODI2MC00NDQzLTg1YjctYmI2MzY0OTg2NGY4XzAxMA==","Content Designer Job Opportunity","Jaclyn Leaver","https://www.linkedin.com/in/jaclynleaver","Georgia Portwood ","https://www.linkedin.com/in/georgia-portwood-8095b41b8","2023-01-03 22:10:24 UTC","Content Designer Job Opportunity","Hi Georgia, 

Thanks for getting in touch! Would love to learn more about the role and Peraton. My phone number is 405-834-7488 and I am attaching my resume here. Let me know next steps!

Cheers,
Jaclyn","INBOX","https://www.linkedin.com/dms/prv/vid/v2/D5606AQEYb8rgap0U0w/messaging-attachmentFile/messaging-attachmentFile/0/1672783823220?m=AQKwnIgGPaIKIAAAAZ1k5f4_QmTKVh9VWPVJ1pkf3eKzYNEUmraP0JKr&ne=1&v=beta&t=DlKHi22xXC4AuVqrijy9FicBuND_41l83phheA1v5A4"
"2-ZmM2M2FiZTAtODI2MC00NDQzLTg1YjctYmI2MzY0OTg2NGY4XzAxMA==","Content Designer Job Opportunity","Georgia Portwood ","https://www.linkedin.com/in/georgia-portwood-8095b41b8","Jaclyn Leaver","https://www.linkedin.com/in/jaclynleaver","2023-01-03 20:24:18 UTC","Content Designer Job Opportunity","Hi Jaclyn!

My name is Georgia Portwood and I’m a Technical Recruiter with Apex Systems. I am currently looking to hire a Content Designer for Peraton, and your background looks like it could be a good fit!

I would love to have a quick chat about what I can do for you if you think you might be interested!
Please send me your phone number and resume if you are interested!

You can also feel free to give me a call any time at 678-727-2831 or email me at gportwood@apexsystems.com

Georgia Portwood
Technical Recruiter at Apex Systems","INBOX",""
"2-Y2Q0OWM2MzAtYjZhNC00ODY4LWFkMzctYTVmMzMxYTBjZjNiXzAxMA==","Largest social media Client looking for Content Strategist III - Remote","Jaclyn Leaver","https://www.linkedin.com/in/jaclynleaver","Prabmeet Saini","https://www.linkedin.com/in/prabmeet-saini","2023-01-03 19:31:53 UTC","Largest social media Client looking for Content Strategist III - Remote","Hi Prabmeet, 

I would be happy to learn more about this role. Let me know how we should move forward. Also, please see my current resume attached.

Cheers,
Jaclyn","INBOX","https://www.linkedin.com/dms/prv/vid/v2/D5606AQGp1L7Do4EfTg/messaging-attachmentFile/messaging-attachmentFile/0/1672774265325?m=AQJqvyFX82OWhgAAAZ1k5f5VH8byA37DVKVDDCE4CIPh91xgsasT8jri&ne=1&v=beta&t=XoJXkL3RrvGx1W0EWU5yVicvPXsuqgtc8KkPFAIBrrU"
"2-Y2Q0OWM2MzAtYjZhNC00ODY4LWFkMzctYTVmMzMxYTBjZjNiXzAxMA==","Largest social media Client looking for Content Strategist III - Remote","Prabmeet Saini","https://www.linkedin.com/in/prabmeet-saini","Jaclyn Leaver","https://www.linkedin.com/in/jaclynleaver","2022-12-27 20:26:45 UTC","Largest social media Client looking for Content Strategist III - Remote","Hi Jaclyn,

Hope you're well.

I came across your profile while looking for Content Strategist III - Remote role for our social media client and was impressed with your experience. Let me know if you are interested in knowing more about the same, also you can share your updated resume. 

I am a believer in growing my network at every opportunity.

Would you mind accepting?

Regards,
Prabmeet Saini

Prabmeet Saini - PGDHRM
Team Lead at Aditi Consulting","INBOX",""
"2-Y2YzNmYwYmQtOWM2Zi00OTIyLWFiNTUtNTk4MDI5NWI1Mzk5XzAxMA==","Content Design Director Opportunity!","Jaclyn Leaver","https://www.linkedin.com/in/jaclynleaver","Lindsay Melnick","https://www.linkedin.com/in/lindsaymelnick","2023-01-03 19:29:55 UTC","Content Design Director Opportunity!","Hi Lindsay, great! Just booked some time with you on Friday this week. Looking forward to connecting!","INBOX",""
"2-Y2YzNmYwYmQtOWM2Zi00OTIyLWFiNTUtNTk4MDI5NWI1Mzk5XzAxMA==","Content Design Director Opportunity!","Lindsay Melnick","https://www.linkedin.com/in/lindsaymelnick","Jaclyn Leaver","https://www.linkedin.com/in/jaclynleaver","2022-12-22 21:46:05 UTC","Content Design Director Opportunity!","Hello Jaclyn! Thanks for connecting.

Feel free to book some time to chat with me!

https://calendly.com/lindsay-melnick/30min

Thanks,
Lindsay","INBOX",""
"2-Y2YzNmYwYmQtOWM2Zi00OTIyLWFiNTUtNTk4MDI5NWI1Mzk5XzAxMA==","Content Design Director Opportunity!","Jaclyn Leaver","https://www.linkedin.com/in/jaclynleaver","Lindsay Melnick","https://www.linkedin.com/in/lindsaymelnick","2022-12-21 21:53:09 UTC","Content Design Director Opportunity!","Hi Lindsay,

Thanks for reaching out! I’m excited to hear about the Content Design Director role at Okcoin and would be happy to jump on a call to learn more about your products. I have some availability this afternoon or on Monday/Tuesday next week. Let me know what works for you.

Cheers,
Jaclyn","INBOX",""
"2-Y2YzNmYwYmQtOWM2Zi00OTIyLWFiNTUtNTk4MDI5NWI1Mzk5XzAxMA==","Content Design Director Opportunity!","Lindsay Melnick","https://www.linkedin.com/in/lindsaymelnick","Jaclyn Leaver","https://www.linkedin.com/in/jaclynleaver","2022-12-21 21:44:52 UTC","Content Design Director Opportunity!","Hi Jaclyn,

My name is Lindsay and I'm on the recruiting team here at Okcoin, a late stage startup in the cryptocurrency space. We're currently searching for a Content Design Director who is driven by the challenge of redefining the standard of content for crypto products and passionate about building and supporting our team as we continue to scale.

I'd love to tell you more about how our products are helping people all over the world gain access to a new financial ecosystem. Let me know if you're open to jumping on a quick call!

Best,
Lindsay

Lindsay Melnick
Senior Design Recruiter at Okcoin","INBOX",""
"2-MWIzYzlkODMtNDdmNS00YzFiLThhZTUtZDY3MjEwZGRkMjhmXzAxMA==","","Jaclyn Leaver","https://www.linkedin.com/in/jaclynleaver","Derek Bennington","https://www.linkedin.com/in/derekbennington","2022-12-20 22:34:50 UTC","","Cool! Sent you an email. 🤩","INBOX",""
"2-MWIzYzlkODMtNDdmNS00YzFiLThhZTUtZDY3MjEwZGRkMjhmXzAxMA==","","Derek Bennington","https://www.linkedin.com/in/derekbennington","Jaclyn Leaver","https://www.linkedin.com/in/jaclynleaver","2022-12-20 19:55:33 UTC","","email is derek@derekbennington.com if you want to get off linkedin. Also i see you love editing, writing etc??!! Oh man do I need you right now haha","INBOX",""
"2-MWIzYzlkODMtNDdmNS00YzFiLThhZTUtZDY3MjEwZGRkMjhmXzAxMA==","","Derek Bennington","https://www.linkedin.com/in/derekbennington","Jaclyn Leaver","https://www.linkedin.com/in/jaclynleaver","2022-12-20 19:54:43 UTC","","both are wide open, you pick!","INBOX",""
"2-MWIzYzlkODMtNDdmNS00YzFiLThhZTUtZDY3MjEwZGRkMjhmXzAxMA==","","Jaclyn Leaver","https://www.linkedin.com/in/jaclynleaver","Derek Bennington","https://www.linkedin.com/in/derekbennington","2022-12-20 19:40:38 UTC","","Hey, yeah maybe! What does Monday/Tuesday look like for you?","INBOX",""
"2-MWIzYzlkODMtNDdmNS00YzFiLThhZTUtZDY3MjEwZGRkMjhmXzAxMA==","","Derek Bennington","https://www.linkedin.com/in/derekbennington","Jaclyn Leaver","https://www.linkedin.com/in/jaclynleaver","2022-12-20 19:11:17 UTC","","man how things got away...any time next week before ny?","INBOX",""
"2-MWIzYzlkODMtNDdmNS00YzFiLThhZTUtZDY3MjEwZGRkMjhmXzAxMA==","","Jaclyn Leaver","https://www.linkedin.com/in/jaclynleaver","Derek Bennington","https://www.linkedin.com/in/derekbennington","2022-12-06 23:21:06 UTC","","Oh no! Sorry to hear it. Yeah, maybe Friday or Saturday. Let’s be in touch! Feel better! ","INBOX",""
"2-MWIzYzlkODMtNDdmNS00YzFiLThhZTUtZDY3MjEwZGRkMjhmXzAxMA==","","Derek Bennington","https://www.linkedin.com/in/derekbennington","Jaclyn Leaver","https://www.linkedin.com/in/jaclynleaver","2022-12-06 22:41:41 UTC","","I totally get it. I have been down for the count the last few days is a real nasty one too. Maybe Friday or Sat?","INBOX",""
"2-MWIzYzlkODMtNDdmNS00YzFiLThhZTUtZDY3MjEwZGRkMjhmXzAxMA==","","Jaclyn Leaver","https://www.linkedin.com/in/jaclynleaver","Derek Bennington","https://www.linkedin.com/in/derekbennington","2022-12-06 20:47:13 UTC","","Hi friend! Sorry for going MIA. I got a nasty cold but finally on the mend. Do you have some time tomorrow or Thursday to chat? Let me know!","INBOX",""
"2-MWIzYzlkODMtNDdmNS00YzFiLThhZTUtZDY3MjEwZGRkMjhmXzAxMA==","","Jaclyn Leaver","https://www.linkedin.com/in/jaclynleaver","Derek Bennington","https://www.linkedin.com/in/derekbennington","2022-11-18 23:15:18 UTC","","👍","INBOX",""
"2-MWIzYzlkODMtNDdmNS00YzFiLThhZTUtZDY3MjEwZGRkMjhmXzAxMA==","","Derek Bennington","https://www.linkedin.com/in/derekbennington","Jaclyn Leaver","https://www.linkedin.com/in/jaclynleaver","2022-11-18 23:12:24 UTC","","Of course. Looking forward to it and have a great holiday yourself. Feel free to hit me up at derekkbennington@gmail.com if that's easier to get off of here","INBOX",""
"2-MWIzYzlkODMtNDdmNS00YzFiLThhZTUtZDY3MjEwZGRkMjhmXzAxMA==","","Jaclyn Leaver","https://www.linkedin.com/in/jaclynleaver","Derek Bennington","https://www.linkedin.com/in/derekbennington","2022-11-18 21:47:11 UTC","","Ack! Today and next week I'm a bit busy with family obligations. Let's try for the week after Thanksgiving!! I'll be in touch then. Hope you have a great holiday!","INBOX",""
"2-MWIzYzlkODMtNDdmNS00YzFiLThhZTUtZDY3MjEwZGRkMjhmXzAxMA==","","Derek Bennington","https://www.linkedin.com/in/derekbennington","Jaclyn Leaver","https://www.linkedin.com/in/jaclynleaver","2022-11-18 18:47:12 UTC","","I'm around between 4:30 and 6:30 mountain Time tonight or next week Monday afternoon or Tuesday is best. Not sure after that","INBOX",""
"2-MWIzYzlkODMtNDdmNS00YzFiLThhZTUtZDY3MjEwZGRkMjhmXzAxMA==","","Derek Bennington","https://www.linkedin.com/in/derekbennington","Jaclyn Leaver","https://www.linkedin.com/in/jaclynleaver","2022-11-18 18:46:29 UTC","","Not just Oklahoma. One of those times I'm glad what happens in Vegas didn't stay in Vegas.","INBOX",""
"2-MWIzYzlkODMtNDdmNS00YzFiLThhZTUtZDY3MjEwZGRkMjhmXzAxMA==","","Jaclyn Leaver","https://www.linkedin.com/in/jaclynleaver","Derek Bennington","https://www.linkedin.com/in/derekbennington","2022-11-18 18:19:17 UTC","","Hahaha, glad to hear that your time in Oklahoma makes the magical cut! ;) 

Would love to catch up. Let me know when you're free.","INBOX",""
"2-MWIzYzlkODMtNDdmNS00YzFiLThhZTUtZDY3MjEwZGRkMjhmXzAxMA==","","Derek Bennington","https://www.linkedin.com/in/derekbennington","Jaclyn Leaver","https://www.linkedin.com/in/jaclynleaver","2022-11-18 17:59:19 UTC","","Well hi.

In all honesty, there are only a few things I would consider magical that happened in my life and that was one of them. Looking back, so much happened before, during, and after that trip. Remember it well.

Catch up sometime?","INBOX",""
"2-MWIzYzlkODMtNDdmNS00YzFiLThhZTUtZDY3MjEwZGRkMjhmXzAxMA==","","Jaclyn Leaver","https://www.linkedin.com/in/jaclynleaver","Derek Bennington","https://www.linkedin.com/in/derekbennington","2022-11-14 23:02:12 UTC","","Well hello there! 

Great to hear from you. Hope your trip to Nebraska was just as magical as your trip to Oklahoma no doubt was all those years ago. 😉

Looks like you are doing well too! Sending lots of joy from California. ","INBOX",""
"2-MWIzYzlkODMtNDdmNS00YzFiLThhZTUtZDY3MjEwZGRkMjhmXzAxMA==","","Derek Bennington","https://www.linkedin.com/in/derekbennington","Jaclyn Leaver","https://www.linkedin.com/in/jaclynleaver","2022-11-13 21:55:09 UTC","","Hey you ... I would default to saying long time but that would be a nonauthentic way to start this. I just finished flying to and driving through Nebraska... The last time I drove anything this far east was about 18 years ago on my way to a small town in Oklahoma for some weird reason. And of course the thought of you didn't cross my mind at all so I figured I wouldnt just reach out to say hi and hope you're doing well. Looks like you're kicking ass and taking names. Not surprised at all just a matter of time. :)","INBOX",""
"2-ZGYwMTc0OGYtYTdlMy00YmI3LThhZWItMzE3YTZhZjkzNTk1XzAxMA==","","Sara Ironside","https://www.linkedin.com/in/sara-ironside-a699551","Jaclyn Leaver","https://www.linkedin.com/in/jaclynleaver","2022-11-23 17:59:45 UTC","","Hi Jaclyn-

Reaching out one last time to see if you may be interested in learning about my program.  Our members are strong women aiming to deepen their leadership skill set and impact organizational success.  If I don't hear back from you, I will assume this isn't the right time or fit.

Appreciate the connection,
Sara","INBOX",""
"2-ZGYwMTc0OGYtYTdlMy00YmI3LThhZWItMzE3YTZhZjkzNTk1XzAxMA==","","Sara Ironside","https://www.linkedin.com/in/sara-ironside-a699551","Jaclyn Leaver","https://www.linkedin.com/in/jaclynleaver","2022-11-19 17:41:43 UTC","","Excited to connect, Jaclyn.  With over twenty years of experience coaching and consulting leaders, I understand the art of balancing the needs of the senior leaders and your team members.  Oftentimes, we feel like we are pulled in multiple directions simultaneously.

These observations have led me to create a community for women in strategic leadership roles who are advancing in their careers.  In my program, you will receive personalized one on one coaching, be part of a powerful peer group, have access to growth related content and be part of a national network.  You will develop greater insight into best practices and personal growth.

If this makes sense to you, let's talk.

Regards,

Sara","INBOX",""
"2-ZGYwMTc0OGYtYTdlMy00YmI3LThhZWItMzE3YTZhZjkzNTk1XzAxMA==","","Sara Ironside","https://www.linkedin.com/in/sara-ironside-a699551","Jaclyn Leaver","https://www.linkedin.com/in/jaclynleaver","2022-11-16 23:58:37 UTC","","Jaclyn-
I work with dynamic women who are strategic leaders.  Driving and managing change in fast paced environments often leaves us feeling spread too thin.  As we approach 2023, many of us are evaluating what we want to accomplish in the coming year. If this resonates, let's connect! 
Sara","INBOX",""
"2-YzEwZjNlODMtMGVhNS00YzhmLWJiOGEtOTRiZDA5NzE1MmMwXzAxMA==","","Jaclyn Leaver","https://www.linkedin.com/in/jaclynleaver","Tiffany Stanfield","https://www.linkedin.com/in/tiffanyglasscock","2022-10-20 19:57:30 UTC","","Hi Tiffany, Just hopped off the ""Building Research Ops from the Ground Up"" session and wanted to connect to say thanks! As someone who is looking to move from academic research into the ReOps field, it was really encouraging to hear your and Crystal's stories and amazing insights! ","INBOX",""
"2-NzFmZTk2OTYtNDRiOC00NTRjLTk2ZGEtYmRjNDVlOGJlYzhkXzAxMg==","","Jaclyn Leaver","https://www.linkedin.com/in/jaclynleaver","Crystal Kubitsky","https://www.linkedin.com/in/ckubitsky","2022-10-20 18:14:46 UTC","","Absolutely! I look forward to future sessions. Good luck to you as you continue to build out ReOps at your company!","INBOX",""
"2-NzFmZTk2OTYtNDRiOC00NTRjLTk2ZGEtYmRjNDVlOGJlYzhkXzAxMg==","","Crystal Kubitsky","https://www.linkedin.com/in/ckubitsky","Jaclyn Leaver","https://www.linkedin.com/in/jaclynleaver","2022-10-20 17:56:35 UTC","","Thanks, Jaclyn! I’m so glad our experience offered you some value. Thanks for coming to the webinar!","INBOX",""
"2-NzFmZTk2OTYtNDRiOC00NTRjLTk2ZGEtYmRjNDVlOGJlYzhkXzAxMg==","","Jaclyn Leaver","https://www.linkedin.com/in/jaclynleaver","Crystal Kubitsky","https://www.linkedin.com/in/ckubitsky","2022-10-20 17:21:16 UTC","","Hi Crystal, Just hopped off the ""Building Research Ops from the Ground Up"" session and wanted to connect to say thanks! As someone who is looking to move from academic research into the ReOps field, it was really encouraging to hear your and Tiffany's stories and amazing insights! ","INBOX",""
"2-NWZhNTdiNjMtZDYzOC00MDM1LWExNTQtMjM0YTRlNTE1ZDFkXzAxMg==","","Jaclyn Leaver","https://www.linkedin.com/in/jaclynleaver","Oren Friedman","https://www.linkedin.com/in/oren-friedman","2022-10-20 17:14:37 UTC","","Hi Oren, Just hopped off the ""Building Research Ops from the Ground Up"" session and wanted to connect to say thanks for organizing this! As someone who is looking to move from academic research into the ReOps field, it was really helpful to hear Crystal and Tiffany's stories and amazing insights! ","INBOX",""
"2-NzM4ZjU0MGItZTE0My00NmI1LThlYTUtYjVlOWY1MGYzMzEzXzAxMA==","","Casey Gollan","https://www.linkedin.com/in/casey-gollan","Jaclyn Leaver","https://www.linkedin.com/in/jaclynleaver","2022-10-14 17:20:47 UTC","","https://toolbox.researchops.community/","INBOX",""
"2-NzM4ZjU0MGItZTE0My00NmI1LThlYTUtYjVlOWY1MGYzMzEzXzAxMA==","","Casey Gollan","https://www.linkedin.com/in/casey-gollan","Jaclyn Leaver","https://www.linkedin.com/in/jaclynleaver","2022-10-14 17:19:49 UTC","","https://joinlearners.com/talk/all-roads-lead-to-rome-pathways-to-a-career-in-researchops","INBOX",""
"2-NzM4ZjU0MGItZTE0My00NmI1LThlYTUtYjVlOWY1MGYzMzEzXzAxMA==","","Casey Gollan","https://www.linkedin.com/in/casey-gollan","Jaclyn Leaver","https://www.linkedin.com/in/jaclynleaver","2022-10-14 17:14:50 UTC","","https://medium.com/researchopslife/how-to-hire-for-researchops-skills-experience-and-potential-406881202011","INBOX",""
"2-NzM4ZjU0MGItZTE0My00NmI1LThlYTUtYjVlOWY1MGYzMzEzXzAxMA==","","Casey Gollan","https://www.linkedin.com/in/casey-gollan","Jaclyn Leaver","https://www.linkedin.com/in/jaclynleaver","2022-10-05 18:11:40 UTC","","np! see ya then :)","INBOX",""
"2-NzM4ZjU0MGItZTE0My00NmI1LThlYTUtYjVlOWY1MGYzMzEzXzAxMA==","","Jaclyn Leaver","https://www.linkedin.com/in/jaclynleaver","Casey Gollan","https://www.linkedin.com/in/casey-gollan","2022-10-05 18:11:28 UTC","","Thanks so much!","INBOX",""
"2-NzM4ZjU0MGItZTE0My00NmI1LThlYTUtYjVlOWY1MGYzMzEzXzAxMA==","","Casey Gollan","https://www.linkedin.com/in/casey-gollan","Jaclyn Leaver","https://www.linkedin.com/in/jaclynleaver","2022-10-05 18:11:15 UTC","","done!","INBOX",""
"2-NzM4ZjU0MGItZTE0My00NmI1LThlYTUtYjVlOWY1MGYzMzEzXzAxMA==","","Jaclyn Leaver","https://www.linkedin.com/in/jaclynleaver","Casey Gollan","https://www.linkedin.com/in/casey-gollan","2022-10-05 18:10:34 UTC","","Oh, ok! Any chance you could send it to ruhaleaver@gmail.com? Thanks!","INBOX",""
"2-NzM4ZjU0MGItZTE0My00NmI1LThlYTUtYjVlOWY1MGYzMzEzXzAxMA==","","Casey Gollan","https://www.linkedin.com/in/casey-gollan","Jaclyn Leaver","https://www.linkedin.com/in/jaclynleaver","2022-10-05 18:08:30 UTC","","Oh, to the email on your linked in
 ruhaleaver@hotmail.com","INBOX",""
"2-NzM4ZjU0MGItZTE0My00NmI1LThlYTUtYjVlOWY1MGYzMzEzXzAxMA==","","Jaclyn Leaver","https://www.linkedin.com/in/jaclynleaver","Casey Gollan","https://www.linkedin.com/in/casey-gollan","2022-10-05 17:48:09 UTC","","Great, where did you happen to send it?","INBOX",""
"2-NzM4ZjU0MGItZTE0My00NmI1LThlYTUtYjVlOWY1MGYzMzEzXzAxMA==","","Casey Gollan","https://www.linkedin.com/in/casey-gollan","Jaclyn Leaver","https://www.linkedin.com/in/jaclynleaver","2022-10-05 17:46:15 UTC","","Cool, sent an invite for Tues! Looking fwd to chatting.","INBOX",""
"2-NzM4ZjU0MGItZTE0My00NmI1LThlYTUtYjVlOWY1MGYzMzEzXzAxMA==","","Jaclyn Leaver","https://www.linkedin.com/in/jaclynleaver","Casey Gollan","https://www.linkedin.com/in/casey-gollan","2022-10-05 17:43:34 UTC","","Hi Casey,

Awesome! Thanks for the quick response and for being open to sharing some of your time with me to chat. I am in California, so on Pacific Time, and am free next week on Monday (11:30AM - 3:30PM), Tuesday (10:00AM - 12:00PM), or Friday (9:00AM - 12:00PM). Let me know if any of these days/times work for you.","INBOX",""
"2-NzM4ZjU0MGItZTE0My00NmI1LThlYTUtYjVlOWY1MGYzMzEzXzAxMA==","","Casey Gollan","https://www.linkedin.com/in/casey-gollan","Jaclyn Leaver","https://www.linkedin.com/in/jaclynleaver","2022-10-05 17:40:04 UTC","","Hi Jaclyn, I'd be happy to chat about that! So cool that Saskia put us in touch.
 
Do you have a scheduling link? Or let me know some times that might work for you.","INBOX",""
"2-NzM4ZjU0MGItZTE0My00NmI1LThlYTUtYjVlOWY1MGYzMzEzXzAxMA==","","Jaclyn Leaver","https://www.linkedin.com/in/jaclynleaver","Casey Gollan","https://www.linkedin.com/in/casey-gollan","2022-10-05 17:19:29 UTC","Hi there! ","Hi Casey! 

My name is Jaclyn Leaver and I was referred to you by Saskia Liebenberg. My background is in academic research management and I'm looking to shift into a ResearchOps role. Saskia mentioned that you might be someone great to speak with to learn more about ReOps. Would you be up for a chat?

Thanks for considering! 

Cheers,
Jaclyn","INBOX",""
"2-OTMyZmQxOGEtZjZkZS00YzAxLWFiZDgtYzNlOTc3Y2U1M2RkXzAxMg==","Career Possibilities","Jaclyn Leaver","https://www.linkedin.com/in/jaclynleaver","Ken Phillips Valencia","https://www.linkedin.com/in/ken-phillips-valencia","2022-10-03 21:44:03 UTC","Career Possibilities","Cool, thanks. Will get in touch with her directly.","INBOX",""
"2-OTMyZmQxOGEtZjZkZS00YzAxLWFiZDgtYzNlOTc3Y2U1M2RkXzAxMg==","Career Possibilities","Ken Phillips Valencia","https://www.linkedin.com/in/ken-phillips-valencia","Jaclyn Leaver","https://www.linkedin.com/in/jaclynleaver","2022-10-03 17:50:15 UTC","Career Possibilities","Hi Jaclyn,
 
Definitely! You can book a time directly on her calendar at https://ajohnson-cec.youcanbook.me/  or feel free to provide me with  your email address and phone number so I can book the appointment here from my end. 
  
Thanks, 
Ken Phillips Valencia
Client Engagement at The Entrepreneur's Source","INBOX",""
"2-OTMyZmQxOGEtZjZkZS00YzAxLWFiZDgtYzNlOTc3Y2U1M2RkXzAxMg==","Career Possibilities","Jaclyn Leaver","https://www.linkedin.com/in/jaclynleaver","Ken Phillips Valencia","https://www.linkedin.com/in/ken-phillips-valencia","2022-09-30 20:05:36 UTC","Career Possibilities","Hi Ken,

Thanks for getting in touch! I would be interested in speaking with Ann but am a bit busy next week. Could we try for the week of October 10? I have some time on Monday afternoon (1-4PM PT) or on Wednesday morning (9-11AM PT). Let me know if one of those days/times works for Ann.

Cheers,
Jaclyn","INBOX",""
"2-OTMyZmQxOGEtZjZkZS00YzAxLWFiZDgtYzNlOTc3Y2U1M2RkXzAxMg==","Career Possibilities","Ken Phillips Valencia","https://www.linkedin.com/in/ken-phillips-valencia","Jaclyn Leaver","https://www.linkedin.com/in/jaclynleaver","2022-09-29 19:34:42 UTC","Career Possibilities","Hello Jaclyn,

I came across your profile and wanted to see if you’re open to investigating some different professional possibilities. Your background and skills made me think that some of the career paths which Ann Johnson, one of our Career Ownership Coaches, is connected to may be interesting for you to explore.

Like a real estate agent, she does not charge for her services so there is no cost or obligation on your part. Would you be available for a brief 20-30 min call next week, for Ann to learn what you are looking for?

Thank you for your time Jaclyn, wishing you a good week.

Ken Phillips Valencia
Client Engagement at The Entrepreneur’s Source","INBOX",""
"2-YWI2NDU5YzktNTA5NC00NTI1LWIzNmQtMmI3YmZkZjFiNmM2XzAxMg==","","Craig Perlmutter","https://www.linkedin.com/in/craig-p-72b23152","Jaclyn Leaver","https://www.linkedin.com/in/jaclynleaver","2022-09-08 21:32:04 UTC","","No problem!","INBOX",""
"2-YWI2NDU5YzktNTA5NC00NTI1LWIzNmQtMmI3YmZkZjFiNmM2XzAxMg==","","Jaclyn Leaver","https://www.linkedin.com/in/jaclynleaver","Craig Perlmutter","https://www.linkedin.com/in/craig-p-72b23152","2022-09-08 21:12:25 UTC","","Thank you so much for taking the time! Looking forward!","INBOX",""
"2-YWI2NDU5YzktNTA5NC00NTI1LWIzNmQtMmI3YmZkZjFiNmM2XzAxMg==","","Craig Perlmutter","https://www.linkedin.com/in/craig-p-72b23152","Jaclyn Leaver","https://www.linkedin.com/in/jaclynleaver","2022-09-08 21:11:55 UTC","","Invite sent ","INBOX",""
"2-YWI2NDU5YzktNTA5NC00NTI1LWIzNmQtMmI3YmZkZjFiNmM2XzAxMg==","","Craig Perlmutter","https://www.linkedin.com/in/craig-p-72b23152","Jaclyn Leaver","https://www.linkedin.com/in/jaclynleaver","2022-09-08 21:11:47 UTC","","Great! See you then","INBOX",""
"2-YWI2NDU5YzktNTA5NC00NTI1LWIzNmQtMmI3YmZkZjFiNmM2XzAxMg==","","Jaclyn Leaver","https://www.linkedin.com/in/jaclynleaver","Craig Perlmutter","https://www.linkedin.com/in/craig-p-72b23152","2022-09-08 21:10:07 UTC","","Perfect! I'm at ruhaleaver@gmail.com","INBOX",""
"2-YWI2NDU5YzktNTA5NC00NTI1LWIzNmQtMmI3YmZkZjFiNmM2XzAxMg==","","Craig Perlmutter","https://www.linkedin.com/in/craig-p-72b23152","Jaclyn Leaver","https://www.linkedin.com/in/jaclynleaver","2022-09-08 21:09:34 UTC","","What's your email address? ","INBOX",""
"2-YWI2NDU5YzktNTA5NC00NTI1LWIzNmQtMmI3YmZkZjFiNmM2XzAxMg==","","Craig Perlmutter","https://www.linkedin.com/in/craig-p-72b23152","Jaclyn Leaver","https://www.linkedin.com/in/jaclynleaver","2022-09-08 21:09:28 UTC","","Let's says 5pm so I think that's 9am for you? ","INBOX",""
"2-YWI2NDU5YzktNTA5NC00NTI1LWIzNmQtMmI3YmZkZjFiNmM2XzAxMg==","","Jaclyn Leaver","https://www.linkedin.com/in/jaclynleaver","Craig Perlmutter","https://www.linkedin.com/in/craig-p-72b23152","2022-09-08 21:03:00 UTC","","Ooo, exciting! Congrats! What time works for you tentatively?","INBOX",""
"2-YWI2NDU5YzktNTA5NC00NTI1LWIzNmQtMmI3YmZkZjFiNmM2XzAxMg==","","Craig Perlmutter","https://www.linkedin.com/in/craig-p-72b23152","Jaclyn Leaver","https://www.linkedin.com/in/jaclynleaver","2022-09-08 21:02:32 UTC","","Let's tentatively say Thursday. I start my new job that day so we may need to play by ear ","INBOX",""
"2-YWI2NDU5YzktNTA5NC00NTI1LWIzNmQtMmI3YmZkZjFiNmM2XzAxMg==","","Jaclyn Leaver","https://www.linkedin.com/in/jaclynleaver","Craig Perlmutter","https://www.linkedin.com/in/craig-p-72b23152","2022-09-08 21:01:22 UTC","","Hi! That sounds great. Do you have some time next Wed, Thurs, or Fri?","INBOX",""
"2-YWI2NDU5YzktNTA5NC00NTI1LWIzNmQtMmI3YmZkZjFiNmM2XzAxMg==","","Craig Perlmutter","https://www.linkedin.com/in/craig-p-72b23152","Jaclyn Leaver","https://www.linkedin.com/in/jaclynleaver","2022-09-08 21:00:34 UTC","","I'm in the UK so it may need to be first thing for you?","INBOX",""
"2-YWI2NDU5YzktNTA5NC00NTI1LWIzNmQtMmI3YmZkZjFiNmM2XzAxMg==","","Craig Perlmutter","https://www.linkedin.com/in/craig-p-72b23152","Jaclyn Leaver","https://www.linkedin.com/in/jaclynleaver","2022-09-08 21:00:12 UTC","","I'm happy to chat","INBOX",""
"2-YWI2NDU5YzktNTA5NC00NTI1LWIzNmQtMmI3YmZkZjFiNmM2XzAxMg==","","Jaclyn Leaver","https://www.linkedin.com/in/jaclynleaver","Craig Perlmutter","https://www.linkedin.com/in/craig-p-72b23152","2022-09-08 21:00:03 UTC","","Hi Craig! My name is Jaclyn Leaver & I got your name from Rachel Radway during a DesignOps Summit. My background is in academic research management & I'm looking to shift into a ResearchOps/DesignOps role. Rachel mentioned that you might be someone great to speak with. Would you be up for a chat?","INBOX",""
"2-MmE1ZDc1NTUtYmIxOC00YWRlLTliOWItMzQ2MTE5Mzg2ZjNmXzAxMw==","","Esther M. McIntosh","https://www.linkedin.com/in/esthermcintosh","Jaclyn Leaver","https://www.linkedin.com/in/jaclynleaver","2022-08-26 07:21:21 UTC","","Dear Jaclyn,
Thank you for accepting my invitation to connect. Would you mind sending me your official email address, as I would like to send an official request for a meeting with Club de Madrid´s Shared Societies Project.

Kind regards,
Esther","INBOX",""
"2-M2NhZWVkMGYtZDEwNy00YTEzLTgyNzYtNmZiNmY3OTMxMDI1XzAxMA==","","Jaclyn Leaver","https://www.linkedin.com/in/jaclynleaver","Luke Brodie, MBA","https://www.linkedin.com/in/lukebrodie","2022-07-07 19:34:20 UTC","","Thanks so much!!! Will do! ","INBOX",""
"2-M2NhZWVkMGYtZDEwNy00YTEzLTgyNzYtNmZiNmY3OTMxMDI1XzAxMA==","","Luke Brodie, MBA","https://www.linkedin.com/in/lukebrodie","Jaclyn Leaver","https://www.linkedin.com/in/jaclynleaver","2022-07-07 19:33:30 UTC","","Congratulations, I wish you well with the wedding planning. And absolutely, let me know when you're on the hunt again and I'll be glad to let you know about any opportunities that pop up. ","INBOX",""
"2-M2NhZWVkMGYtZDEwNy00YTEzLTgyNzYtNmZiNmY3OTMxMDI1XzAxMA==","","Jaclyn Leaver","https://www.linkedin.com/in/jaclynleaver","Luke Brodie, MBA","https://www.linkedin.com/in/lukebrodie","2022-07-07 19:18:50 UTC","","Hey Luke! Thanks for thinking of me and passing this opportunity along. I have paused the job hunt at the moment because I’m planning my wedding (in August!), but will be picking up the hunt sometime this fall. So, I think I’ll need to pass on this job. Once I pick things back up, would it be ok if I reached out to you to learn about any opportunities you might be aware of? Thanks again and hope you are doing well! ","INBOX",""
"2-M2NhZWVkMGYtZDEwNy00YTEzLTgyNzYtNmZiNmY3OTMxMDI1XzAxMA==","","Luke Brodie, MBA","https://www.linkedin.com/in/lukebrodie","Jaclyn Leaver","https://www.linkedin.com/in/jaclynleaver","2022-07-06 19:18:06 UTC","","Hey Jaclyn, if you're still on the lookout for design thinking roles, my friend Judy is hiring for this position and is open to people anywhere in the States. Let me know and I'm happy to intro you. https://ipghealth.avature.net/careersHealth/FolderDetail?folderId=29630","INBOX",""
"2-ODM1OGMzZTEtMjUyMi00MTUxLTlmM2ItMjJkNTMwZjY5M2ViXzAxMA==","","Jaclyn Leaver","https://www.linkedin.com/in/jaclynleaver","Vafa Bayat","https://www.linkedin.com/in/vafa-bayat","2022-06-20 20:35:47 UTC","","Thank you!! ","INBOX",""
"2-ODM1OGMzZTEtMjUyMi00MTUxLTlmM2ItMjJkNTMwZjY5M2ViXzAxMA==","","Vafa Bayat","https://www.linkedin.com/in/vafa-bayat","Jaclyn Leaver","https://www.linkedin.com/in/jaclynleaver","2022-06-20 19:57:57 UTC","","Thanks Jaclyn! We’re doing great! Happy for you and Sina! So glad you’re not that far away. Look forward to seeing you again and introducing you to my wife and baby! Have a good birthday!","INBOX",""
"2-ODM1OGMzZTEtMjUyMi00MTUxLTlmM2ItMjJkNTMwZjY5M2ViXzAxMA==","","Jaclyn Leaver","https://www.linkedin.com/in/jaclynleaver","Vafa Bayat","https://www.linkedin.com/in/vafa-bayat","2022-06-20 19:02:05 UTC","","Thanks, Vafa! I hope all's well","INBOX",""
"2-ODM1OGMzZTEtMjUyMi00MTUxLTlmM2ItMjJkNTMwZjY5M2ViXzAxMA==","","Vafa Bayat","https://www.linkedin.com/in/vafa-bayat","Jaclyn Leaver","https://www.linkedin.com/in/jaclynleaver","2022-06-20 16:34:51 UTC","","Happy birthday Jaclyn!","INBOX",""
"2-ZTFhYjRiMWMtOWRkYi00OWNkLWIzNzktZDAzNTcxNTg1YjJkXzAxMA==","looking for freelance writers","Paul Smalera","https://www.linkedin.com/in/smalera","Jaclyn Leaver","https://www.linkedin.com/in/jaclynleaver","2022-05-13 03:38:33 UTC","looking for freelance writers","Hi there,

I work at a b2b company called Elastic (www.elastic.co). We specialize in search, security, and observability solutions for enterprises of all sizes, globally.

We are beginning to produce more in house awareness-level editorial content for our blog and I wanted to inquire about whether you're available for commissions. A mutual friend recommended you, so I hope you don’t mind the inquiry. 

I’m lookinf for contributors to write content about Elastic's solutions and our customers. Please let me know, and hopefully we can find a time to talk more soon. I’m at paul.smalera@elastic.co if you’d like to continue the converation over email.

Thank you! 
Paul

Paul Smalera
Senior Writer and Editor of Corporate Storytelling","INBOX",""
"2-MDkzY2JhYWYtYTlhMi00MzY2LWJjZTctYjVkMTJiNjM2OGE5XzAxMA==","","Aurora Betancourt, MBA","https://www.linkedin.com/in/aurora-betancourt-mba-4b38ab30","Jaclyn Leaver","https://www.linkedin.com/in/jaclynleaver","2022-05-05 18:59:34 UTC","","Hey Jaclyn, thanks again for connecting with me. Please don't hesitate to reach out if I can be a resource for you or anyone you know! ","INBOX",""
"2-YjhlYjg3MjEtMTM2YS00Yjg5LWJiMjItNDU2OTNhYTI2ZTdjXzAxMA==","","Jaclyn Leaver","https://www.linkedin.com/in/jaclynleaver","Jenifer Banks","https://www.linkedin.com/in/jennybanks","2022-05-04 17:41:26 UTC","","Hi Jenny! Hope you’re having a joyful day! Thanks for connecting with me on LinkedIn.  I’ve been in touch with Luke Brodie about roles at Accenture and he suggested I connect with you directly to chat about potential design researcher opportunities on the West Coast. Would you have a few minutes to visit in the next couple of weeks? I know my LinkedIn profile doesn’t appear to be design research focused, apologies for that. I am in the process of updating it and my website this month. So, I’m attaching my resume here that shares some of my design research work, in case it’s useful. Thanks for considering and hope to hear from you soon! Cheers, Jaclyn","INBOX","https://www.linkedin.com/dms/prv/vid/v2/C5606AQGS6b9_AZAvkw/messaging-attachmentFile/messaging-attachmentFile/0/1651686055512?m=AQIbvAaznjyzggAAAZ1k5f5TTdGIyN9g-hoSXQx5fXqk3a8_6dLqIAiT&ne=1&v=beta&t=akx5VtsLXt7PgDSyI-MiBtBv6VJGVLL-zKpxbs_I97c"
"2-ZjNjNGIwMDktNzNlOC00MGYzLTljYzItMzE5ZjNiY2ZlZjQzXzAxMA==","","Aurora Betancourt, MBA","https://www.linkedin.com/in/aurora-betancourt-mba-4b38ab30","Jaclyn Leaver","https://www.linkedin.com/in/jaclynleaver","2022-05-03 18:51:10 UTC","","Hi Jaclyn, I appreciate you taking the time to connect. I hope things are going well with you!

I just wanted to briefly introduce myself. I'm a Realtor here in the Bay Area with over 6 years of real estate experience, giving me the background to help other professionals in my community make effective decisions when it comes to buying and selling real estate.

I'd absolutely love to learn more about you and your experience, as well as potentially discuss any real estate goals you might have and offer any insight into the market that you might need. 

Are you available for a call sometime this week or next?","INBOX",""
"2-MTI5ZTg1Y2ItNzhjMi00MzE0LTlmMWEtZmY3MGEzNDM5ZWIzXzAxMA==","","Jaclyn Leaver","https://www.linkedin.com/in/jaclynleaver","Leigh Cohen","https://www.linkedin.com/in/leigh-cohen-designdirector","2022-03-23 18:20:15 UTC","Hello! ","Hi Leigh, 

Hope this finds you enjoying your Wednesday! 

My name is Jaclyn Leaver and I just submitted my application materials for a Design/UX Researcher role at Updater. I’m reaching out because after applying, I also took time to look up some of the team members at Updater. Looking at your background and experiences, I’d really look forward to working together in some way if things work out. 

I’m a big admirer of IDEO and, while never working there myself, have taken some of their online courses which made me fall in love with human-centered design. Also, it looks like we both know Andrew Johnson! A gem of a human. 

Anyway, I hope we have the chance to connect soon!

Cheers,
Jaclyn","INBOX",""
"2-MTU5ZGMzMDMtOGE3My00Mzc2LThlMTctMzExZjkwZjYwYWU1XzAxMA==","","Robin Che","https://www.linkedin.com/in/robin-che","Jaclyn Leaver","https://www.linkedin.com/in/jaclynleaver","2022-03-08 17:10:28 UTC","","How's it all going?? What are you working on these days?","INBOX",""
"2-MTU5ZGMzMDMtOGE3My00Mzc2LThlMTctMzExZjkwZjYwYWU1XzAxMA==","","Robin Che","https://www.linkedin.com/in/robin-che","Jaclyn Leaver","https://www.linkedin.com/in/jaclynleaver","2022-02-02 15:34:48 UTC","","Hey Jaclyn!!
I noticed you are the Director of Research at EGAP. I’ve been a Non Profit Success Manager for over a year now, helping a variety of NGO’s. I’d like to learn more about you to see if there are any opportunities for us to do business together.
Robin","INBOX",""
"2-Mjg2ZmIzNjItNGJhNi00NDk0LThkYTMtZGI0YWVkNGM2NTFlXzAxMA==","","Jaclyn Leaver","https://www.linkedin.com/in/jaclynleaver","François Dufour","https://www.linkedin.com/in/fdufour","2021-09-08 16:52:56 UTC","","Hi Francois,

Great to meet you! Camille is the best; so great you had the chance to work with her. This sounds like a great opportunity and I would love to learn more about it.

To answer your questions, I haven’t written any articles in the tech startup space but I do have quite a bit of experience working with clients who have either interviewed others or have some notes about what they want to write and turning those into articles. I also have experience interviewing people directly about a product, service, etc. and writing articles from those conversations. Further, I have spent a lot of time working on translating complex research into digestible policy briefs that help practitioners make decisions about what programming they should be implementing.   

Here’s are a few links to some of my recent articles:

MaineHealth Innovation Center
https://drive.google.com/drive/folders/1E52hB3Cv3fR0-PAr0i9HEPXKsAbZnjWV?usp=sharing
 
 Make Fast Studio
https://beunsettled.co/blog/why-i-am-only-going-to-work-100-billable-days-a-year/

https://medium.com/@vahamilton/the-future-of-work-aka-how-do-i-start-an-independent-consultancy-48edac3034f0 

Creativo Consulting
https://www.weforum.org/agenda/2021/03/3-key-considerations-when-adapting-entrepreneurship-for-the-great-reset/ 

For pricing, I usually charge $120 an hour. 

It would be great to set up a call to chat further. Do you have some time in the next couple of weeks? In the meantime, could you send me links to a few of the articles you’ve written, so I can get a feel for what you are looking for from a copywriter/editor? 

Thanks for reaching out and I hope to hear from you soon!

Cheers,
Jaclyn","INBOX",""
"2-Mjg2ZmIzNjItNGJhNi00NDk0LThkYTMtZGI0YWVkNGM2NTFlXzAxMA==","","François Dufour","https://www.linkedin.com/in/fdufour","Jaclyn Leaver","https://www.linkedin.com/in/jaclynleaver","2021-08-27 22:28:45 UTC","Seeking copywriting help","Hi Jaclyn,

You came highly recommended by Camille Rickets whom I have worked with (way too shortly admittedly).
I am a Partner at Decibel, a VC firm, and am looking for a talented copywriter/editor to turn my best practice interviews and drafts into good, engaging copy that has a lot of well structured concrete tips and best practices to sell and market B2B software to developers and their managers. Similar to First Round Review, my target readership is technical startup founders and their early teams.
Here are examples of content I produced (Casey, Sylvain).

I typically interview one of these leaders to extract some of their best practices, record and transcribe the call, organize some notes into a rough article outline, with what I believe are the key sections and points and then hand that over to a copywriter and editor. I work with a very talented one now but am looking for a second person so we can produce more high-quality articles.

We are trying to publish 2 articles per month.

Is that something you'd be interested in supporting me and my Partners with?
Have you written similar types of articles before? If so, could you share a few examples?
Could you give me an idea of pricing pls?","INBOX",""
"2-YWUzOGY1NDItNmI0ZS00ODZmLWEzMjQtNTg4NzYzZjZjYTU5XzAxMA==","","Julia Lepikhova","https://www.linkedin.com/in/julia-crft","Jaclyn Leaver","https://www.linkedin.com/in/jaclynleaver","2021-07-26 17:28:12 UTC","","Hi Jaclyn,

LinkedIn suggested you as a connection, and I just wanted to say hi. 

I am proud to create design at the CRFT team and plant creative seeds that help companies connect with the audience with engaging explainer videos. 

Feel free to ask any questions. 

Best,
Julia","INBOX",""
"2-NDkyZDA1OGMtNGI4MS00ODEzLWI1NWEtZjM1ZGY0MDBjZTNkXzAxMA==","","Richard Kumar","https://www.linkedin.com/in/richardrkumar","Jaclyn Leaver","https://www.linkedin.com/in/jaclynleaver","2021-06-21 22:19:42 UTC","","👍","INBOX",""
"2-NDkyZDA1OGMtNGI4MS00ODEzLWI1NWEtZjM1ZGY0MDBjZTNkXzAxMA==","","Jaclyn Leaver","https://www.linkedin.com/in/jaclynleaver","Richard Kumar","https://www.linkedin.com/in/richardrkumar","2021-06-21 19:09:11 UTC","","Thank you so much!! ","INBOX",""
"2-NDkyZDA1OGMtNGI4MS00ODEzLWI1NWEtZjM1ZGY0MDBjZTNkXzAxMA==","","Richard Kumar","https://www.linkedin.com/in/richardrkumar","Jaclyn Leaver","https://www.linkedin.com/in/jaclynleaver","2021-06-20 00:59:36 UTC","","Happy birthday!","INBOX",""
"2-NDkyZDA1OGMtNGI4MS00ODEzLWI1NWEtZjM1ZGY0MDBjZTNkXzAxMA==","","Jaclyn Leaver","https://www.linkedin.com/in/jaclynleaver","Richard Kumar","https://www.linkedin.com/in/richardrkumar","2020-06-20 15:05:56 UTC","","Thank you! ","INBOX",""
"2-NDkyZDA1OGMtNGI4MS00ODEzLWI1NWEtZjM1ZGY0MDBjZTNkXzAxMA==","","Richard Kumar","https://www.linkedin.com/in/richardrkumar","Jaclyn Leaver","https://www.linkedin.com/in/jaclynleaver","2020-06-20 07:03:10 UTC","","Happy birthday!","INBOX",""
"2-YTBhMmU2NGUtYWIwZS01NzZiLTk1ZGYtM2QzNDFhZTM1ZjcxXzAwMA==","","Gonzaga Kelly  Kyagaba ","https://www.linkedin.com/in/gonzaga-kelly-kyagaba-38b4b660","Jaclyn Leaver","https://www.linkedin.com/in/jaclynleaver","2021-06-21 19:14:36 UTC","","How have you been ","INBOX",""
"2-YTBhMmU2NGUtYWIwZS01NzZiLTk1ZGYtM2QzNDFhZTM1ZjcxXzAwMA==","","Gonzaga Kelly  Kyagaba ","https://www.linkedin.com/in/gonzaga-kelly-kyagaba-38b4b660","Jaclyn Leaver","https://www.linkedin.com/in/jaclynleaver","2021-06-21 19:14:31 UTC","","Jacklyn ","INBOX",""
"2-YTBhMmU2NGUtYWIwZS01NzZiLTk1ZGYtM2QzNDFhZTM1ZjcxXzAwMA==","","Gonzaga Kelly  Kyagaba ","https://www.linkedin.com/in/gonzaga-kelly-kyagaba-38b4b660","Jaclyn Leaver","https://www.linkedin.com/in/jaclynleaver","2021-06-21 19:14:24 UTC","","You're welcome","INBOX",""
"2-YTBhMmU2NGUtYWIwZS01NzZiLTk1ZGYtM2QzNDFhZTM1ZjcxXzAwMA==","","Jaclyn Leaver","https://www.linkedin.com/in/jaclynleaver","Gonzaga Kelly  Kyagaba ","https://www.linkedin.com/in/gonzaga-kelly-kyagaba-38b4b660","2021-06-21 19:09:20 UTC","","Thank you!! ","INBOX",""
"2-YTBhMmU2NGUtYWIwZS01NzZiLTk1ZGYtM2QzNDFhZTM1ZjcxXzAwMA==","","Gonzaga Kelly  Kyagaba ","https://www.linkedin.com/in/gonzaga-kelly-kyagaba-38b4b660","Jaclyn Leaver","https://www.linkedin.com/in/jaclynleaver","2021-06-20 06:48:34 UTC","","","INBOX",""
"2-YTBhMmU2NGUtYWIwZS01NzZiLTk1ZGYtM2QzNDFhZTM1ZjcxXzAwMA==","","Gonzaga Kelly  Kyagaba ","https://www.linkedin.com/in/gonzaga-kelly-kyagaba-38b4b660","Jaclyn Leaver","https://www.linkedin.com/in/jaclynleaver","2021-06-20 06:47:15 UTC","","Happy birthday!","INBOX",""
"2-YTBhMmU2NGUtYWIwZS01NzZiLTk1ZGYtM2QzNDFhZTM1ZjcxXzAwMA==","","Jaclyn Leaver","https://www.linkedin.com/in/jaclynleaver","Gonzaga Kelly  Kyagaba ","https://www.linkedin.com/in/gonzaga-kelly-kyagaba-38b4b660","2020-07-22 17:32:24 UTC","","Hi there, I sent you a response to the email, which you then responded to that you were going to look for funding for the proposal I sent. I haven't received anything since then.","INBOX",""
"2-YTBhMmU2NGUtYWIwZS01NzZiLTk1ZGYtM2QzNDFhZTM1ZjcxXzAwMA==","","Gonzaga Kelly  Kyagaba ","https://www.linkedin.com/in/gonzaga-kelly-kyagaba-38b4b660","Jaclyn Leaver","https://www.linkedin.com/in/jaclynleaver","2020-07-21 11:12:06 UTC","","Greetings to you. I sent you an email long time ago but didnt get reply from you","INBOX",""
"2-YTBhMmU2NGUtYWIwZS01NzZiLTk1ZGYtM2QzNDFhZTM1ZjcxXzAwMA==","","Gonzaga Kelly  Kyagaba ","https://www.linkedin.com/in/gonzaga-kelly-kyagaba-38b4b660","Jaclyn Leaver","https://www.linkedin.com/in/jaclynleaver","2020-07-21 11:11:41 UTC","","Hello Leaver","INBOX",""
"2-YTBhMmU2NGUtYWIwZS01NzZiLTk1ZGYtM2QzNDFhZTM1ZjcxXzAwMA==","","Gonzaga Kelly  Kyagaba ","https://www.linkedin.com/in/gonzaga-kelly-kyagaba-38b4b660","Jaclyn Leaver","https://www.linkedin.com/in/jaclynleaver","2020-06-25 18:17:06 UTC","","Thanks","INBOX",""
"2-YTBhMmU2NGUtYWIwZS01NzZiLTk1ZGYtM2QzNDFhZTM1ZjcxXzAwMA==","","Gonzaga Kelly  Kyagaba ","https://www.linkedin.com/in/gonzaga-kelly-kyagaba-38b4b660","Jaclyn Leaver","https://www.linkedin.com/in/jaclynleaver","2020-06-25 18:12:21 UTC","","okay","INBOX",""
"2-YTBhMmU2NGUtYWIwZS01NzZiLTk1ZGYtM2QzNDFhZTM1ZjcxXzAwMA==","","Jaclyn Leaver","https://www.linkedin.com/in/jaclynleaver","Gonzaga Kelly  Kyagaba ","https://www.linkedin.com/in/gonzaga-kelly-kyagaba-38b4b660","2020-06-25 00:04:41 UTC","","Can you send it to me via email? Ruhaleaver@gmail.com","INBOX",""
"2-YTBhMmU2NGUtYWIwZS01NzZiLTk1ZGYtM2QzNDFhZTM1ZjcxXzAwMA==","","Gonzaga Kelly  Kyagaba ","https://www.linkedin.com/in/gonzaga-kelly-kyagaba-38b4b660","Jaclyn Leaver","https://www.linkedin.com/in/jaclynleaver","2020-06-24 15:19:25 UTC","","For website content","INBOX",""
"2-YTBhMmU2NGUtYWIwZS01NzZiLTk1ZGYtM2QzNDFhZTM1ZjcxXzAwMA==","","Gonzaga Kelly  Kyagaba ","https://www.linkedin.com/in/gonzaga-kelly-kyagaba-38b4b660","Jaclyn Leaver","https://www.linkedin.com/in/jaclynleaver","2020-06-24 15:19:15 UTC","","Yes I have a profile for my organization which I would like you to review","INBOX",""
"2-YTBhMmU2NGUtYWIwZS01NzZiLTk1ZGYtM2QzNDFhZTM1ZjcxXzAwMA==","","Gonzaga Kelly  Kyagaba ","https://www.linkedin.com/in/gonzaga-kelly-kyagaba-38b4b660","Jaclyn Leaver","https://www.linkedin.com/in/jaclynleaver","2020-06-24 15:17:31 UTC","","Nice Communicating back","INBOX",""
"2-YTBhMmU2NGUtYWIwZS01NzZiLTk1ZGYtM2QzNDFhZTM1ZjcxXzAwMA==","","Gonzaga Kelly  Kyagaba ","https://www.linkedin.com/in/gonzaga-kelly-kyagaba-38b4b660","Jaclyn Leaver","https://www.linkedin.com/in/jaclynleaver","2020-06-24 15:17:06 UTC","","How are you?","INBOX",""
"2-YTBhMmU2NGUtYWIwZS01NzZiLTk1ZGYtM2QzNDFhZTM1ZjcxXzAwMA==","","Gonzaga Kelly  Kyagaba ","https://www.linkedin.com/in/gonzaga-kelly-kyagaba-38b4b660","Jaclyn Leaver","https://www.linkedin.com/in/jaclynleaver","2020-06-24 15:17:01 UTC","","Hi, Jaclyn","INBOX",""
"2-YTBhMmU2NGUtYWIwZS01NzZiLTk1ZGYtM2QzNDFhZTM1ZjcxXzAwMA==","","Jaclyn Leaver","https://www.linkedin.com/in/jaclynleaver","Gonzaga Kelly  Kyagaba ","https://www.linkedin.com/in/gonzaga-kelly-kyagaba-38b4b660","2020-06-24 14:42:52 UTC","","Hi Kelly, it depends on the materials you’d like to have edited. Is this something you are interested in doing? If you can share the materials, I can give you a proposal. ","INBOX",""
"2-YTBhMmU2NGUtYWIwZS01NzZiLTk1ZGYtM2QzNDFhZTM1ZjcxXzAwMA==","","Gonzaga Kelly  Kyagaba ","https://www.linkedin.com/in/gonzaga-kelly-kyagaba-38b4b660","Jaclyn Leaver","https://www.linkedin.com/in/jaclynleaver","2020-06-23 03:08:51 UTC","","How much does it cost to do proof reading and editing. Thanks","INBOX",""
"2-YTBhMmU2NGUtYWIwZS01NzZiLTk1ZGYtM2QzNDFhZTM1ZjcxXzAwMA==","","Gonzaga Kelly  Kyagaba ","https://www.linkedin.com/in/gonzaga-kelly-kyagaba-38b4b660","Jaclyn Leaver","https://www.linkedin.com/in/jaclynleaver","2020-06-23 03:08:19 UTC","","Hope you are doing well","INBOX",""
"2-YTBhMmU2NGUtYWIwZS01NzZiLTk1ZGYtM2QzNDFhZTM1ZjcxXzAwMA==","","Gonzaga Kelly  Kyagaba ","https://www.linkedin.com/in/gonzaga-kelly-kyagaba-38b4b660","Jaclyn Leaver","https://www.linkedin.com/in/jaclynleaver","2020-06-23 03:08:00 UTC","","How are you doing?","INBOX",""
"2-YTBhMmU2NGUtYWIwZS01NzZiLTk1ZGYtM2QzNDFhZTM1ZjcxXzAwMA==","","Gonzaga Kelly  Kyagaba ","https://www.linkedin.com/in/gonzaga-kelly-kyagaba-38b4b660","Jaclyn Leaver","https://www.linkedin.com/in/jaclynleaver","2020-06-20 17:02:49 UTC","","You're welcome","INBOX",""
"2-YTBhMmU2NGUtYWIwZS01NzZiLTk1ZGYtM2QzNDFhZTM1ZjcxXzAwMA==","","Jaclyn Leaver","https://www.linkedin.com/in/jaclynleaver","Gonzaga Kelly  Kyagaba ","https://www.linkedin.com/in/gonzaga-kelly-kyagaba-38b4b660","2020-06-20 15:06:07 UTC","","Thanks! ","INBOX",""
"2-YTBhMmU2NGUtYWIwZS01NzZiLTk1ZGYtM2QzNDFhZTM1ZjcxXzAwMA==","","Gonzaga Kelly  Kyagaba ","https://www.linkedin.com/in/gonzaga-kelly-kyagaba-38b4b660","Jaclyn Leaver","https://www.linkedin.com/in/jaclynleaver","2020-06-20 07:59:16 UTC","","Happy birthday!","INBOX",""
"2-YTBhMmU2NGUtYWIwZS01NzZiLTk1ZGYtM2QzNDFhZTM1ZjcxXzAwMA==","","Gonzaga Kelly  Kyagaba ","https://www.linkedin.com/in/gonzaga-kelly-kyagaba-38b4b660","Jaclyn Leaver","https://www.linkedin.com/in/jaclynleaver","2017-06-22 06:34:20 UTC","","How is work","INBOX",""
"2-YTBhMmU2NGUtYWIwZS01NzZiLTk1ZGYtM2QzNDFhZTM1ZjcxXzAwMA==","","Gonzaga Kelly  Kyagaba ","https://www.linkedin.com/in/gonzaga-kelly-kyagaba-38b4b660","Jaclyn Leaver","https://www.linkedin.com/in/jaclynleaver","2017-06-22 06:34:11 UTC","","Thanks","INBOX",""
"2-YTBhMmU2NGUtYWIwZS01NzZiLTk1ZGYtM2QzNDFhZTM1ZjcxXzAwMA==","","Jaclyn Leaver","https://www.linkedin.com/in/jaclynleaver","Gonzaga Kelly  Kyagaba ","https://www.linkedin.com/in/gonzaga-kelly-kyagaba-38b4b660","2017-06-20 16:50:52 UTC","","Thank you!","INBOX",""
"2-YTBhMmU2NGUtYWIwZS01NzZiLTk1ZGYtM2QzNDFhZTM1ZjcxXzAwMA==","","Gonzaga Kelly  Kyagaba ","https://www.linkedin.com/in/gonzaga-kelly-kyagaba-38b4b660","Jaclyn Leaver","https://www.linkedin.com/in/jaclynleaver","2017-06-20 11:31:51 UTC","","Happy birthday!","INBOX",""
"2-YTBhMmU2NGUtYWIwZS01NzZiLTk1ZGYtM2QzNDFhZTM1ZjcxXzAwMA==","","Gonzaga Kelly  Kyagaba ","https://www.linkedin.com/in/gonzaga-kelly-kyagaba-38b4b660","Jaclyn Leaver","https://www.linkedin.com/in/jaclynleaver","2017-04-03 13:20:29 UTC","","Congrats on your work anniversary!","INBOX",""
"2-YTBhMmU2NGUtYWIwZS01NzZiLTk1ZGYtM2QzNDFhZTM1ZjcxXzAwMA==","","Gonzaga Kelly  Kyagaba ","https://www.linkedin.com/in/gonzaga-kelly-kyagaba-38b4b660","Jaclyn Leaver","https://www.linkedin.com/in/jaclynleaver","2016-04-07 19:29:36 UTC","","Congrats on the anniversary! Hope you're doing well.","INBOX",""
"2-NGY4MjVhYzctMTY0ZS00NWVjLTg4YjQtODhjMjI5YTMyN2ViXzAxMg==","","Jaclyn Leaver","https://www.linkedin.com/in/jaclynleaver","Shahab Saeidi 🇨🇦","https://www.linkedin.com/in/shahab-saeidi-🇨🇦-59718242","2021-06-21 19:09:50 UTC","","Thank you!! ","INBOX",""
"2-NGY4MjVhYzctMTY0ZS00NWVjLTg4YjQtODhjMjI5YTMyN2ViXzAxMg==","","Shahab Saeidi 🇨🇦","https://www.linkedin.com/in/shahab-saeidi-🇨🇦-59718242","Jaclyn Leaver","https://www.linkedin.com/in/jaclynleaver","2021-06-20 18:48:25 UTC","","Happy birthday!","INBOX",""
"2-ODViM2ZiNDktZWI2ZS00M2U3LWE5NWEtMzFhMTJiYzUwYTQzXzAxMg==","","Jaclyn Leaver","https://www.linkedin.com/in/jaclynleaver","Elizabeth Albarracin Velásquez","https://www.linkedin.com/in/elizabeth-albarracin-velasquez","2021-06-21 19:09:45 UTC","","Gracias! ","INBOX",""
"2-ODViM2ZiNDktZWI2ZS00M2U3LWE5NWEtMzFhMTJiYzUwYTQzXzAxMg==","","Elizabeth Albarracin Velásquez","https://www.linkedin.com/in/elizabeth-albarracin-velasquez","Jaclyn Leaver","https://www.linkedin.com/in/jaclynleaver","2021-06-20 18:09:38 UTC","","¡Muchas felicidades!","INBOX",""
"2-ZjQ3ZTAzYTEtZDBhZC00OTE0LTkzZTItYjc2MjJmNmJkZDM4XzAxMg==","","Jaclyn Leaver","https://www.linkedin.com/in/jaclynleaver","Isabel  Flores","https://www.linkedin.com/in/isabel-flores-","2021-06-21 19:09:31 UTC","","Gracias!! ","INBOX",""
"2-ZjQ3ZTAzYTEtZDBhZC00OTE0LTkzZTItYjc2MjJmNmJkZDM4XzAxMg==","","Isabel  Flores","https://www.linkedin.com/in/isabel-flores-","Jaclyn Leaver","https://www.linkedin.com/in/jaclynleaver","2021-06-20 14:22:46 UTC","","¡Muchas felicidades!","INBOX",""
"2-ZjQ3ZTAzYTEtZDBhZC00OTE0LTkzZTItYjc2MjJmNmJkZDM4XzAxMg==","","Jaclyn Leaver","https://www.linkedin.com/in/jaclynleaver","Isabel  Flores","https://www.linkedin.com/in/isabel-flores-","2020-06-20 15:06:20 UTC","","Thank you! ","INBOX",""
"2-ZjQ3ZTAzYTEtZDBhZC00OTE0LTkzZTItYjc2MjJmNmJkZDM4XzAxMg==","","Isabel  Flores","https://www.linkedin.com/in/isabel-flores-","Jaclyn Leaver","https://www.linkedin.com/in/jaclynleaver","2020-06-20 15:01:20 UTC","","¡Muchas felicidades!","INBOX",""
"2-NGJmMDAxMjUtNjljNS00MmU5LWJkM2UtNTJhYmU4NmM3NWZkXzAxMA==","","Ivanka Jauregui ","https://www.linkedin.com/in/ivankajauregui","Jaclyn Leaver","https://www.linkedin.com/in/jaclynleaver","2021-05-19 16:14:38 UTC","","Hey Jaclyn, do you mind if I ask you something? ","INBOX",""
"2-NGJmMDAxMjUtNjljNS00MmU5LWJkM2UtNTJhYmU4NmM3NWZkXzAxMA==","","Ivanka Jauregui ","https://www.linkedin.com/in/ivankajauregui","Jaclyn Leaver","https://www.linkedin.com/in/jaclynleaver","2021-03-18 16:21:10 UTC","","Hi Dr. Jaclyn,. So I was going thorough my Connections and notice your profile. and it looks like It has been a while since we connected. How's everything going for you?","INBOX",""
"2-NGJmMDAxMjUtNjljNS00MmU5LWJkM2UtNTJhYmU4NmM3NWZkXzAxMA==","","Ivanka Jauregui ","https://www.linkedin.com/in/ivankajauregui","Jaclyn Leaver","https://www.linkedin.com/in/jaclynleaver","2021-01-28 17:06:23 UTC","","Thanks for connecting Jaclyn, it would be great to get to know you. Would you like to hop on a Coffee chat? Ivanka","INBOX",""
"2-NGJmMDAxMjUtNjljNS00MmU5LWJkM2UtNTJhYmU4NmM3NWZkXzAxMA==","","Ivanka Jauregui ","https://www.linkedin.com/in/ivankajauregui","Jaclyn Leaver","https://www.linkedin.com/in/jaclynleaver","2021-01-26 18:58:17 UTC","","Hi Jaclyn,

I noticed your profile and thought I would take the opportunity to reach out and introduce myself. I look forward to connecting. Ivanka","INBOX",""
"2-Zjg3NzRhZjgtZjNjYy00ZTM1LWE1MTgtNDhhZGIyYWVkMTE2XzAxMA==","","Leah Kosatsky","https://www.linkedin.com/in/lkosatsky","Jaclyn Leaver","https://www.linkedin.com/in/jaclynleaver","2021-04-05 15:15:45 UTC","","Thanks for connecting with me. How are you doing during these interesting times?","INBOX",""
"2-Zjg3NzRhZjgtZjNjYy00ZTM1LWE1MTgtNDhhZGIyYWVkMTE2XzAxMA==","","Leah Kosatsky","https://www.linkedin.com/in/lkosatsky","Jaclyn Leaver","https://www.linkedin.com/in/jaclynleaver","2021-04-02 21:14:12 UTC","","Just wanted to drop a quick note that you're doing such an amazing job with your LI profile, Jaclyn.  I love connecting with such inspirational people. By the way, I’m looking to interview guests on my Talk Show called the Divine Leadership Code… let me know if you might be interested...","INBOX",""
"2-NzliMTc1YjgtNjQ0ZC00ZjkwLTg4YjMtYmVkYWI0NDZlOTEzXzAxMg==","","Laurah Mwirichia","https://www.linkedin.com/in/laurah-mwirichia","Jaclyn Leaver","https://www.linkedin.com/in/jaclynleaver","2021-01-28 15:48:39 UTC","","Happy to connect, Jaclyn! Thanks so much for coming to the meetup!","INBOX",""
"2-NzliMTc1YjgtNjQ0ZC00ZjkwLTg4YjMtYmVkYWI0NDZlOTEzXzAxMg==","","Jaclyn Leaver","https://www.linkedin.com/in/jaclynleaver","Laurah Mwirichia","https://www.linkedin.com/in/laurah-mwirichia","2021-01-27 18:08:23 UTC","","Hi Laurah,

Just finished listening to your presentation about project management for UX writers and thought I would reach out to connect. Thanks so much for sharing your wisdom, process, tips, and tricks! 

Cheers, Jaclyn ","INBOX",""
"2-OWNjZmIxNWUtMGU0Yy01MWI0LWJhODQtOTU2NGI4NzQ5MmVhXzAwMA==","","Jaclyn Leaver","https://www.linkedin.com/in/jaclynleaver","Musi Ngubai","https://www.linkedin.com/in/musi-ngubai-65582729","2021-01-27 00:00:16 UTC","","Perfect! ","INBOX",""
"2-OWNjZmIxNWUtMGU0Yy01MWI0LWJhODQtOTU2NGI4NzQ5MmVhXzAwMA==","","Musi Ngubai","https://www.linkedin.com/in/musi-ngubai-65582729","Jaclyn Leaver","https://www.linkedin.com/in/jaclynleaver","2021-01-26 22:15:42 UTC","","I'll put some notes together...","INBOX",""
"2-OWNjZmIxNWUtMGU0Yy01MWI0LWJhODQtOTU2NGI4NzQ5MmVhXzAwMA==","","Jaclyn Leaver","https://www.linkedin.com/in/jaclynleaver","Musi Ngubai","https://www.linkedin.com/in/musi-ngubai-65582729","2021-01-26 15:38:06 UTC","","Hey! Would be happy to send you a quote. Can you tell me more about what it is you need help with? ","INBOX",""
"2-OWNjZmIxNWUtMGU0Yy01MWI0LWJhODQtOTU2NGI4NzQ5MmVhXzAwMA==","","Musi Ngubai","https://www.linkedin.com/in/musi-ngubai-65582729","Jaclyn Leaver","https://www.linkedin.com/in/jaclynleaver","2021-01-26 11:56:45 UTC","","I am gonna have to reach out at some point so you help me with a write-up. How do I get a quote off you?","INBOX",""
"2-OWNjZmIxNWUtMGU0Yy01MWI0LWJhODQtOTU2NGI4NzQ5MmVhXzAwMA==","","Jaclyn Leaver","https://www.linkedin.com/in/jaclynleaver","Musi Ngubai","https://www.linkedin.com/in/musi-ngubai-65582729","2016-06-21 14:38:51 UTC","","Thank you!","INBOX",""
"2-OWNjZmIxNWUtMGU0Yy01MWI0LWJhODQtOTU2NGI4NzQ5MmVhXzAwMA==","","Musi Ngubai","https://www.linkedin.com/in/musi-ngubai-65582729","Jaclyn Leaver","https://www.linkedin.com/in/jaclynleaver","2016-06-21 10:17:38 UTC","","Happy birthday!","INBOX",""
"2-OTU3ZTMwOGYtMjU4NS00ZDIxLWFlODAtMzFlYjNhMWU0NDk4XzAxMw==","","Farzeen Y.P","https://www.linkedin.com/in/farzeen-y-p-467a03120","Jaclyn Leaver","https://www.linkedin.com/in/jaclynleaver","2020-11-23 19:21:33 UTC","","Allah’u’Abha 

Thanks to be in my professional network, hope we have good future business relationship. 


Regards 

Farzeen Yazdan
CEO & Founder


www.9starconsultancy.com","INBOX",""
"2-OWE2MmI2MmEtYThiNS00MWUxLWE0MTMtZjgzNTdjNTVhYjRiXzAxMg==","","Brynn Fuller","https://www.linkedin.com/in/brynn-fuller","Jaclyn Leaver","https://www.linkedin.com/in/jaclynleaver","2020-09-21 00:02:44 UTC","","You might be interested in this, maybe not. Just a friendly invite. We're doing a Linkedin challenge with Data Driven on the 28th. Goes 5 days includes short actionable sessions plus q&a on targeting, creating sales copy, social selling, crm integration, that kind of thing. Doing it as a group helps everyone implement. Otherwise it turns into shelf help.

Last I checked we had $5000 in giveaways including paying for someone's Linkedin Sales Navigator account for a year which is a big deal.

Should be a lot of fun and definitely worthwhile. No cost. Details are in the link below. You can ask me any questions about it too. 

Feel free to share with friends and coworkers you know would benefit. I can personally add you to the invite list if that's easier too just ask.

https://my.datadrivenu.com/zeekochallenge","INBOX",""
"2-OWE2MmI2MmEtYThiNS00MWUxLWE0MTMtZjgzNTdjNTVhYjRiXzAxMg==","","Brynn Fuller","https://www.linkedin.com/in/brynn-fuller","Jaclyn Leaver","https://www.linkedin.com/in/jaclynleaver","2020-03-22 18:23:04 UTC","","Hopefully you can get a copywriting lead or two from that. If you need anything just ask. Actually we just finished producing a video series like this https://vimeo.com/392507860

We're giving them away for free. Probably a good time to learn anyway. We send them every weekday by email. You want me to add you to the list?","INBOX",""
"2-OWE2MmI2MmEtYThiNS00MWUxLWE0MTMtZjgzNTdjNTVhYjRiXzAxMg==","","Brynn Fuller","https://www.linkedin.com/in/brynn-fuller","Jaclyn Leaver","https://www.linkedin.com/in/jaclynleaver","2020-03-20 00:15:39 UTC","","Are you stuck at home w/ this virus madness? If you're still doing copywriting you should try this out. You can search for posted content on here for copywriting requests.

You might have to scroll a bit to find one but you can message the person directly. Sort by last 24 hours and check in every day. And it’s free which is nice. Here’s an example -
 
 https://www.linkedin.com/search/results/content/?facetSortBy=date_posted&keywords=(looking%20for%20recommendations)%20AND%20(copywriting)&origin=GLOBAL_SEARCH_HEADER

Check it out!","INBOX",""
"2-YmM4OGZlMjktNjFiNC00NmI0LWE0MjAtZThhNWMwYjRmYzMyXzAxMA==","","Adam Smith","https://www.linkedin.com/in/adamrsmith120","Jaclyn Leaver","https://www.linkedin.com/in/jaclynleaver","2020-08-27 05:50:14 UTC","","Sweet! Sorry for the delay! You can join the group and get all the details here https://bit.ly/joinx2group","INBOX",""
"2-YmM4OGZlMjktNjFiNC00NmI0LWE0MjAtZThhNWMwYjRmYzMyXzAxMA==","","Jaclyn Leaver","https://www.linkedin.com/in/jaclynleaver","Adam Smith","https://www.linkedin.com/in/adamrsmith120","2020-08-26 18:48:25 UTC","","Hi Adam! That sounds great, please add me. Let me know what info you need. ","INBOX",""
"2-YmM4OGZlMjktNjFiNC00NmI0LWE0MjAtZThhNWMwYjRmYzMyXzAxMA==","","Adam Smith","https://www.linkedin.com/in/adamrsmith120","Jaclyn Leaver","https://www.linkedin.com/in/jaclynleaver","2020-08-26 18:47:44 UTC","","Hi Jaclyn! Kinda random and a little forward (ignore if you don't vibe with this) however I saw you're into copy and figured you should know I'm opening a facebook group helping people become copywriting consultants. 

Let me know if you want to join and I'll add you to the pre-launch! 🙌","INBOX",""
"2-ZTNmYTFhZWUtOWVlZi01MWZmLTkzNmItNTY1ZGZlYzg1Yjk4XzAxMA==","","Jaclyn Leaver","https://www.linkedin.com/in/jaclynleaver","Leonard Williams","https://www.linkedin.com/in/leonardrwilliams","2020-06-21 01:55:36 UTC","","Thanks! ","INBOX",""
"2-ZTNmYTFhZWUtOWVlZi01MWZmLTkzNmItNTY1ZGZlYzg1Yjk4XzAxMA==","","Leonard Williams","https://www.linkedin.com/in/leonardrwilliams","Jaclyn Leaver","https://www.linkedin.com/in/jaclynleaver","2020-06-20 23:15:31 UTC","","Happy birthday, Dear.","INBOX",""
"2-ZGE1MTk2YTUtNjllMy01MThiLWFlOTktOGM5NzkzNjYyZjllXzAwMA==","","Jaclyn Leaver","https://www.linkedin.com/in/jaclynleaver","Chris Tara-Browne","https://www.linkedin.com/in/christarabrowne","2020-06-20 15:06:29 UTC","","Thanks! ","INBOX",""
"2-ZGE1MTk2YTUtNjllMy01MThiLWFlOTktOGM5NzkzNjYyZjllXzAwMA==","","Chris Tara-Browne","https://www.linkedin.com/in/christarabrowne","Jaclyn Leaver","https://www.linkedin.com/in/jaclynleaver","2020-06-20 12:34:54 UTC","","Happy birthday! And stay safe out there...","INBOX",""
"2-ZGE1MTk2YTUtNjllMy01MThiLWFlOTktOGM5NzkzNjYyZjllXzAwMA==","","Chris Tara-Browne","https://www.linkedin.com/in/christarabrowne","Jaclyn Leaver","https://www.linkedin.com/in/jaclynleaver","2016-06-20 02:16:23 UTC","","Happy birthday!","INBOX",""
"2-YzFmMGFmMWYtOGY5ZS01ZDg1LWE2MmMtYzlkZjdiM2EzNDRkXzAxMg==","","Diane BUNOD","https://www.linkedin.com/in/diane-bunod-8bb233a8","Jaclyn Leaver","https://www.linkedin.com/in/jaclynleaver","2020-03-04 01:44:42 UTC","","Hello Jaclyn,
I contact you as a French student studying Innovation at UC Berkeley!
I currently work on a project to help freelances improving their relationships with their clients and I need to better understand how you work.
I just have a few questions, would you accept to answer them? 😊","INBOX",""
"2-ZGI1ZjFmYWMtYTIzZC00ZDc0LTg0ZDgtMTAwMDIxMmFlYzJhXzAxMg==","","Anushree Deb","https://www.linkedin.com/in/anushreedeb","Jaclyn Leaver","https://www.linkedin.com/in/jaclynleaver","2020-01-30 17:20:51 UTC","","Dear Ms Leaver, 

Thank you so much for connecting with me. 

I'm a 2nd year MGPS student and will be graduating in the spring. I intend to relocate to San Francisco and would love to connect with you either over email or through a phone conversation. I'm attaching my resume for your reference. 

Looking forward to hearing from you.

Regards,","INBOX","https://www.linkedin.com/dms/prv/vid/v2/C4E06AQHh7zer-TS-kw/messaging-attachmentFile/messaging-attachmentFile/0/1580404847797?m=AQLTqhqlbMVrOQAAAZ1k5f5QcOVE4Y5HaTtNcOiKviEn4rhFi14u_IwY&ne=1&v=beta&t=m01haBSL37vzp4vvbPNeGngMdldSXNhgzVQwwHHyyCs"
"2-ZTVlNjE0NjctMTdmNy01MzVlLWIxYTAtOGU4MjlkYjUwM2FkXzAwMA==","","Jeevanandhan Duraisamy","https://www.linkedin.com/in/jeevaduraisamy","Jaclyn Leaver","https://www.linkedin.com/in/jaclynleaver","2020-01-27 01:55:22 UTC","","Thanks a lot Jaclyn","INBOX",""
"2-ZTVlNjE0NjctMTdmNy01MzVlLWIxYTAtOGU4MjlkYjUwM2FkXzAwMA==","","Jaclyn Leaver","https://www.linkedin.com/in/jaclynleaver","Jeevanandhan Duraisamy","https://www.linkedin.com/in/jeevaduraisamy","2017-06-30 14:42:31 UTC","","Congrats on the new job!","INBOX",""
"2-ZDdiYWMxMDUtOTdlYi01NDU0LTgwNmUtZmEzNGYzYjM0ZjY5XzAxMg==","","Saba Mansouri","https://www.linkedin.com/in/saba-mansouri-80436914a","Jaclyn Leaver","https://www.linkedin.com/in/jaclynleaver","2020-01-02 01:17:40 UTC","","Allah’u’Abha Jaclyn. Happy Gregorian New Year. I plan to visit the Bay Area for business Jan 6-12. Do you know of any Baha’i gatherings planned during this time? Many thanks.","INBOX",""
"2-NzZiYmRmN2UtOTU3OS01ZTQyLWFiMzEtNWZiMzRkNmViMzM2XzAxMw==","","Iman Fadaei","https://www.linkedin.com/in/imanfadaei","Jaclyn Leaver","https://www.linkedin.com/in/jaclynleaver","2019-12-19 05:43:38 UTC","","Hey Jaclyn,

I'm reaching out to friends on the EBBF LinkedIn group - hope you're well!

Just launched a platform  (www.whitelance.co) helping companies launch talent/freelance marketplaces. Give me a shout if you're into HR tech and want to chat!

Stay well.
Iman","INBOX",""
"2-ZGY5ZTU2YjktYmE0Yy01ZDExLWE2MTYtMzFhMDhmOTU1MzAxXzAxMA==","","Antonio A.","https://www.linkedin.com/in/antonioang1793","Jaclyn Leaver","https://www.linkedin.com/in/jaclynleaver","2019-09-10 16:24:34 UTC","RE: Re:Checking In!","Hi Jaclyn,

Thank you for accepting my message! When would you have some time to chat this week?","INBOX",""
"2-ZGY5ZTU2YjktYmE0Yy01ZDExLWE2MTYtMzFhMDhmOTU1MzAxXzAxMA==","","Antonio A.","https://www.linkedin.com/in/antonioang1793","Jaclyn Leaver","https://www.linkedin.com/in/jaclynleaver","2019-09-09 22:43:07 UTC","Re:Checking In!","Hi Jaclyn, 

My name is Antonio Ang and I'm a Talent Acquisition Specialist at Spectra360 and my expertise covers professions in Sales, Marketing, Finance & Accounting, Creative, everything across the board.

I wanted to take some time discuss your current situation and see how things are going for you and find out what your sights are set on, and other requirements you're targeting for your next opportunity.

My client is a global advertising agency, and I'm in search of their next Copyeditor for their Hayward office.

What is the best day, time, and number for me to reach you so that I can share more information about the role and company?

 Antonio Ang
Talent Acquisition Specialist at Spectra360","INBOX",""
"2-M2M3Njc1N2UtYmNlYS01ODJjLTg5YTUtNjVhNzYwMzAwNmNlXzAxMw==","","Matthew Dello Russo","https://www.linkedin.com/in/matthewdellorusso","Jaclyn Leaver","https://www.linkedin.com/in/jaclynleaver","2019-07-24 20:13:24 UTC","Tech Giant Seeking 3+ Month Contract Copyeditor - Chicago Style - $52/hr - Cupertino!","Hi Jaclyn, 

Hope you're well! Our client, a super-recognizable tech name in Cupertino, is looking for a freelance Copy Editor to join the Retail Marketing team. This is a 3 month contract role (with the possibility to extend) that is set to pay $52.82/hr.

As our ideal candidate, you apply technical savvy, a keen eye, and exceptional attention to detail to help produce world-class communications for Retail Marketing initiatives. 

Are you interested? Please reply with an updated resume and compensation requirements to be considered for the role!

Thanks,
Matthew

5+ years experience editing communications, working at a publication, advertising agency, or in-house creative environment 
Solid understanding and grounding in U.S. English style, usage, grammar, and punctuation 
Familiar with standard style and usage guides, including The Chicago Manual of Style 
Extensive proofreading and editorial experience 
Excellent communication skills, ability to work as a member of a team and thrive under pressure 
Exceptional attention to detail and ability to focus and prioritize in a fast-paced environment

 Matthew Dello Russo
mdellorusso@24seveninc.com","INBOX",""
"2-NDNlOGE2MDMtNTI4ZC01M2FlLTgzYzItMjRkNTNmMTM5OTY4XzAxMw==","","Jane Alston, MD MBA FACS","https://www.linkedin.com/in/jane-alston-md-mba-facs-7b4502126","Jaclyn Leaver","https://www.linkedin.com/in/jaclynleaver","2019-04-22 15:37:29 UTC","","Hi Jaclyn,

I am a Cal grad working with Strawberry Creek Ventures, a venture fund investing in Cal alumni-led companies. I’d like to connect and share how we’re creating a powerful community of alumni investors and entrepreneurs.

Best,
Jane","INBOX",""
"2-MTg0NDNmNTUtZTRkMi01NzI4LTkyYjYtMTk5ZTExY2E5MGE0XzAwMA==","","Geoffrey Cohen","https://www.linkedin.com/in/geoffrey-cohen-800b4911","Jaclyn Leaver","https://www.linkedin.com/in/jaclynleaver","2018-06-23 14:54:16 UTC","","Happy birthday!","INBOX",""
"2-YTI1YWRjNmItZWNjMS01ZjY0LTg3ZGMtNWQ0ZDk3ZmQyYjkyXzAwMA==","","Jaclyn Leaver","https://www.linkedin.com/in/jaclynleaver","Jonathan Meeks, M.S.","https://www.linkedin.com/in/jonathanmeeksms","2018-06-22 21:18:28 UTC","","Thank you","INBOX",""
"2-YTI1YWRjNmItZWNjMS01ZjY0LTg3ZGMtNWQ0ZDk3ZmQyYjkyXzAwMA==","","Jonathan Meeks, M.S.","https://www.linkedin.com/in/jonathanmeeksms","Jaclyn Leaver","https://www.linkedin.com/in/jaclynleaver","2018-06-20 19:59:04 UTC","","Happy birthday!","INBOX",""
"2-YTQyYTUwNjYtMjY0Zi01Njg2LTlhNGItNGUzNzlmMGNjMTUwXzAwMA==","","Eima Amiri","https://www.linkedin.com/in/eima-amiri-852116143","Jaclyn Leaver","https://www.linkedin.com/in/jaclynleaver","2018-02-14 05:52:59 UTC","","Thx alot for connecting dear Jaclyn.","INBOX",""
"2-N2ZkMWU2YjYtZTFlMS01OGU2LWJmMGEtNzlmYzk5ODA2ZWU4XzAwMA==","","Isabella Vasquez","https://www.linkedin.com/in/isabella-vasquez-6a46aa14b","Jaclyn Leaver","https://www.linkedin.com/in/jaclynleaver","2017-12-31 19:36:04 UTC","","Jaclyn, 

I hope you accept this invitation to be part of my LinkedIn network. I am the Co Founder at a new startup called FoundrFindr, and I'm looking to expand my network of like-minded Freelancers in California. Our preregistration page is up on our website, register for 2018 projects.","INBOX",""
"2-MGZmYjA3ZjMtN2ExNS01YTRkLTk0NWEtZWIzZDJkMTA0MGNjXzAwMA==","","Louis A. Cid","https://www.linkedin.com/in/louiscid","Jaclyn Leaver","https://www.linkedin.com/in/jaclynleaver","2017-11-19 19:39:50 UTC","","Hi Jaclyn, 
I hope you're well. I'd like to connect on LinkedIn. Greetings!
Best regards,
Louis ","INBOX",""
"2-MDhjMTNhZTAtMTk2NS01YzAyLWE5MWMtYTExMWExYTYyODA3XzAwMA==","","Chaning Jang","https://www.linkedin.com/in/chaningjang","Jaclyn Leaver","https://www.linkedin.com/in/jaclynleaver","2017-10-06 04:45:46 UTC","","Hi Jaclyn, thanks for visiting Busara and for helping us make connections!  Looking forward to more collaboration together!","INBOX",""
"2-MTFjMzZjMTQtZWRhZi01N2RiLWJmZDEtMjA5Yjg1ZTU3MGZmXzAwMA==","","Robert T Phillips","https://www.linkedin.com/in/roberttphillips","Jaclyn Leaver","https://www.linkedin.com/in/jaclynleaver","2017-08-20 16:49:28 UTC","","Greetings Jaclyn - was interested to see the work you have been doing. Seems we have been traveling some similar paths. Would enjoy the chance to have you meet my wife Teresa and me and compare paths of service.  Let us know when you might be in the city and we could do coffee. 
Best to you. 
Bob Phillips","INBOX",""
"2-Y2JiZjZjNGYtZWFhOC01YTAxLTk2YmMtMmQxY2E5YzdjMzY1XzAwMA==","","Alexander Cyr","https://www.linkedin.com/in/adcyr","Jaclyn Leaver","https://www.linkedin.com/in/jaclynleaver","2017-08-15 00:02:30 UTC","","I'm the new EGAP intern who just started last Thursday.  Just reaching out to connect with everyone on LinkedIn.","INBOX",""
"2-MjZkNTM1ZmItMmY0MS01OWYxLTg0ODYtYTg0OTg2MTM2YTNiXzAwMA==","","Jaclyn Leaver","https://www.linkedin.com/in/jaclynleaver","Karen Chung","https://www.linkedin.com/in/karen-chung-a2b18217","2017-06-30 14:42:23 UTC","","Congrats on the new job!","INBOX",""
"2-ODVhOTEzYzEtNjJjMC01MDA1LWE0NDItNTkxODliODMyYjA2XzAwMA==","","Jaclyn Leaver","https://www.linkedin.com/in/jaclynleaver","Robert Middaugh","https://www.linkedin.com/in/robertmiddaugh","2017-06-20 22:52:24 UTC","","Thank you!!","INBOX",""
"2-ODVhOTEzYzEtNjJjMC01MDA1LWE0NDItNTkxODliODMyYjA2XzAwMA==","","Robert Middaugh","https://www.linkedin.com/in/robertmiddaugh","Jaclyn Leaver","https://www.linkedin.com/in/jaclynleaver","2017-06-20 22:35:47 UTC","","Happy birthday!","INBOX",""
"2-YTg5MjA1MDQtYmE5Yi01YWJkLWEzMjktMDhmMWU2MGQ4NzljXzAwMA==","","Jaclyn Leaver","https://www.linkedin.com/in/jaclynleaver","André Ross","https://www.linkedin.com/in/andré-ross-308b3417","2017-06-20 16:51:17 UTC","","Thank you!!","INBOX",""
"2-YTg5MjA1MDQtYmE5Yi01YWJkLWEzMjktMDhmMWU2MGQ4NzljXzAwMA==","","André Ross","https://www.linkedin.com/in/andré-ross-308b3417","Jaclyn Leaver","https://www.linkedin.com/in/jaclynleaver","2017-06-20 06:19:08 UTC","","Happy birthday!","INBOX",""
"2-YTg5MjA1MDQtYmE5Yi01YWJkLWEzMjktMDhmMWU2MGQ4NzljXzAwMA==","","Jaclyn Leaver","https://www.linkedin.com/in/jaclynleaver","André Ross","https://www.linkedin.com/in/andré-ross-308b3417","2016-04-05 15:29:17 UTC","","Yeah! Catch me up! Where are you now and what are you up to?","INBOX",""
"2-YTg5MjA1MDQtYmE5Yi01YWJkLWEzMjktMDhmMWU2MGQ4NzljXzAwMA==","","André Ross","https://www.linkedin.com/in/andré-ross-308b3417","Jaclyn Leaver","https://www.linkedin.com/in/jaclynleaver","2016-04-05 06:40:58 UTC","","Good thank you. Been ages","INBOX",""
"2-YTg5MjA1MDQtYmE5Yi01YWJkLWEzMjktMDhmMWU2MGQ4NzljXzAwMA==","","Jaclyn Leaver","https://www.linkedin.com/in/jaclynleaver","André Ross","https://www.linkedin.com/in/andré-ross-308b3417","2016-04-04 16:11:20 UTC","","Thanks! Hope you are doing well, too. ","INBOX",""
"2-YTg5MjA1MDQtYmE5Yi01YWJkLWEzMjktMDhmMWU2MGQ4NzljXzAwMA==","","André Ross","https://www.linkedin.com/in/andré-ross-308b3417","Jaclyn Leaver","https://www.linkedin.com/in/jaclynleaver","2016-04-04 13:47:22 UTC","","Congrats on the anniversary! Hope you're doing well.","INBOX",""
"2-YWU5ZTk2ZTgtZjE5ZS01MzRjLWFlZWQtNzJlNmZiYmVlOTJiXzAwMA==","","Jaclyn Leaver","https://www.linkedin.com/in/jaclynleaver","Geoffrey GAUTIER - COUSTON","https://www.linkedin.com/in/geoffrey-gautier-couston","2017-06-20 16:51:05 UTC","","Thanks so much, Geoffrey! I hope you're well!","INBOX",""
"2-YWU5ZTk2ZTgtZjE5ZS01MzRjLWFlZWQtNzJlNmZiYmVlOTJiXzAwMA==","","Geoffrey GAUTIER - COUSTON","https://www.linkedin.com/in/geoffrey-gautier-couston","Jaclyn Leaver","https://www.linkedin.com/in/jaclynleaver","2017-06-20 09:41:13 UTC","","have a great day","INBOX",""
"2-YWU5ZTk2ZTgtZjE5ZS01MzRjLWFlZWQtNzJlNmZiYmVlOTJiXzAwMA==","","Geoffrey GAUTIER - COUSTON","https://www.linkedin.com/in/geoffrey-gautier-couston","Jaclyn Leaver","https://www.linkedin.com/in/jaclynleaver","2017-06-20 09:41:07 UTC","","all the best for your birthday!","INBOX",""
"2-YWU5ZTk2ZTgtZjE5ZS01MzRjLWFlZWQtNzJlNmZiYmVlOTJiXzAwMA==","","Geoffrey GAUTIER - COUSTON","https://www.linkedin.com/in/geoffrey-gautier-couston","Jaclyn Leaver","https://www.linkedin.com/in/jaclynleaver","2017-06-20 09:41:01 UTC","","Hello!","INBOX",""
"2-YTgwNDU4OTUtYTJjMy01YWVkLWI0ZmEtZWY2MjY2NGJkZjYwXzAwMA==","","Jaclyn Leaver","https://www.linkedin.com/in/jaclynleaver","j.Peter Smith  ","https://www.linkedin.com/in/jpetersmith1","2017-06-20 16:50:45 UTC","","Thanks, Peter! Will send your regards to Julian.","INBOX",""
"2-YTgwNDU4OTUtYTJjMy01YWVkLWI0ZmEtZWY2MjY2NGJkZjYwXzAwMA==","","j.Peter Smith  ","https://www.linkedin.com/in/jpetersmith1","Jaclyn Leaver","https://www.linkedin.com/in/jaclynleaver","2017-06-20 14:52:12 UTC","","Happy birthday!  Hope you're well pls say hi to Julian for me.","INBOX",""
"2-YTgwNDU4OTUtYTJjMy01YWVkLWI0ZmEtZWY2MjY2NGJkZjYwXzAwMA==","","Jaclyn Leaver","https://www.linkedin.com/in/jaclynleaver","j.Peter Smith  ","https://www.linkedin.com/in/jpetersmith1","2017-04-04 04:26:36 UTC","","Thanks, Peter! Hope you're well!!","INBOX",""
"2-YTgwNDU4OTUtYTJjMy01YWVkLWI0ZmEtZWY2MjY2NGJkZjYwXzAwMA==","","j.Peter Smith  ","https://www.linkedin.com/in/jpetersmith1","Jaclyn Leaver","https://www.linkedin.com/in/jaclynleaver","2017-04-04 01:25:24 UTC","","Congrats on your work anniversary! Sounds like an amazing position for an amazing woman.  Way to go! Peter","INBOX",""
"2-Y2IwNzdiYmMtNWY0NC01OWNhLTg1NGMtNmM2NzQyYWRmZjdlXzAwMA==","","Jaclyn Leaver","https://www.linkedin.com/in/jaclynleaver","LinkedIn Member","","2017-06-20 16:50:28 UTC","","Thanks so much!","INBOX",""
"2-M2FiNGQ4ZmMtNjI1YS01Y2I2LTgxZWItZGFlMzY1OWI2MjQ5XzAwMA==","","Matthew Guevara","https://www.linkedin.com/in/matthew-guevara-0a0b649","Jaclyn Leaver","https://www.linkedin.com/in/jaclynleaver","2017-05-16 16:50:58 UTC","","Holla!","INBOX",""
"2-M2FiNGQ4ZmMtNjI1YS01Y2I2LTgxZWItZGFlMzY1OWI2MjQ5XzAwMA==","","Matthew Guevara","https://www.linkedin.com/in/matthew-guevara-0a0b649","Jaclyn Leaver","https://www.linkedin.com/in/jaclynleaver","2017-05-16 16:50:53 UTC","","Yo! So late, but I saw this pop up and then completely brain dumped it. I'd be happy to pass it along to some of my colleagues, but I'm gonna be tying up loose ends that week, as Clauds and I are gitting hitched on the 17th, and there for taking a week off in there.  We should totes catch up some time. How's Cali? How's life? THings are generally good by me - though busy.","INBOX",""
"2-M2FiNGQ4ZmMtNjI1YS01Y2I2LTgxZWItZGFlMzY1OWI2MjQ5XzAwMA==","","Jaclyn Leaver","https://www.linkedin.com/in/jaclynleaver","Matthew Guevara","https://www.linkedin.com/in/matthew-guevara-0a0b649","2017-03-13 21:40:57 UTC","","Sorry, Matt, I meant at the Department of Defense...not State. My apologies!!","INBOX",""
"2-M2FiNGQ4ZmMtNjI1YS01Y2I2LTgxZWItZGFlMzY1OWI2MjQ5XzAwMA==","","Jaclyn Leaver","https://www.linkedin.com/in/jaclynleaver","Matthew Guevara","https://www.linkedin.com/in/matthew-guevara-0a0b649","2017-03-13 21:38:48 UTC","","Matty G!! 

How are things in Washington, DC?! Hope you’re well! I’d love a proper catch up soon. 

I know it’s strange to be writing you on LinkedIn, but I’m writing on behalf of the organization I work for, Evidence in Governance and Politics (EGAP), about an Evidence Summit we are hosting on June 9 at George Washington University, Washington, DC from 10am to 4:30pm. The event will showcase new policy-relevant research on elections and interventions designed to increase political accountability. We will also use the event to learn more about how research can inform policy. This research was carried out under a new grant-making model designed to generate more policy-relevant learning from rigorous field-based research. Please find additional details about the Evidence Summit below.

I don’t know exactly what you are working on at State right now, but I thought you might be interested in knowing about and attending this event. Please let me know if you are interested and I can add you to the invitation list. Additionally, if you have colleagues and/or know others in the Washington, DC area that might be interested, please share their contact information with me so we can add them to the invitation list. 

Thanks and please let me know if you have any questions! I look forward to hearing from you soon. 

Best,
Jaclyn 

ADDITIONAL DETAILS ABOUT THE EVIDENCE SUMMIT

Recent years have seen a surge in the supply of new, high-quality evidence to policy-makers—much of it based on the gold standard methodology of randomized control trials, or RCTs. Yet a big worry surrounding this type of work is generalizability: what can a single evaluation carried out at a particular time and in a particular setting tell us about whether or not programs are transferable and scalable? The “credibility revolution” underway in the social sciences has dramatically improved the internal validity of published research. But a crisis of external validity remains.

To address this concern, EGAP has pioneered a new approach to knowledge accumulation. Through its Metaketa Initiative, EGAP provides grants to multiple research groups to carry out coordinated field trials in diverse regions of the Global South. We are tackling some of the biggest questions in governance and development today: helping states build taxation capacity, better manage natural resources, and mitigate crime and conflict. By gathering together findings from similar interventions performed in varied contexts, we hope to learn about what works and why.

We recently concluded the first Metaketa round which focused on political accountability. How does providing information about the performance and behavior of incumbent politicians affect voting? Do citizens punish politicians who perform poorly or engage in corruption and malfeasance when in office? On the flip side, does providing good news about high-performers lead voters to reward their representatives at the ballot box? In the past three years, over 20 scholars have sought to answer these questions by running state-of-the-art experiments in Brazil, Uganda, Burkina Faso, Benin, Mexico, and India.   

At the event, we will unveil the findings of this new research. EGAP board members will introduce the Metaketa approach and discuss how it may serve as a template for impact evaluation in other domains. Principal investigators from the six Metaketa studies will present their designs and there will be a chance for reflection and debate in a roundtable panel at the end of the day. 

However, this is no ordinary conference. We care a lot about evidence and we want to put our ideas to the test. Can the Metaketa approach really help policy-makers learn about when and where an intervention is likely to succeed or fail? For part of the day, participants will be assigned to different breakout groups. Groups will be told the results of some of the Metaketa studies and then, based on what they’ve learned, will be asked to make predictions about the outcomes of unseen projects (for which only we will know the true results). Toward the end of the proceedings, we’ll come back together to reveal how accurately groups were able to predict the outcomes of unseen studies. This is social science in action! We expect the event to be both illuminating and fun for all participants.","INBOX",""
"2-Mzc0Yjc5YjQtOTkyZC01YTZjLTgwZDUtZDYwMWRjNDE1MTZjXzAwMA==","","Jaclyn Leaver","https://www.linkedin.com/in/jaclynleaver","James Agwa","https://www.linkedin.com/in/james-agwa-03a85175","2017-04-07 15:43:14 UTC","","Thanks","INBOX",""
"2-Mzc0Yjc5YjQtOTkyZC01YTZjLTgwZDUtZDYwMWRjNDE1MTZjXzAwMA==","","James Agwa","https://www.linkedin.com/in/james-agwa-03a85175","Jaclyn Leaver","https://www.linkedin.com/in/jaclynleaver","2017-04-06 04:39:46 UTC","","Congrats on your work anniversary!","INBOX",""
"2-Mzc0Yjc5YjQtOTkyZC01YTZjLTgwZDUtZDYwMWRjNDE1MTZjXzAwMA==","","Jaclyn Leaver","https://www.linkedin.com/in/jaclynleaver","James Agwa","https://www.linkedin.com/in/james-agwa-03a85175","2016-04-05 16:05:20 UTC","","Thanks, James!","INBOX",""
"2-Mzc0Yjc5YjQtOTkyZC01YTZjLTgwZDUtZDYwMWRjNDE1MTZjXzAwMA==","","James Agwa","https://www.linkedin.com/in/james-agwa-03a85175","Jaclyn Leaver","https://www.linkedin.com/in/jaclynleaver","2016-04-05 15:39:04 UTC","","Congrats on the anniversary! Hope you're doing well.","INBOX",""
"2-Mzc0Yjc5YjQtOTkyZC01YTZjLTgwZDUtZDYwMWRjNDE1MTZjXzAwMA==","","James Agwa","https://www.linkedin.com/in/james-agwa-03a85175","Jaclyn Leaver","https://www.linkedin.com/in/jaclynleaver","2016-04-05 15:39:04 UTC","","Congrats on the anniversary! Hope you're doing well.","INBOX",""
"2-YjZiYThmMzctNzg2MS01Njg5LWFiMjEtNDViZjgwMGM0M2RmXzAwMA==","","Jaclyn Leaver","https://www.linkedin.com/in/jaclynleaver","Linda Bishop","https://www.linkedin.com/in/linda-bishop-59691a22","2017-04-05 01:23:31 UTC","","Thanks, Linda! Hope you're well!! ","INBOX",""
"2-YjZiYThmMzctNzg2MS01Njg5LWFiMjEtNDViZjgwMGM0M2RmXzAwMA==","","Linda Bishop","https://www.linkedin.com/in/linda-bishop-59691a22","Jaclyn Leaver","https://www.linkedin.com/in/jaclynleaver","2017-04-04 12:04:58 UTC","","Congratulations on your anniversary!  Sending prayers and love, Linda","INBOX",""
"2-Mzc5NDQ0MmItMjIyOS01Mzc0LWI0NWEtN2Y1ZWE1Y2EwNTdmXzAwMA==","","Jaclyn Leaver","https://www.linkedin.com/in/jaclynleaver","LinkedIn Member","","2017-04-04 04:26:54 UTC","","Thanks! You know I am. You and Julie need to come out for a visit soon!","INBOX",""
"2-MTBhNmJjYjgtNGMzZC01ZTY0LWFmMGYtMTNkOTdmMTFlNGQ5XzAwMA==","","Ryan Burke","https://www.linkedin.com/in/ryanaburke9","Jaclyn Leaver","https://www.linkedin.com/in/jaclynleaver","2017-04-03 18:16:24 UTC","","Congrats on your work anniversary! I miss CA!!","INBOX",""
"2-M2JkNjU3ZjktNzQ4Ni01MDU5LWEyODQtMzY1ZTA0NmIyNDdmXzAwMA==","","Maziar Niroomand","https://www.linkedin.com/in/maziar-niroomand-88250a93","Jaclyn Leaver","https://www.linkedin.com/in/jaclynleaver","2017-04-03 05:35:06 UTC","","Congrats on your work anniversary! Maziar","INBOX",""
"2-M2JkNjU3ZjktNzQ4Ni01MDU5LWEyODQtMzY1ZTA0NmIyNDdmXzAwMA==","","Maziar Niroomand","https://www.linkedin.com/in/maziar-niroomand-88250a93","Jaclyn Leaver","https://www.linkedin.com/in/jaclynleaver","2016-12-13 07:41:31 UTC","","Congrats, I wish you the best of luck and happiness.","INBOX",""
"2-OTgwM2QxOTQtNzQ0My01MDE2LWI4ZTItOGYzMDJiYzgxM2E0XzAwMA==","","Sarah DeCuir","https://www.linkedin.com/in/sarah-decuir-24781064","Jaclyn Leaver","https://www.linkedin.com/in/jaclynleaver","2017-03-20 16:39:18 UTC","","If I think of anyone who might be able to attend the summit, I'll let you know. Things are going well here! I spent last year in Ethiopia, but I'm back in Austin and recently accepted a job in the private sector starting this summer. I'm selling out. :) I bet California is beautiful - it's already starting to heat up in Austin and I'm rethinking my plans to stay here long term...

Anyways, send me an email sometime (sarahdecuir@gmail.com), or if you ever find yourself back in Texas I'd love to grab a coffee and catch up!","INBOX",""
"2-OTgwM2QxOTQtNzQ0My01MDE2LWI4ZTItOGYzMDJiYzgxM2E0XzAwMA==","","Jaclyn Leaver","https://www.linkedin.com/in/jaclynleaver","Sarah DeCuir","https://www.linkedin.com/in/sarah-decuir-24781064","2017-03-15 18:07:30 UTC","","Hi Sarah, Great to hear from you! So lucky that you are back in Austin. I miss it there so much! If you know anyone in the DC area that may be interested in the event, please do let me know. 

In other news, how are things?! Send me a proper update when you have a chance. I'm doing well. Still living in California and loving it!! I think I might be here for the long haul...the weather is just too good not to stay. ;) 

Hope you're having a great day! Chat soon!","INBOX",""
"2-OTgwM2QxOTQtNzQ0My01MDE2LWI4ZTItOGYzMDJiYzgxM2E0XzAwMA==","","Sarah DeCuir","https://www.linkedin.com/in/sarah-decuir-24781064","Jaclyn Leaver","https://www.linkedin.com/in/jaclynleaver","2017-03-15 14:49:41 UTC","","Hi Jaclyn! Of course I remember you. It's good to hear from you! How are things?

I probably should update my LinkedIn profile, but I'm actually based in Austin for now, working at the state capitol again. Since I'm not living in DC, it will be hard for me to make it to the Evidence Summit. I wish I could be there! It sounds like a fascinating event.

I hope things are going well with you. I'd love to catch up some time if you ever get the chance!

Best, 
Sarah","INBOX",""
"2-OTgwM2QxOTQtNzQ0My01MDE2LWI4ZTItOGYzMDJiYzgxM2E0XzAwMA==","","Jaclyn Leaver","https://www.linkedin.com/in/jaclynleaver","Sarah DeCuir","https://www.linkedin.com/in/sarah-decuir-24781064","2017-03-13 21:36:00 UTC","","Dear Sarah,

Hope you’re well! 

I’m not sure if you remember me, but we went to grad school together at the LBJ school. Looks like things are going well for you! How’s working as a fellow? Are you based in Washington, DC or in Ethiopia? It would be great to catch up sometime soon to hear how things are going for you since our days in Austin. 

I know this note is out of the blue, but I’m writing on behalf of the organization I work for, Evidence in Governance and Politics (EGAP), about an Evidence Summit we are hosting on June 9 at George Washington University, Washington, DC from 10am to 4:30pm. The event will showcase new policy-relevant research on elections and interventions designed to increase political accountability. We will also use the event to learn more about how research can inform policy. This research was carried out under a new grant-making model designed to generate more policy-relevant learning from rigorous field-based research. Please find additional details about the Evidence Summit below.

As it seems like you are working on governance and public administration issues in developing countries, I thought you might be interested in knowing about and attending this event. Please let me know if you are interested and I can add you to the invitation list. Additionally, if you have colleagues and/or know others in the Washington, DC area that might be interested, please share their contact information with me so we can add them to the invitation list. 

Thanks and please let me know if you have any questions! I look forward to hearing from you soon. 

Best,
Jaclyn 

ADDITIONAL DETAILS ABOUT THE EVIDENCE SUMMIT

Recent years have seen a surge in the supply of new, high-quality evidence to policy-makers—much of it based on the gold standard methodology of randomized control trials, or RCTs. Yet a big worry surrounding this type of work is generalizability: what can a single evaluation carried out at a particular time and in a particular setting tell us about whether or not programs are transferable and scalable? The “credibility revolution” underway in the social sciences has dramatically improved the internal validity of published research. But a crisis of external validity remains.

To address this concern, EGAP has pioneered a new approach to knowledge accumulation. Through its Metaketa Initiative, EGAP provides grants to multiple research groups to carry out coordinated field trials in diverse regions of the Global South. We are tackling some of the biggest questions in governance and development today: helping states build taxation capacity, better manage natural resources, and mitigate crime and conflict. By gathering together findings from similar interventions performed in varied contexts, we hope to learn about what works and why.

We recently concluded the first Metaketa round which focused on political accountability. How does providing information about the performance and behavior of incumbent politicians affect voting? Do citizens punish politicians who perform poorly or engage in corruption and malfeasance when in office? On the flip side, does providing good news about high-performers lead voters to reward their representatives at the ballot box? In the past three years, over 20 scholars have sought to answer these questions by running state-of-the-art experiments in Brazil, Uganda, Burkina Faso, Benin, Mexico, and India.   

At the event, we will unveil the findings of this new research. EGAP board members will introduce the Metaketa approach and discuss how it may serve as a template for impact evaluation in other domains. Principal investigators from the six Metaketa studies will present their designs and there will be a chance for reflection and debate in a roundtable panel at the end of the day. 

However, this is no ordinary conference. We care a lot about evidence and we want to put our ideas to the test. Can the Metaketa approach really help policy-makers learn about when and where an intervention is likely to succeed or fail? For part of the day, participants will be assigned to different breakout groups. Groups will be told the results of some of the Metaketa studies and then, based on what they’ve learned, will be asked to make predictions about the outcomes of unseen projects (for which only we will know the true results). Toward the end of the proceedings, we’ll come back together to reveal how accurately groups were able to predict the outcomes of unseen studies. This is social science in action! We expect the event to be both illuminating and fun for all participants.","INBOX",""
"2-NWU0ODFhNGQtYTY0YS01YzU4LTllM2YtNmQ2NGM3MDI0YTRjXzAwMA==","","Fadi A. Haddadin","https://www.linkedin.com/in/policyfads","Jaclyn Leaver","https://www.linkedin.com/in/jaclynleaver","2017-03-15 15:45:54 UTC","","Dear Ms. Leaver,

I would love to attend the summit. Thank you so much! Can I first check with the U.S. Embassy in Amman, Jordan, to see if the process would take some time? 

What a lovely day to receive this message from you, EGAP and Berkeley's amazing CPD!

By the way, I have this suggestion (if I may): I think CPD and all its solid, evidence-based initiatives/research topics--in addition to Metaketa--would be an interesting idea for the state of Dubai. I highly recommend we build channels of cooperation through which CPD could help the ruler of Dubai regarding his governance, government excellence and public policy initiatives. I can pass along any kind of communication to the officials there if CPD likes this idea.

I'm in Amman (Jordan) and Dubai (UAE) most of the year.

Yours,
Fadi","INBOX",""
"2-NWU0ODFhNGQtYTY0YS01YzU4LTllM2YtNmQ2NGM3MDI0YTRjXzAwMA==","","Jaclyn Leaver","https://www.linkedin.com/in/jaclynleaver","Fadi A. Haddadin","https://www.linkedin.com/in/policyfads","2017-03-13 21:43:07 UTC","","Dear Fadi, 

Hope you’re well! 

I know this message is out of the blue, but I’m writing on behalf of the organization I work for, Evidence in Governance and Politics (EGAP), about an Evidence Summit we are hosting on June 9 at George Washington University, Washington, DC from 10am to 4:30pm. The event will showcase new policy-relevant research on elections and interventions designed to increase political accountability. We will also use the event to learn more about how research can inform policy. This research was carried out under a new grant-making model designed to generate more policy-relevant learning from rigorous field-based research. Please find additional details about the Evidence Summit below.

I thought you might be interested in knowing about and attending this event. Please let me know if you are interested and I can add you to the invitation list. Additionally, if you have colleagues and/or know others in the Washington, DC area that might be interested, please share their contact information with me so we can add them to the invitation list. 

Thanks and please let me know if you have any questions! I look forward to hearing from you soon. 

Best,
Jaclyn 

ADDITIONAL DETAILS ABOUT THE EVIDENCE SUMMIT

Recent years have seen a surge in the supply of new, high-quality evidence to policy-makers—much of it based on the gold standard methodology of randomized control trials, or RCTs. Yet a big worry surrounding this type of work is generalizability: what can a single evaluation carried out at a particular time and in a particular setting tell us about whether or not programs are transferable and scalable? The “credibility revolution” underway in the social sciences has dramatically improved the internal validity of published research. But a crisis of external validity remains.

To address this concern, EGAP has pioneered a new approach to knowledge accumulation. Through its Metaketa Initiative, EGAP provides grants to multiple research groups to carry out coordinated field trials in diverse regions of the Global South. We are tackling some of the biggest questions in governance and development today: helping states build taxation capacity, better manage natural resources, and mitigate crime and conflict. By gathering together findings from similar interventions performed in varied contexts, we hope to learn about what works and why.

We recently concluded the first Metaketa round which focused on political accountability. How does providing information about the performance and behavior of incumbent politicians affect voting? Do citizens punish politicians who perform poorly or engage in corruption and malfeasance when in office? On the flip side, does providing good news about high-performers lead voters to reward their representatives at the ballot box? In the past three years, over 20 scholars have sought to answer these questions by running state-of-the-art experiments in Brazil, Uganda, Burkina Faso, Benin, Mexico, and India.   

At the event, we will unveil the findings of this new research. EGAP board members will introduce the Metaketa approach and discuss how it may serve as a template for impact evaluation in other domains. Principal investigators from the six Metaketa studies will present their designs and there will be a chance for reflection and debate in a roundtable panel at the end of the day. 

However, this is no ordinary conference. We care a lot about evidence and we want to put our ideas to the test. Can the Metaketa approach really help policy-makers learn about when and where an intervention is likely to succeed or fail? For part of the day, participants will be assigned to different breakout groups. Groups will be told the results of some of the Metaketa studies and then, based on what they’ve learned, will be asked to make predictions about the outcomes of unseen projects (for which only we will know the true results). Toward the end of the proceedings, we’ll come back together to reveal how accurately groups were able to predict the outcomes of unseen studies. This is social science in action! We expect the event to be both illuminating and fun for all participants.","INBOX",""
"2-NGQ2YzdjODEtMjdjYy01NGIwLWJjMzgtNzFlYzFiOGI0OTg0XzAwMA==","","Jaclyn Leaver","https://www.linkedin.com/in/jaclynleaver","Izzah Akram Malik","https://www.linkedin.com/in/izzah","2017-03-13 21:29:06 UTC","","Dear Izzah,

Hope you’re well! 

I’m not sure if you remember me, but we went to grad school together at the LBJ school. Looks like things are going well for you! Are you enjoying The World Bank? How do you like Washington, DC? It would be great to catch up sometime soon to hear how things are going for you since our days in Austin. 

I know this note is out of the blue, but I’m writing on behalf of the organization I work for, Evidence in Governance and Politics (EGAP), about an Evidence Summit we are hosting on June 9 at George Washington University, Washington, DC from 10am to 4:30pm. The event will showcase new policy-relevant research on elections and interventions designed to increase political accountability. We will also use the event to learn more about how research can inform policy. This research was carried out under a new grant-making model designed to generate more policy-relevant learning from rigorous field-based research. Please find additional details about the Evidence Summit below.

As it seems like you are working on governance issues in developing countries, I thought you might be interested in knowing about and attending this event. Please let me know if you are interested and I can add you to the invitation list. Additionally, if you have colleagues and/or know others in the Washington, DC area that might be interested, please share their contact information with me so we can add them to the invitation list. 

Thanks and please let me know if you have any questions! I look forward to hearing from you soon. 

Best,
Jaclyn 

ADDITIONAL DETAILS ABOUT THE EVIDENCE SUMMIT

Recent years have seen a surge in the supply of new, high-quality evidence to policy-makers—much of it based on the gold standard methodology of randomized control trials, or RCTs. Yet a big worry surrounding this type of work is generalizability: what can a single evaluation carried out at a particular time and in a particular setting tell us about whether or not programs are transferable and scalable? The “credibility revolution” underway in the social sciences has dramatically improved the internal validity of published research. But a crisis of external validity remains.

To address this concern, EGAP has pioneered a new approach to knowledge accumulation. Through its Metaketa Initiative, EGAP provides grants to multiple research groups to carry out coordinated field trials in diverse regions of the Global South. We are tackling some of the biggest questions in governance and development today: helping states build taxation capacity, better manage natural resources, and mitigate crime and conflict. By gathering together findings from similar interventions performed in varied contexts, we hope to learn about what works and why.

We recently concluded the first Metaketa round which focused on political accountability. How does providing information about the performance and behavior of incumbent politicians affect voting? Do citizens punish politicians who perform poorly or engage in corruption and malfeasance when in office? On the flip side, does providing good news about high-performers lead voters to reward their representatives at the ballot box? In the past three years, over 20 scholars have sought to answer these questions by running state-of-the-art experiments in Brazil, Uganda, Burkina Faso, Benin, Mexico, and India.   

At the event, we will unveil the findings of this new research. EGAP board members will introduce the Metaketa approach and discuss how it may serve as a template for impact evaluation in other domains. Principal investigators from the six Metaketa studies will present their designs and there will be a chance for reflection and debate in a roundtable panel at the end of the day. 

However, this is no ordinary conference. We care a lot about evidence and we want to put our ideas to the test. Can the Metaketa approach really help policy-makers learn about when and where an intervention is likely to succeed or fail? For part of the day, participants will be assigned to different breakout groups. Groups will be told the results of some of the Metaketa studies and then, based on what they’ve learned, will be asked to make predictions about the outcomes of unseen projects (for which only we will know the true results). Toward the end of the proceedings, we’ll come back together to reveal how accurately groups were able to predict the outcomes of unseen studies. This is social science in action! We expect the event to be both illuminating and fun for all participants.","INBOX",""
"2-Mzc2MzU0MmUtZDUzNS01MGFkLWJmYjUtMGE3YzcxOGZmYmY4XzAwMA==","","Samira Samimi-Moore","https://www.linkedin.com/in/samira-samimi-moore-90a4011b","Jaclyn Leaver","https://www.linkedin.com/in/jaclynleaver","2017-03-02 18:20:40 UTC","","Congrats on the new job!","INBOX",""
"2-ZmM4ODU3MTAtMTljMS01MGY1LTg1MDAtNGQ3MWFjZmI1MmFlXzAwMA==","","PAULA  CHIARCOS (she/her)","https://www.linkedin.com/in/moonriverediting","Jaclyn Leaver","https://www.linkedin.com/in/jaclynleaver","2017-01-21 05:50:40 UTC","","Hi Jaclyn! Your profile looks great. I'm just getting mine together. Nice to see a familiar face on LinkedIn :)

Paula Chiarcos","INBOX",""
"2-MGM3M2IwNjUtMjMxMS01ODc2LWI3NTMtOTEzMjI1YTllMGQ5XzAwMA==","","Kurt Hein","https://www.linkedin.com/in/kurt-hein-61031664","Jaclyn Leaver","https://www.linkedin.com/in/jaclynleaver","2017-01-09 01:11:38 UTC","","Allah U Abha!

Are you happy? Are you well?
Blessings to you from McMinnville, Oregon.
Kurt","INBOX",""
"2-NTJjY2ViNzMtZDQxNy01MTQwLTkyNjUtOGYyNjQwYmIwMmMyXzAwMA==","","Jaclyn Leaver","https://www.linkedin.com/in/jaclynleaver","George Richter-Addo","https://www.linkedin.com/in/george-richter-addo-0153429","2016-12-14 22:24:44 UTC","","Thanks! Hope everything is going well for you!! ","INBOX",""
"2-NTJjY2ViNzMtZDQxNy01MTQwLTkyNjUtOGYyNjQwYmIwMmMyXzAwMA==","","George Richter-Addo","https://www.linkedin.com/in/george-richter-addo-0153429","Jaclyn Leaver","https://www.linkedin.com/in/jaclynleaver","2016-12-14 19:51:05 UTC","","Hi there:  Congratulations on your new position!  Long time no see/talk.","INBOX",""
"2-OTRhZjY5ZGQtMTcxMS01YjRhLTgzMWUtMzUwMWZmZjNiZTc4XzAwMA==","","Taren Gunter","https://www.linkedin.com/in/tarensuzanne","Jaclyn Leaver","https://www.linkedin.com/in/jaclynleaver","2016-12-13 17:02:11 UTC","","Congratulations on your new position!","INBOX",""
"2-ODEzZWM4ZDgtZTJiYS01YTJjLThhMmItOTNjZWFlY2U2MGIwXzAwMA==","","Jaclyn Leaver","https://www.linkedin.com/in/jaclynleaver","Kevin Habibi","https://www.linkedin.com/in/kevin-habibi-69354737","2016-12-08 07:07:44 UTC","","Thanks! ","INBOX",""
"2-ODEzZWM4ZDgtZTJiYS01YTJjLThhMmItOTNjZWFlY2U2MGIwXzAwMA==","","Kevin Habibi","https://www.linkedin.com/in/kevin-habibi-69354737","Jaclyn Leaver","https://www.linkedin.com/in/jaclynleaver","2016-12-08 06:47:07 UTC","","Congrats on the new job!","INBOX",""
"2-ZDljMGIyODItMWE5My01ODZiLTljOTUtOGQ4OTAxZjA2NDEzXzAwMA==","","Barmak Kusha, MPH, CIC","https://www.linkedin.com/in/barmakkusha","Jaclyn Leaver","https://www.linkedin.com/in/jaclynleaver","2016-12-08 05:37:27 UTC","","Je vous en prie:)","INBOX",""
"2-ZDljMGIyODItMWE5My01ODZiLTljOTUtOGQ4OTAxZjA2NDEzXzAwMA==","","Jaclyn Leaver","https://www.linkedin.com/in/jaclynleaver","Barmak Kusha, MPH, CIC","https://www.linkedin.com/in/barmakkusha","2016-12-08 05:36:36 UTC","","Thanks! ","INBOX",""
"2-ZDljMGIyODItMWE5My01ODZiLTljOTUtOGQ4OTAxZjA2NDEzXzAwMA==","","Barmak Kusha, MPH, CIC","https://www.linkedin.com/in/barmakkusha","Jaclyn Leaver","https://www.linkedin.com/in/jaclynleaver","2016-12-08 05:05:32 UTC","","Congrats on the new job!","INBOX",""
"2-OGNiYWQ4N2ItMzA1ZC01ZGY2LWIwNmEtZGUwZWIzNmNlOTdlXzAwMA==","","Leonard Cohen","https://www.linkedin.com/in/leonard-cohen-3250583b","Jaclyn Leaver","https://www.linkedin.com/in/jaclynleaver","2016-09-09 16:58:58 UTC","","Jaclyn,

J’aimerais vous inviter à rejoindre mon réseau professionnel en ligne, sur le site LinkedIn.

Leonard","INBOX",""
"2-YjdjMGFlMTEtM2Q1MS01ODk2LTg2Y2ItNDc3MWFiNThiNjgxXzAwMA==","","Safaa Bibawy","https://www.linkedin.com/in/safaa-bibawy-94713875","Jaclyn Leaver","https://www.linkedin.com/in/jaclynleaver","2016-06-20 01:24:20 UTC","","Happy birthday!","INBOX",""
"2-ODU4NjBiM2QtMDQ4OC01NjRmLWJlYmMtZjFiOGNmNzFkMjZiXzAwMA==","","Milad Pournik","https://www.linkedin.com/in/milad-pournik-a2887849","Jaclyn Leaver","https://www.linkedin.com/in/jaclynleaver","2016-04-18 14:36:25 UTC","","thx! It's only until July but at least something.... ","INBOX",""
"2-ODU4NjBiM2QtMDQ4OC01NjRmLWJlYmMtZjFiOGNmNzFkMjZiXzAwMA==","","Jaclyn Leaver","https://www.linkedin.com/in/jaclynleaver","Milad Pournik","https://www.linkedin.com/in/milad-pournik-a2887849","2016-04-16 15:48:05 UTC","","Woo Hoo! Congrats on the new job, Milad Jan!!","INBOX",""
"2-Zjg5OWMyNDQtZGQ5NS01YmVmLTg4Y2QtZDNjZjVkNWU4YWVhXzAwMA==","","Jaclyn Leaver","https://www.linkedin.com/in/jaclynleaver","Saba Firoozi","https://www.linkedin.com/in/sabafiroozi","2016-04-07 20:02:56 UTC","","Thanks, Saba! Hope you're well too. ","INBOX",""
"2-Zjg5OWMyNDQtZGQ5NS01YmVmLTg4Y2QtZDNjZjVkNWU4YWVhXzAwMA==","","Saba Firoozi","https://www.linkedin.com/in/sabafiroozi","Jaclyn Leaver","https://www.linkedin.com/in/jaclynleaver","2016-04-07 18:19:48 UTC","","Congrats on the anniversary! Hope you're doing well.","INBOX",""
"2-NDI1NTA2NGItYWZiMS01Yzc0LWE2YTYtZWIyODljN2YyZWQxXzAwMA==","","Shaun Santino, SPHR","https://www.linkedin.com/in/shaun-santino-sphr-b28bb6110","Jaclyn Leaver","https://www.linkedin.com/in/jaclynleaver","2016-04-05 03:12:19 UTC","","We enjoy our backwards pace of life lol","INBOX",""
"2-NDI1NTA2NGItYWZiMS01Yzc0LWE2YTYtZWIyODljN2YyZWQxXzAwMA==","","Jaclyn Leaver","https://www.linkedin.com/in/jaclynleaver","Shaun Santino, SPHR","https://www.linkedin.com/in/shaun-santino-sphr-b28bb6110","2016-04-05 02:48:58 UTC","","It's definitely different. :) ","INBOX",""
"2-NDI1NTA2NGItYWZiMS01Yzc0LWE2YTYtZWIyODljN2YyZWQxXzAwMA==","","Shaun Santino, SPHR","https://www.linkedin.com/in/shaun-santino-sphr-b28bb6110","Jaclyn Leaver","https://www.linkedin.com/in/jaclynleaver","2016-04-05 02:48:21 UTC","","I'm sure it's way better than OK","INBOX",""
"2-NDI1NTA2NGItYWZiMS01Yzc0LWE2YTYtZWIyODljN2YyZWQxXzAwMA==","","Jaclyn Leaver","https://www.linkedin.com/in/jaclynleaver","Shaun Santino, SPHR","https://www.linkedin.com/in/shaun-santino-sphr-b28bb6110","2016-04-05 02:29:57 UTC","","It's so great! I love California so much!","INBOX",""
"2-NDI1NTA2NGItYWZiMS01Yzc0LWE2YTYtZWIyODljN2YyZWQxXzAwMA==","","Shaun Santino, SPHR","https://www.linkedin.com/in/shaun-santino-sphr-b28bb6110","Jaclyn Leaver","https://www.linkedin.com/in/jaclynleaver","2016-04-05 02:11:15 UTC","","How is it going for you out there?","INBOX",""
"2-NDI1NTA2NGItYWZiMS01Yzc0LWE2YTYtZWIyODljN2YyZWQxXzAwMA==","","Jaclyn Leaver","https://www.linkedin.com/in/jaclynleaver","Shaun Santino, SPHR","https://www.linkedin.com/in/shaun-santino-sphr-b28bb6110","2016-04-05 02:05:02 UTC","","Awesome! Happy for you!","INBOX",""
"2-NDI1NTA2NGItYWZiMS01Yzc0LWE2YTYtZWIyODljN2YyZWQxXzAwMA==","","Shaun Santino, SPHR","https://www.linkedin.com/in/shaun-santino-sphr-b28bb6110","Jaclyn Leaver","https://www.linkedin.com/in/jaclynleaver","2016-04-05 02:04:11 UTC","","I'm just getting into it but I love it do far.","INBOX",""
"2-NDI1NTA2NGItYWZiMS01Yzc0LWE2YTYtZWIyODljN2YyZWQxXzAwMA==","","Jaclyn Leaver","https://www.linkedin.com/in/jaclynleaver","Shaun Santino, SPHR","https://www.linkedin.com/in/shaun-santino-sphr-b28bb6110","2016-04-05 02:00:17 UTC","","Do you like your job?","INBOX",""
"2-NDI1NTA2NGItYWZiMS01Yzc0LWE2YTYtZWIyODljN2YyZWQxXzAwMA==","","Jaclyn Leaver","https://www.linkedin.com/in/jaclynleaver","Shaun Santino, SPHR","https://www.linkedin.com/in/shaun-santino-sphr-b28bb6110","2016-04-05 01:59:17 UTC","","Oh nice!!","INBOX",""
"2-NDI1NTA2NGItYWZiMS01Yzc0LWE2YTYtZWIyODljN2YyZWQxXzAwMA==","","Shaun Santino, SPHR","https://www.linkedin.com/in/shaun-santino-sphr-b28bb6110","Jaclyn Leaver","https://www.linkedin.com/in/jaclynleaver","2016-04-05 01:58:16 UTC","","I'm in North OKC but travel the southern part of OK and Amarillo for work","INBOX",""
"2-NDI1NTA2NGItYWZiMS01Yzc0LWE2YTYtZWIyODljN2YyZWQxXzAwMA==","","Jaclyn Leaver","https://www.linkedin.com/in/jaclynleaver","Shaun Santino, SPHR","https://www.linkedin.com/in/shaun-santino-sphr-b28bb6110","2016-04-05 01:56:12 UTC","","Hahaha, are you in Edmond these days?!","INBOX",""
"2-NDI1NTA2NGItYWZiMS01Yzc0LWE2YTYtZWIyODljN2YyZWQxXzAwMA==","","Shaun Santino, SPHR","https://www.linkedin.com/in/shaun-santino-sphr-b28bb6110","Jaclyn Leaver","https://www.linkedin.com/in/jaclynleaver","2016-04-04 23:52:33 UTC","","Life is good in OK. Well it's as good as it can be since I still live in OK lol","INBOX",""
"2-NDI1NTA2NGItYWZiMS01Yzc0LWE2YTYtZWIyODljN2YyZWQxXzAwMA==","","Jaclyn Leaver","https://www.linkedin.com/in/jaclynleaver","Shaun Santino, SPHR","https://www.linkedin.com/in/shaun-santino-sphr-b28bb6110","2016-04-04 23:14:02 UTC","","Thanks, Santino!! Hope you are doing well, too. 

Best,
Jaclyn ","INBOX",""
"2-NDI1NTA2NGItYWZiMS01Yzc0LWE2YTYtZWIyODljN2YyZWQxXzAwMA==","","Shaun Santino, SPHR","https://www.linkedin.com/in/shaun-santino-sphr-b28bb6110","Jaclyn Leaver","https://www.linkedin.com/in/jaclynleaver","2016-04-04 21:30:24 UTC","","Congrats on the anniversary! Hope you're doing well.","INBOX",""
"2-OWU2MTUzNTEtYTI3Yi01YTQxLWFjNjUtN2UyY2I4MjdiY2EyXzAwMA==","","LinkedIn Member","","Jaclyn Leaver","https://www.linkedin.com/in/jaclynleaver","2015-12-10 17:59:23 UTC","","Loving it :)","INBOX",""
"2-OWU2MTUzNTEtYTI3Yi01YTQxLWFjNjUtN2UyY2I4MjdiY2EyXzAwMA==","","LinkedIn Member","","Jaclyn Leaver","https://www.linkedin.com/in/jaclynleaver","2015-12-10 17:57:18 UTC","","Delighted :)
Regards
Jk","INBOX",""
"2-ZmIzYTk2Y2QtNjQxYy01MzZlLWFjNzktZTJlYTU2ZGI5ODE0XzAwMA==","","Jaclyn Leaver","https://www.linkedin.com/in/jaclynleaver","Lou Dalrymple","https://www.linkedin.com/in/lou-dalrymple-3a572b29","2015-08-07 02:45:28 UTC","","Yessir :) 

","INBOX",""
"2-ZmIzYTk2Y2QtNjQxYy01MzZlLWFjNzktZTJlYTU2ZGI5ODE0XzAwMA==","","Lou Dalrymple","https://www.linkedin.com/in/lou-dalrymple-3a572b29","Jaclyn Leaver","https://www.linkedin.com/in/jaclynleaver","2015-08-07 01:49:24 UTC","","_","INBOX",""
"2-NjJlYjBkZDAtNTkzNC01MTgzLWE3OWMtMzUxNTdmMjEzYjE1XzAwMA==","","Jaclyn Leaver","https://www.linkedin.com/in/jaclynleaver","Leslie Fox","https://www.linkedin.com/in/devcondg","2015-07-31 17:38:23 UTC","","Hi Leslie,

Thanks for the warm welcome! Great to know there are others like me on the west coast. ;) Let me know if you're ever in the San Francisco area and we can grab a coffee. 

Jaclyn 

","INBOX",""
"2-NjJlYjBkZDAtNTkzNC01MTgzLWE3OWMtMzUxNTdmMjEzYjE1XzAwMA==","","Leslie Fox","https://www.linkedin.com/in/devcondg","Jaclyn Leaver","https://www.linkedin.com/in/jaclynleaver","2015-07-28 00:20:29 UTC","","Hi Jaclyn:

Saw your post. Welcome to the hood ... I do a good bit of consulting (UN, WB, USAID) in the democracy / governance field ... not too many of us on this side of the continent ... I live in Sacramento so even fewer opportunities to connect with other professionals with similar interest ... 

Leslie","INBOX",""
"2-M2EzZDMyMGQtYjBmNC01Y2QxLTgxZWMtNDYyZjMyZjUyOGI0XzAwMA==","","Jay Braden","https://www.linkedin.com/in/jay-braden-44bb172","Jaclyn Leaver","https://www.linkedin.com/in/jaclynleaver","2015-06-21 04:28:54 UTC","","Happy Birthday Jaclyn,

I hope you're having a great one! ;-)

By the way, do you still use ""ruhaleaver@hotmail.com""? I sent you an email there a few days ago — had a question re: some service work — and was wondering whether it got through.

Best to you, 
 
Jay","INBOX",""
"2-OWM4ODY0ZTEtNTUxMS01YWNhLWFhYjYtZTQ3Y2M3N2EyM2I2XzAwMA==","","Andre Avaregan","https://www.linkedin.com/in/andre-avaregan-3b55086","Jaclyn Leaver","https://www.linkedin.com/in/jaclynleaver","2015-04-02 04:23:51 UTC","","I’ve been using Connected to keep in touch with my connections. Check it out! Download it here: http://lnkd.in/connected-invite-stl

Sent via LinkedIn Connected.
","INBOX",""
"2-MzRjM2VhNjktYjYxOS01MWE3LWJjMTUtODhkMjg2YzlkMzZmXzAwMA==","","Jaclyn Leaver","https://www.linkedin.com/in/jaclynleaver","Irshad Aryaan","https://www.linkedin.com/in/irshadaryaan","2014-06-20 19:05:09 UTC","","Thank you! 

Sent from LinkedIn for iPhone
http://lnkd.in/ios

","INBOX",""
"2-MzRjM2VhNjktYjYxOS01MWE3LWJjMTUtODhkMjg2YzlkMzZmXzAwMA==","","Irshad Aryaan","https://www.linkedin.com/in/irshadaryaan","Jaclyn Leaver","https://www.linkedin.com/in/jaclynleaver","2014-06-20 18:33:12 UTC","","Happy Birthday Jaclyn! 
 
Irshad","INBOX",""
"2-Y2NhMTk0ZTItOTE4OC01ZWQ0LTlmNGYtZDc3NjcwM2ZlZDUyXzAwMA==","","Jaclyn Leaver","https://www.linkedin.com/in/jaclynleaver","Eden Golshani","https://www.linkedin.com/in/edengol","2014-04-26 15:35:43 UTC","","Hey Eden! 
Sorry for the delayed response. It would be great to get together for lunch and/or a tour of Twitter! I am living in Berkeley, in the Elmwood area. My number is 405-834-7488. Hope we can meet up soon! 

Sent from LinkedIn for iPhone
http://lnkd.in/ios

","INBOX",""
"2-Y2NhMTk0ZTItOTE4OC01ZWQ0LTlmNGYtZDc3NjcwM2ZlZDUyXzAwMA==","","Eden Golshani","https://www.linkedin.com/in/edengol","Jaclyn Leaver","https://www.linkedin.com/in/jaclynleaver","2014-04-04 22:30:30 UTC","","Yeah I guess I knew you were at external affairs but alas we didn't cross paths. My schedule actually is pretty free - seems like much less obligations than I had on the east coast. We can do lunch or something on a weekend and you are always welcome to come to SF for a tour and free extravagant lunch @twitter.  Are you living in Berkeley?  Whereabouts?

Sent from LinkedIn for iPhone
http://lnkd.in/ios

","INBOX",""
"2-Y2NhMTk0ZTItOTE4OC01ZWQ0LTlmNGYtZDc3NjcwM2ZlZDUyXzAwMA==","","Jaclyn Leaver","https://www.linkedin.com/in/jaclynleaver","Eden Golshani","https://www.linkedin.com/in/edengol","2014-04-04 22:26:32 UTC","","Yeah! Awesome. We lived close on the east coast too and didn't even know it! I was in DC! We should definitely get together soon. I'm a little busy over the next two weeks but after that things are a little calmer. Let me know your schedule! 

Sent from LinkedIn for iPhone
http://lnkd.in/ios

","INBOX",""
"2-Y2NhMTk0ZTItOTE4OC01ZWQ0LTlmNGYtZDc3NjcwM2ZlZDUyXzAwMA==","","Eden Golshani","https://www.linkedin.com/in/edengol","Jaclyn Leaver","https://www.linkedin.com/in/jaclynleaver","2014-04-04 22:24:06 UTC","","I'm live in Oakland with my wife and two girls. Moved in January from MD to take a job with twitter!  Would love to catch up sometime. 

Sent from LinkedIn for iPhone
http://lnkd.in/ios","INBOX",""
"2-MWVhNDQwMzYtYmYwZS01ZGRhLWFiNWUtM2YxZjNkYjJjZmEzXzAwMA==","","Jaclyn Leaver","https://www.linkedin.com/in/jaclynleaver","LinkedIn Member","","2014-02-19 00:18:55 UTC","","Yes! Got the job! Moving in March to Berkeley!

Sent from LinkedIn for iPhone
http://lnkd.in/ios

","INBOX",""
"2-MWVhNDQwMzYtYmYwZS01ZGRhLWFiNWUtM2YxZjNkYjJjZmEzXzAwMA==","","Jaclyn Leaver","https://www.linkedin.com/in/jaclynleaver","LinkedIn Member","","2014-02-08 14:00:04 UTC","","Great to hear! Thanks! Yeah, my life is actually in a major transition stage. I'm just getting ready to take a new job in Berkeley, California. I'm ready to get off the east coast. Ha. But things aren't finalized yet so please keep it on the DL. Are you back in Oklahoma? 

Sent from LinkedIn for iPhone
http://lnkd.in/ios

","INBOX",""
"2-MWVhNDQwMzYtYmYwZS01ZGRhLWFiNWUtM2YxZjNkYjJjZmEzXzAwMA==","","Jaclyn Leaver","https://www.linkedin.com/in/jaclynleaver","LinkedIn Member","","2014-02-08 13:56:04 UTC","","Hey there! I miss you too. How is everything?! 

Sent from LinkedIn for iPhone
http://lnkd.in/ios

","INBOX",""
"2-MWVhNDQwMzYtYmYwZS01ZGRhLWFiNWUtM2YxZjNkYjJjZmEzXzAwMA==","","Jaclyn Leaver","https://www.linkedin.com/in/jaclynleaver","LinkedIn Member","","2012-11-05 16:47:53 UTC","","Hey Jill,
Thanks so much! How's everything going with you?! 
j

","INBOX",""
"2-Y2VjZmY4YTAtODg5Zi01MTAzLWI0YWYtNWZhNWFlMGM2MzdiXzAwMA==","","Jaclyn Leaver","https://www.linkedin.com/in/jaclynleaver","George Richter-Addo","https://www.linkedin.com/in/george-richter-addo-0153429","2014-01-22 14:20:07 UTC","","Great to hear from you too! Hope you are doing well. My phone number is 405-834-7488 and email is ruhaleaver@hotmail.com. How are things going in Norman?

","INBOX",""
"2-Y2VjZmY4YTAtODg5Zi01MTAzLWI0YWYtNWZhNWFlMGM2MzdiXzAwMA==","","George Richter-Addo","https://www.linkedin.com/in/george-richter-addo-0153429","Jaclyn Leaver","https://www.linkedin.com/in/jaclynleaver","2014-01-22 05:35:26 UTC","","Sooooo nice to hear from you!!!!   You have made my day/night.  My contact info:    email is gbra007@gmail.com,  and cell is 405-306-0517.   Miss you!

As ever,  George","INBOX",""
"2-NzY5ZDhhM2EtYTQ0OS01MzNjLTkyMmMtYTQ2NDA4YTliZmNkXzAwMA==","","Jaclyn Leaver","https://www.linkedin.com/in/jaclynleaver","Mandy Mehdizadeh","https://www.linkedin.com/in/mandymehdizadeh","2014-01-11 13:23:30 UTC","","Haha, thanks Mandy! Hope you're well. 

Sent from LinkedIn for iPhone
http://lnkd.in/ios

","INBOX",""
"2-NzY5ZDhhM2EtYTQ0OS01MzNjLTkyMmMtYTQ2NDA4YTliZmNkXzAwMA==","","Mandy Mehdizadeh","https://www.linkedin.com/in/mandymehdizadeh","Jaclyn Leaver","https://www.linkedin.com/in/jaclynleaver","2014-01-11 06:35:59 UTC","","That I love your photo x

Sent from LinkedIn for iPhone
http://lnkd.in/ios","INBOX",""
"2-NDkwYWNmNTEtZmFiYi01MzFmLThhZWUtYmZkODZlNGZlZWMxXzAwMA==","","Shiva Teunisse","https://www.linkedin.com/in/shivateunisse","LinkedIn Member,Nabil Atta Samandari,Wendi Momen MBE JP FRSA,Carmel Momen,Layli Miller-Muro,World Citizen Site,Lisa Shawn Singfield,Tom Mennillo,Jaclyn Leaver,Baha'i International","https://www.linkedin.com/in/nabil-atta-samandari-b6221238,https://www.linkedin.com/in/wendi-momen-mbe-jp-frsa-8b89a24,https://www.linkedin.com/in/carmel-momen-3b32b142,https://www.linkedin.com/in/layli-miller-muro,https://www.linkedin.com/in/world-citizen-site-7062b653,https://www.linkedin.com/in/lisa-shawn-singfield-523393a,https://www.linkedin.com/in/tom-mennillo-623b4310,https://www.linkedin.com/in/jaclynleaver,https://www.linkedin.com/in/baha-i-international-25402a17","2013-12-04 02:16:10 UTC","","Dear Friends,

Hope this message finds you all well.

I need some urgent assistance with web development for the Yerrinbool Baha'i Centre of Learning website (ybcl.org.au) and I do not know who to contact to assist me.

If you know someone who is able to offer their services (or for a reasonable fee) set up an enrolment page on wordpress with paypal payment can you please provide me with their contact details or ask them to contact me.

Thank you so much for your assistance and I am deeply sorry if this is an inconvenience. I did not know where else to turn.

Warmest greetings,
Shiva Teunisse
shiva.teunisse@gmail.com
0417 360 447","INBOX",""
"2-YmIwYmM5MTktNmNhMy01YTMyLTg4YWEtOTA0YmFlZGE2MDg3XzAwMA==","","Nima Rafiei, CAMS","https://www.linkedin.com/in/nrafiei","Jaclyn Leaver","https://www.linkedin.com/in/jaclynleaver","2013-06-12 07:15:26 UTC","","Allah'u'Abha Jaclyn,

It's nice to find you on LinkedIn, many thanks for accepting my invitation to connect. It seems we have similar academic backgrounds and pursuits. I would like to ask you if you know of any opportunities with the Office of External Affairs/Public Affairs that involve outreach with the Iranian or Arab Baha'i communities here or abroad?

I recently graduated from the University of Minnesota with a Bachelor of Arts in History and Political Science. My concentration is in International Relations, my minor is in Middle Eastern Studies, and I studied both Persian and Arabic languages extensively. I did exceptionally well in my classes on the Middle East and both Persian and Arabic. I am very interested in opportunities to apply my background with these languages in serving the Baha'i Community. I appreciate any feedback and guidance in this regard. 

Warm Regards,
Nima Rafiei","INBOX",""
"2-NzljOTViM2QtM2IwYS01OTk4LWIwNjgtZDBkZDIwNmU2MTNkXzAwMA==","","Jaclyn Leaver","https://www.linkedin.com/in/jaclynleaver","Patrick Hertzke","https://www.linkedin.com/in/patrickhertzke","2012-07-31 14:09:44 UTC","","this is fascinating! 

thanks so much for sharing that article and the historical background. we are in big trouble it seems. this may be a series of silly questions, but in your opinion, how will Obama's healthcare system help all the problems we currently have? also, how do we cut these costs and help educate our citizens so they can put pressure on the insurers and providers? it seems like it's so confusing (shocker.) that people can't be bothered to figure it out. also, from that article, it doesn't seem that there is any evidence that the amount we spend (way more) relative to other countries is actually helping people more. 

sorry for all the questions. i am super nerdy and find this stuff really interesting. also, i LOVE policy options. ha. :) 

","INBOX",""
"2-NzljOTViM2QtM2IwYS01OTk4LWIwNjgtZDBkZDIwNmU2MTNkXzAwMA==","","Jaclyn Leaver","https://www.linkedin.com/in/jaclynleaver","Patrick Hertzke","https://www.linkedin.com/in/patrickhertzke","2012-07-25 18:44:21 UTC","","these numbers are much higher than i thought they would be. not bad, america. not bad. not great though. i mean a 6 for efficiency of money spent. this is not surprising at all! just sad. why is the system so complex? this is probably a loaded question. 

","INBOX",""
"2-NzljOTViM2QtM2IwYS01OTk4LWIwNjgtZDBkZDIwNmU2MTNkXzAwMA==","","Jaclyn Leaver","https://www.linkedin.com/in/jaclynleaver","Patrick Hertzke","https://www.linkedin.com/in/patrickhertzke","2012-07-25 18:37:33 UTC","","on a scale of 1 - 10, how bad is the US healthcare system, honestly? 

","INBOX",""
"2-NzljOTViM2QtM2IwYS01OTk4LWIwNjgtZDBkZDIwNmU2MTNkXzAwMA==","","Jaclyn Leaver","https://www.linkedin.com/in/jaclynleaver","Patrick Hertzke","https://www.linkedin.com/in/patrickhertzke","2012-07-25 18:31:37 UTC","","thanks! it's just something to tie me over til i get a job in my field but i actually really like it. i'm learning so much about Texas law. 
hope you're enjoying your super vague consulting job. :)

","INBOX",""
"2-NzljOTViM2QtM2IwYS01OTk4LWIwNjgtZDBkZDIwNmU2MTNkXzAwMA==","","Jaclyn Leaver","https://www.linkedin.com/in/jaclynleaver","Patrick Hertzke","https://www.linkedin.com/in/patrickhertzke","2012-07-25 18:30:15 UTC","","thanks! it's something to tie me over til i get a job in my field but i actually really like it. i'm learning so much about Texas law. 
hope you are enjoying your super vague consulting job. :) 

","INBOX",""
"2-ZTNiMWU2MTEtNjk4YS01NmNlLTg2MGItNTk2OGQ2OTA0ZWYzXzAwMA==","","Jaclyn Leaver","https://www.linkedin.com/in/jaclynleaver","Liam O'Toole","https://www.linkedin.com/in/liam-o-toole-738a114b","2012-06-23 16:58:26 UTC","","Hey Liam,

Great to hear from you! I think a ""Howdy, Welcome to Texas"" is in order. :)
The job hunt is pretty brutal, hang in there! I'm sure you will find something soon. Just keep pushing through. I am actually in the same boat as you. I just finished getting my Masters from UT (in May) and am currently looking for work. It's rough but I'm just trying to stay hopeful! 

Glad to hear Theresa and the boys are doing well. Please send them my love and let me know if you guys are ever in the Austin area! It would be great to catch up.

Take care,
Jaclyn 

","INBOX",""
"2-NjA4ODIwNDktYjAwMi01YzAzLWJhZmEtN2U1MzA5Y2IyZTkwXzAwMA==","","Jaclyn Leaver","https://www.linkedin.com/in/jaclynleaver","Barmak Kusha, MPH, CIC","https://www.linkedin.com/in/barmakkusha","2012-06-22 19:32:51 UTC","","Great to hear from you too, Barmak!
Hope you are doing well.
Much love,
Jaclyn 

","INBOX",""
"2-NTE3NmFiOGMtYWQyMC00OTViLWI4YmUtNDM4MmNiMzJlYWE4XzEwMA==","Showcase your startup to global investors","Ricardo Lima","","Jaclyn Leaver","https://www.linkedin.com/in/jaclynleaver","2026-03-27 01:52:06 UTC","","<p class=""spinmail-quill-editor__spin-break"">Hi Jaclyn,</p><p class=""spinmail-quill-editor__spin-break""><br></p><p class=""spinmail-quill-editor__spin-break"">Ricardo here from Web Summit.</p><p class=""spinmail-quill-editor__spin-break""><br></p><p class=""spinmail-quill-editor__spin-break"">Web Summit is returning to Vancouver this May, and we’re now accepting applications from startups to exhibit as part of our Startup Program.</p><p class=""spinmail-quill-editor__spin-break""><br></p><p class=""spinmail-quill-editor__spin-break"">This program is designed specifically for early-stage and scaling startups looking to showcase their product and connect with the global tech ecosystem at Web Summit Rio.</p><p class=""spinmail-quill-editor__spin-break""><br></p><p class=""spinmail-quill-editor__spin-break"">If your company qualifies, selected startups will have the opportunity to:</p><ul><li>Connect directly with 700+ investors</li><li>Gain international media exposure</li><li>Meet potential partners and customers</li><li>Access investor-led masterclasses and mentoring</li></ul><p class=""spinmail-quill-editor__spin-break""><br></p><p class=""spinmail-quill-editor__spin-break"">If you think Spellwell could be a good fit, you can apply through the form below.</p><p class=""spinmail-quill-editor__spin-break""><br></p><p class=""spinmail-quill-editor__spin-break"">Look forward to hearing from you,</p><p class=""spinmail-quill-editor__spin-break""><br></p><p class=""spinmail-quill-editor__spin-break"">Ricardo</p>","ARCHIVE",""
"2-NmY2N2M2YmQtMWEzMC00NmVlLWJhYjYtY2RhNWYwZTk1NzkwXzEwMA==","Invitation Enclosed!","Kristine McCarthy","","Jaclyn Leaver","https://www.linkedin.com/in/jaclynleaver","2026-03-20 00:45:19 UTC","","<p class=""spinmail-quill-editor__spin-break"">Hello Jaclyn,</p><p class=""spinmail-quill-editor__spin-break""><br></p><p class=""spinmail-quill-editor__spin-break"">We recently came across your profile and would like to invite you to apply for inclusion in the 2026 edition of&nbsp;<em>Who's Who in America!</em></p><p class=""spinmail-quill-editor__spin-break""><br></p><p class=""spinmail-quill-editor__spin-break"">There is no cost or obligation to be included in Who's Who in America!</p><p class=""spinmail-quill-editor__spin-break""><br></p><p class=""spinmail-quill-editor__spin-break"">This is an Invitation- Only opportunity and inclusion is contingent upon verification and acceptance by the Marquis Submissions Department.</p><p class=""spinmail-quill-editor__spin-break""><br></p><p class=""spinmail-quill-editor__spin-break"">Marquis has been publishing the biographies of the world's most influential professionals since 1898. Inclusion is considered by many to be the pinnacle of success!</p><p class=""spinmail-quill-editor__spin-break""><br></p><p class=""spinmail-quill-editor__spin-break"">We hope you'll consider applying to be a part of this 125+ year long tradition!</p>","ARCHIVE",""
"2-N2U3ZWFjNGYtZjc5OS00ZGEzLTk5NTMtYjczMTY0OTJjYzMxXzEwMA==","Board Positions ","Lisa Williams","","Jaclyn Leaver","https://www.linkedin.com/in/jaclynleaver","2026-03-12 23:04:21 UTC","","<p class=""spinmail-quill-editor__spin-break"">Your background matches some of our paid board and advisory positions that we have been retained to do a search for and present candidates to. We would love to have a discussion with you! Please schedule a call at your earliest convenience. See calendar below.</p><p class=""spinmail-quill-editor__spin-break""><br></p><p class=""spinmail-quill-editor__spin-break""><a rel=""noopener"" href=""https://calendly.com/boardsi/board-seat-inquiry-l34?month=2025-06&li_fat_id=fa11e0d8-dd40-44af-9695-2699868229a1"" target=""_blank"">https://calendly.com/boardsi/board-seat-inquiry-l34?month=2025-06</a></p>","ARCHIVE",""
"2-ZWEyMmZiNGYtNzBjMS00Y2RlLThkYWYtMWY1ZGY4NDE0YWFlXzEwMA==","Hi ","Nikita Garg","","Jaclyn Leaver","https://www.linkedin.com/in/jaclynleaver","2026-03-04 23:01:49 UTC","","<p class=""spinmail-quill-editor__spin-break"">Hi Jaclyn!</p><p class=""spinmail-quill-editor__spin-break""><br></p><p class=""spinmail-quill-editor__spin-break"">I'm Nikita, Director at&nbsp;<a rel=""noopener"" href=""https://marquee-equity.com/"" target=""_blank"">Marquee Equity</a>&nbsp;and I'm reaching out to ask if Spellwell is raising capital in the near future?</p><p class=""spinmail-quill-editor__spin-break""><br></p><p class=""spinmail-quill-editor__spin-break"">Over the last 8 years, we've worked with over 5,000 companies and investment funds in helping them raise. Recent examples include Brandworks ($7M), Baibys ($3M), Qolo ($4M) and several others.</p><p class=""spinmail-quill-editor__spin-break""><br></p><p class=""spinmail-quill-editor__spin-break""><strong>We help in two ways:</strong></p><p class=""spinmail-quill-editor__spin-break""><br></p><p class=""spinmail-quill-editor__spin-break"">1. Build and refine pitch decks and 5 year financial forecasts</p><p class=""spinmail-quill-editor__spin-break""><br></p><p class=""spinmail-quill-editor__spin-break"">2. Help get meetings from our network of 50,000+ HNIs, family offices, VC/PE funds and Hedge Funds</p><p class=""spinmail-quill-editor__spin-break""><br></p><p class=""spinmail-quill-editor__spin-break"">We also help with M&amp;A - helping companies find buyers for their businesses.</p><p class=""spinmail-quill-editor__spin-break""><br></p><p class=""spinmail-quill-editor__spin-break""><strong><em>We cover 95% of the private and institutional investors in North America, Europe, Asia and the Middle East.</em></strong></p><p class=""spinmail-quill-editor__spin-break""><br></p><p class=""spinmail-quill-editor__spin-break"">We have an excellent rating from clients and <a rel=""noopener"" href=""https://marquee-equity.com/testimonials/"" target=""_blank"">you can view several testimonials here.</a></p><p class=""spinmail-quill-editor__spin-break""><br></p><p class=""spinmail-quill-editor__spin-break"">If you're raising capital/looking to sell your business in the next 3-12 months, I'd be delighted to speak to you to determine if there's a fit.</p><p class=""spinmail-quill-editor__spin-break""><br></p><p class=""spinmail-quill-editor__spin-break""><a rel=""noopener"" href=""https://calendly.com/nikitagarg-marquee-equity"" target=""_blank"">You can book a call with me here</a></p><p class=""spinmail-quill-editor__spin-break""><br></p><p class=""spinmail-quill-editor__spin-break"">Thanks!</p><p class=""spinmail-quill-editor__spin-break""><br></p><p class=""spinmail-quill-editor__spin-break"">Nikita</p><p class=""spinmail-quill-editor__spin-break""><br></p><p class=""spinmail-quill-editor__spin-break""><strong>Director, Marquee Equity</strong></p><p class=""spinmail-quill-editor__spin-break""><strong>Whatsapp:</strong>&nbsp;+91 844 711 6414</p><p class=""spinmail-quill-editor__spin-break""><strong>Email:</strong>&nbsp;nikita@marquee-equity.com</p>","ARCHIVE",""
"2-OWIwODJjZWYtMDQxZS00NzA4LTkwNDAtZjU3OTRkN2NiYjY3XzEwMA==","Free strategy call with your dedicated ad expert","LinkedIn for Marketing","","Jaclyn Leaver","https://www.linkedin.com/in/jaclynleaver","2026-02-28 20:57:38 UTC","","<p class=""spinmail-quill-editor__spin-break"">Hi Jaclyn</p><p class=""spinmail-quill-editor__spin-break""><br></p><p class=""spinmail-quill-editor__spin-break"">Need answers to your LinkedIn Ads questions? Let your dedicated account manager help. The consultation is designed to give you actionable tips and performance insights.</p><p class=""spinmail-quill-editor__spin-break"">No strings attached—just real value.</p>","ARCHIVE",""
"2-YjE5MmM4ODMtNDk4ZS00YWFlLTg0MDAtYzBjMThiZmI4YjliXzEwMA==","Sponsored Conversation","LinkedIn Member","","Jaclyn Leaver","https://www.linkedin.com/in/jaclynleaver","2026-02-23 22:49:50 UTC","","<p class=""spinmail-quill-editor__spin-break"">I’ve been asked to reach out to you in regards to paid board and advisory positions. Your back ground matches a few positions that may be a great fit. We would love to have a discussion with you. Please schedule a call at your earliest convenience. See calendar below.</p><p class=""spinmail-quill-editor__spin-break""><br></p><p class=""spinmail-quill-editor__spin-break""><br></p><p class=""spinmail-quill-editor__spin-break""><a href=""https://calendly.com/boardsi/board-seat-inquiry-l34?month=2025-06"" rel=""noopener nofollow"" target=""_blank"" class=""ql-link"">https://calendly.com/boardsi/board-seat-inquiry-l34?month=2025-06</a></p>","ARCHIVE",""
"2-NjVlNmQ0M2ItNWU2ZS00ZmMxLTliNTEtMGRmODM2NWU2N2E3XzEwMA==","Let’s connect, founder to founder 💫","Stephanie (Abrams) Cartin","","Jaclyn Leaver","https://www.linkedin.com/in/jaclynleaver","2026-02-14 22:25:00 UTC","","<p class=""spinmail-quill-editor__spin-break"">Hi Jaclyn,</p><p class=""spinmail-quill-editor__spin-break""><br></p><p class=""spinmail-quill-editor__spin-break"">It's so great to connect with you and congrats on all you’ve accomplished at myTrudy! I know we haven’t personally connected yet, so I’m truly looking forward to getting to know you, too!</p><p class=""spinmail-quill-editor__spin-break""><br></p><p class=""spinmail-quill-editor__spin-break"">I’m Stephanie - founder, podcast host, mom, and co-creator of the Entreprenista League, the most supportive community for founders. I saw your LinkedIn and knew I needed to reach out!</p><p class=""spinmail-quill-editor__spin-break""><br></p><p class=""spinmail-quill-editor__spin-break"">Over the past 10+ years, I’ve had the privilege of building two 7-figure businesses, but what’s been most rewarding is connecting with and championing other women along the way. And if there’s one thing I’ve learned, it’s this: real business growth doesn’t come from working harder—it comes from access.</p><p class=""spinmail-quill-editor__spin-break""><br></p><p class=""spinmail-quill-editor__spin-break"">Access to:</p><p class=""spinmail-quill-editor__spin-break"">→ Founders who’ve already built what you’re building</p><p class=""spinmail-quill-editor__spin-break"">→ Experts who open doors to press, partnerships, and capital</p><p class=""spinmail-quill-editor__spin-break"">→ Women who genuinely want to see you succeed</p><p class=""spinmail-quill-editor__spin-break""><br></p><p class=""spinmail-quill-editor__spin-break"">That’s exactly why we created the Entreprenista League. It’s more than a community... it’s where business best friends are made, where real conversations turn into press features, referrals, and strategic partnerships, and where women support each other through the highs <em>and</em> the hard moments.</p><p class=""spinmail-quill-editor__spin-break""><br></p><p class=""spinmail-quill-editor__spin-break"">If that kind of connection and access has been missing, I’d love to personally invite you to an upcoming Info &amp; Networking Session. It’s a behind-the-scenes look at how our members are growing their businesses together, and everything you’ll get access to as part of the community.</p><p class=""spinmail-quill-editor__spin-break""><br></p><p class=""spinmail-quill-editor__spin-break"">Excited to meet you and cheer you on in your journey!</p><p class=""spinmail-quill-editor__spin-break""><br></p><p class=""spinmail-quill-editor__spin-break"">Warmly,</p><p class=""spinmail-quill-editor__spin-break"">Stephanie Cartin</p><p class=""spinmail-quill-editor__spin-break"">Co-Founder, Entreprenista</p>","ARCHIVE",""
"2-ZDMwZWJiNjAtZWEwZS00NjU5LTljMGUtMjM5MDBhM2I1NTQxXzEwMA==","Want more customers? CTV could be your secret weapon.","Arthur ✌️ Querou","","Jaclyn Leaver","https://www.linkedin.com/in/jaclynleaver","2026-02-04 20:28:26 UTC","","<p class=""spinmail-quill-editor__spin-break"">Hey Jaclyn-</p><p class=""spinmail-quill-editor__spin-break""><br></p><p class=""spinmail-quill-editor__spin-break"">We recently rolled out a way for B2C companies to <strong>retarget their audiences across 500+ premium CTV channels</strong> like ESPN, Peacock, and Max... all with budgets starting at $50/day.</p><p class=""spinmail-quill-editor__spin-break""><br></p><p class=""spinmail-quill-editor__spin-break"">Brands like Meshki, Padyo, and King Kanine are seeing <strong>400%+ ROAS</strong> by layering CTV onto their existing campaigns.</p><p class=""spinmail-quill-editor__spin-break""><br></p><p class=""spinmail-quill-editor__spin-break"">Worth exploring what this could look like for you?</p><p class=""spinmail-quill-editor__spin-break""><br></p><p class=""spinmail-quill-editor__spin-break""><strong>Just fill out the form... I’ll follow up with more details.</strong></p>","ARCHIVE",""
"2-NDIyYzc2ZmUtY2M5OC00Yjc0LTgyN2MtZjc0YThjODZhNWMwXzEwMA==","Invitation Enclosed!","Kristine McCarthy","","Jaclyn Leaver","https://www.linkedin.com/in/jaclynleaver","2026-01-26 16:34:44 UTC","","<p class=""spinmail-quill-editor__spin-break"">Hello Jaclyn,</p><p class=""spinmail-quill-editor__spin-break""><br></p><p class=""spinmail-quill-editor__spin-break"">We recently came across your profile and would like to invite you to apply for inclusion in the 2026 edition of&nbsp;<em>Who's Who in America!</em></p><p class=""spinmail-quill-editor__spin-break""><br></p><p class=""spinmail-quill-editor__spin-break"">There is no cost or obligation to be included in Who's Who in America!</p><p class=""spinmail-quill-editor__spin-break""><br></p><p class=""spinmail-quill-editor__spin-break"">This is an Invitation- Only opportunity and inclusion is contingent upon verification and acceptance by the Marquis Submissions Department.</p><p class=""spinmail-quill-editor__spin-break""><br></p><p class=""spinmail-quill-editor__spin-break"">Marquis has been publishing the biographies of the world's most influential professionals since 1898. Inclusion is considered by many to be the pinnacle of success!</p><p class=""spinmail-quill-editor__spin-break""><br></p><p class=""spinmail-quill-editor__spin-break"">We hope you'll consider applying to be a part of this 125+ year long tradition!</p>","ARCHIVE",""
"2-NjExNzgyNzQtNjkyYi00OWZjLWJhZDMtZjVmY2EyYjNkMGFjXzEwMA==","Sponsored Conversation","LinkedIn Member","","Jaclyn Leaver","https://www.linkedin.com/in/jaclynleaver","2026-01-19 20:18:56 UTC","","<p class=""spinmail-quill-editor__spin-break"">Hi %FIRSTNAME%,</p><p class=""spinmail-quill-editor__spin-break""><br></p><p class=""spinmail-quill-editor__spin-break"">Did you know that brands see a 33% increase in purchase intent from ad exposure on LinkedIn?</p><p class=""spinmail-quill-editor__spin-break""><br></p><p class=""spinmail-quill-editor__spin-break"">Like you, however, many brand marketers are always on the lookout for ways to maximize their results.</p><p class=""spinmail-quill-editor__spin-break""><br></p><p class=""spinmail-quill-editor__spin-break"">To help, we’re curated a collection of webinars on LinkedIn marketing that will give you insights to supercharge your next campaign.</p><p class=""spinmail-quill-editor__spin-break""><br></p><p class=""spinmail-quill-editor__spin-break"">Which topic are you most interested in?</p>","ARCHIVE",""
"2-MzQzYmU2NDItMWU2NC00NGZkLWI3MGItZjQ4NmRiYTM0MTRiXzEwMA==","2026 Women Leaders Scholarship Invitation","Matt Schenck","","Jaclyn Leaver","https://www.linkedin.com/in/jaclynleaver","2026-01-16 15:44:52 UTC","","<p class=""spinmail-quill-editor__spin-break"">Hi Jaclyn,</p><p class=""spinmail-quill-editor__spin-break""><br></p><p class=""spinmail-quill-editor__spin-break"">I lead Executive MBA Admissions at Quantic, a modern online business school built for the AI era, pushing elite business education beyond the constraints of traditional top business schools.</p><p class=""spinmail-quill-editor__spin-break""><br></p><p class=""spinmail-quill-editor__spin-break"">Based on your profile, I’d like to<a rel=""noopener"" href=""https://quantic.edu/invite/leaders-of-industry?utm_source=linkedin&utm_campaign=EMBA-Women-Scholarships-T0-V2&utm_medium=inmail&utm_content=Variant-E&li_fat_id=0a35e6dd-5d4c-41de-9cee-88dae226ef6d"" target=""_blank""> invite you to apply</a> with our <strong>Women Leaders of Industry Scholarship</strong>. This partial tuition award blends our mission of access in education with a financial incentive, empowering and elevating high-achieving women with perhaps the highest ROI business degree.</p><p class=""spinmail-quill-editor__spin-break""><br></p><p class=""spinmail-quill-editor__spin-break"">Learn more at<a rel=""noopener"" href=""https://quantic.edu/invite/leaders-in-healthcare?utm_source=linkedin&utm_campaign=EMBA-Women-Healthcare&utm_medium=inmail&utm_content=Updated-11.11.24-A&li_fat_id=0a35e6dd-5d4c-41de-9cee-88dae226ef6d"" target=""_blank""> </a><a rel=""noopener"" href=""https://quantic.edu/invite/leaders-of-industry?utm_source=linkedin&utm_campaign=EMBA-Women-Scholarships-T0-V2&utm_medium=inmail&utm_content=Variant-E&li_fat_id=0a35e6dd-5d4c-41de-9cee-88dae226ef6d"" target=""_blank"">https://quantic.edu/invite/leaders-of-industry</a>.</p><p class=""spinmail-quill-editor__spin-break""><br></p><p class=""spinmail-quill-editor__spin-break"">If admitted, you would join over 15,000 global alumni in our flexible, mobile-first degrees, delivering top MBA outcomes without the excessive cost. Beyond scholarships, many companies including Amazon and Microsoft sponsor our programs through standard tuition benefits, further reducing student costs.</p><p class=""spinmail-quill-editor__spin-break""><br></p><p class=""spinmail-quill-editor__spin-break"">Next step? Just<a rel=""noopener"" href=""https://quantic.edu/invite/leaders-of-industry?utm_source=linkedin&utm_campaign=EMBA-Women-Scholarships-T0-V2&utm_medium=inmail&utm_content=Variant-E&li_fat_id=0a35e6dd-5d4c-41de-9cee-88dae226ef6d"" target=""_blank""> sign up</a> to review scholarship details, sample courses, preview our alumni network, and start the free application before the upcoming deadline.</p><p class=""spinmail-quill-editor__spin-break""><br></p><p class=""spinmail-quill-editor__spin-break"">Best regards,</p><p class=""spinmail-quill-editor__spin-break"">Matt Schenck</p><p class=""spinmail-quill-editor__spin-break"">EVP, Admissions</p><p class=""spinmail-quill-editor__spin-break"">Quantic School of Business and Technology</p>","ARCHIVE",""
"2-ODY3NjZjMDgtZGQ1OC00NmQ3LTk3MmUtMzNhMzk4MmY1OTQyXzEwMA==","Want more customers? CTV could be your secret weapon.","Arthur ✌️ Querou","","Jaclyn Leaver","https://www.linkedin.com/in/jaclynleaver","2026-01-04 15:30:44 UTC","","<p class=""spinmail-quill-editor__spin-break"">Hey Jaclyn-</p><p class=""spinmail-quill-editor__spin-break""><br></p><p class=""spinmail-quill-editor__spin-break"">We recently rolled out a way for B2C companies to <strong>retarget their audiences across 500+ premium CTV channels</strong> like ESPN, Peacock, and Max... all with budgets starting at $50/day.</p><p class=""spinmail-quill-editor__spin-break""><br></p><p class=""spinmail-quill-editor__spin-break"">Brands like Meshki, Padyo, and King Kanine are seeing <strong>400%+ ROAS</strong> by layering CTV onto their existing campaigns.</p><p class=""spinmail-quill-editor__spin-break""><br></p><p class=""spinmail-quill-editor__spin-break"">Worth exploring what this could look like for you?</p><p class=""spinmail-quill-editor__spin-break""><br></p><p class=""spinmail-quill-editor__spin-break""><strong>Just fill out the form... I’ll follow up with more details.</strong></p>","ARCHIVE",""
"2-YzJkODRmOTUtOTAyYS00OWQyLTg3OWYtMDFlZGMxZDM3YzA2XzEwMA==","Sponsored Conversation","LinkedIn Member","","Jaclyn Leaver","https://www.linkedin.com/in/jaclynleaver","2025-12-19 19:33:43 UTC","","<p class=""spinmail-quill-editor__spin-break"">Your background matches some of our paid board and advisory positions that we have been retained to do a search for and present candidates to. We would love to have a discussion with you! Please schedule a call at your earliest convenience. </p><p class=""spinmail-quill-editor__spin-break""><br></p><p class=""spinmail-quill-editor__spin-break"">See calendar below.</p><p class=""spinmail-quill-editor__spin-break""><br></p><p class=""spinmail-quill-editor__spin-break""><a href=""https://calendly.com/boardsi/board-seat-inquiry-li43?month=2025-12"" rel=""noopener nofollow"" target=""_blank"" class=""ql-link"">https://calendly.com/boardsi/board-seat-inquiry-li43?month=2025-12</a></p>","ARCHIVE",""
"2-NDAwYTQ2YTYtNDBkMy00MTI2LThhNGItZmQwMjllNzY4NDJmXzEwMA==","CTV without the BS","Jordan VandeKamp","","Jaclyn Leaver","https://www.linkedin.com/in/jaclynleaver","2025-12-11 21:19:22 UTC","","<p class=""spinmail-quill-editor__spin-break"">Hi Jaclyn –</p><p class=""spinmail-quill-editor__spin-break""><br></p><p class=""spinmail-quill-editor__spin-break"">CTV used to burn DTC budgets. Not anymore.</p><p class=""spinmail-quill-editor__spin-break""><br></p><p class=""spinmail-quill-editor__spin-break"">This no-BS CTV playbook shows how to run streaming TV ads with clean supply, proven formats, real targeting, and lift you can actually measure.</p>","ARCHIVE",""
"2-ZjhjMzdhNzUtOWI5Zi00YTBjLWIwYTAtMjFiNWM4YTdkODJmXzEwMA==","Sponsored Conversation","LinkedIn Member","","Jaclyn Leaver","https://www.linkedin.com/in/jaclynleaver","2025-12-08 15:16:19 UTC","","<p class=""spinmail-quill-editor__spin-break"">Hey %FIRSTNAME%! Ever wondered how some brands effortlessly capture attention and drive results? The secret often lies in engaging the right people at the right time. In-Feed Video Ads on LinkedIn can help you drive growth at every stage of the sales cycle, making it a powerful ad format for your campaign.</p><p class=""spinmail-quill-editor__spin-break""><br></p><p class=""spinmail-quill-editor__spin-break"">Click “I’m interested!” to learn more.</p>","ARCHIVE",""
"2-YzhhNGM2MmEtZjgxYi00YmFiLTkwMWUtZjk1Nzk3ZGJhNDJjXzEwMA==","Want more customers? CTV could be your secret weapon.","Arthur ✌️ Querou","","Jaclyn Leaver","https://www.linkedin.com/in/jaclynleaver","2025-12-01 15:57:14 UTC","","<p class=""spinmail-quill-editor__spin-break"">Hey Jaclyn-</p><p class=""spinmail-quill-editor__spin-break""><br></p><p class=""spinmail-quill-editor__spin-break"">We recently rolled out a way for B2C companies to <strong>retarget their audiences across 500+ premium CTV channels</strong> like ESPN, Peacock, and Max... all with budgets starting at $50/day.</p><p class=""spinmail-quill-editor__spin-break""><br></p><p class=""spinmail-quill-editor__spin-break"">Brands like Meshki, Padyo, and King Kanine are seeing <strong>400%+ ROAS</strong> by layering CTV onto their existing campaigns.</p><p class=""spinmail-quill-editor__spin-break""><br></p><p class=""spinmail-quill-editor__spin-break"">Worth exploring what this could look like for you?</p><p class=""spinmail-quill-editor__spin-break""><br></p><p class=""spinmail-quill-editor__spin-break""><strong>Just fill out the form... I’ll follow up with more details.</strong></p>","ARCHIVE",""
"2-YjU0MTQxMzItMTNlYS00ZmE0LWFjOGEtNzExNWIwNTQ3MTk5XzEwMA==","Image Annotation Project","Outlier","","Jaclyn Leaver","https://www.linkedin.com/in/jaclynleaver","2025-11-20 21:34:49 UTC","","<p class=""spinmail-quill-editor__spin-break"">We think you're a strong fit Jaclyn for a short-term image annotation project with flexible hours.</p><p class=""spinmail-quill-editor__spin-break""><br></p><p class=""spinmail-quill-editor__spin-break"">Outlier is one of the world's largest freelance platforms where graduates earn and work on short-term projects that contribute to AI models.</p><p class=""spinmail-quill-editor__spin-break"">More importantly, thousands of contributors are earning hundreds of extra dollars a week to pay for gifts or travel during the holidays.</p><p class=""spinmail-quill-editor__spin-break""><br></p><p class=""spinmail-quill-editor__spin-break"">For this project, we're looking for people with an associate's degree, a strong attention to detail and highly consistent.</p><p class=""spinmail-quill-editor__spin-break""><br></p><p class=""spinmail-quill-editor__spin-break"">You'll:</p><p class=""spinmail-quill-editor__spin-break"">- Spot inconsistencies in images</p><p class=""spinmail-quill-editor__spin-break"">- Describe &amp; caption images/video clips based on instructions</p><p class=""spinmail-quill-editor__spin-break"">- Compare images and audio for issues and artifacts</p><p class=""spinmail-quill-editor__spin-break"">- And more...</p><p class=""spinmail-quill-editor__spin-break""><br></p><p class=""spinmail-quill-editor__spin-break"">Benefits to working on this project:</p><p class=""spinmail-quill-editor__spin-break"">- 100% remote; work from home or a cafe</p><p class=""spinmail-quill-editor__spin-break"">- Set your own hours; no minimum commitment, perfect for stay-at-home parents</p><p class=""spinmail-quill-editor__spin-break"">- Contribute to training AI models</p><p class=""spinmail-quill-editor__spin-break"">- Get experience in AI evaluations</p><p class=""spinmail-quill-editor__spin-break""><br></p><p class=""spinmail-quill-editor__spin-break"">Pay:</p><p class=""spinmail-quill-editor__spin-break"">- Earn up to $15/hr; paid weekly</p><p class=""spinmail-quill-editor__spin-break"">- Plus, additional performance-based incentives</p><p class=""spinmail-quill-editor__spin-break""><br></p><p class=""spinmail-quill-editor__spin-break"">If you're looking for an extra bit of money for the holidays, apply now!</p>","ARCHIVE",""
"2-ZmZhMTYyNTYtMzE5Mi00MmExLTkxZTQtY2JmZTk3ZDM1NzM0XzEwMA==","Be the Future of AI Training – Partner with Us!","Ben Watson","","Jaclyn Leaver","https://www.linkedin.com/in/jaclynleaver","2025-11-12 20:24:27 UTC","","<p class=""spinmail-quill-editor__spin-break"">Last Chance This October — Join 170+ Partners Driving Profitable AI Training Growth</p><p class=""spinmail-quill-editor__spin-break""><br></p><p class=""spinmail-quill-editor__spin-break""><strong>Hi Jaclyn</strong></p><p class=""spinmail-quill-editor__spin-break""><br></p><p class=""spinmail-quill-editor__spin-break"">Are you ready to turn the global AI &amp; Blockchain skills boom into your next revenue stream?</p><p class=""spinmail-quill-editor__spin-break""><br></p><p class=""spinmail-quill-editor__spin-break"">This October, the <strong>AI CERTs Partner Program</strong> is helping training providers and enterprises achieve <strong>measurable profitability</strong> — and you can still join before the month ends!</p><p class=""spinmail-quill-editor__spin-break""><br></p><p class=""spinmail-quill-editor__spin-break"">✅ Earn <strong>35–50% profit margins</strong> with ISO-aligned AI &amp; Blockchain certifications</p><p class=""spinmail-quill-editor__spin-break""><br></p><p class=""spinmail-quill-editor__spin-break"">✅ Get <strong>fast onboarding</strong>, ready-to-launch courses, and marketing kits</p><p class=""spinmail-quill-editor__spin-break""><br></p><p class=""spinmail-quill-editor__spin-break"">✅ Access <strong>recurring revenue</strong> — 60% of partners earn <strong>$15K+ within 3 months</strong></p><p class=""spinmail-quill-editor__spin-break""><br></p><p class=""spinmail-quill-editor__spin-break"">✅ Join <strong>100+ partners</strong> training <strong>114K+ learners worldwide</strong></p><p class=""spinmail-quill-editor__spin-break""><br></p><p class=""spinmail-quill-editor__spin-break"">✅ Enroll by <strong>October 31</strong> for <strong>priority onboarding &amp; promotional benefits</strong></p><p class=""spinmail-quill-editor__spin-break""><br></p><p class=""spinmail-quill-editor__spin-break""><strong>Enrollment closes October 31 — limited spots left!</strong></p><p class=""spinmail-quill-editor__spin-break""><br></p><p class=""spinmail-quill-editor__spin-break"">Start building <strong>profitable, scalable growth</strong> from day one.</p><p class=""spinmail-quill-editor__spin-break""><br></p><p class=""spinmail-quill-editor__spin-break"">Book Free Consultation: https://meetings.hubspot.com/aicert/book-free-consultation</p><p class=""spinmail-quill-editor__spin-break""><br></p><p class=""spinmail-quill-editor__spin-break"">Best,</p><p class=""spinmail-quill-editor__spin-break""><strong>Ben Watson</strong></p><p class=""spinmail-quill-editor__spin-break"">Chief Commercial Officer, AI CERTs</p>","ARCHIVE",""
"2-NDM2ODliNDMtMzgzZS00Y2I0LWFkNTUtYmMzYjIyMDY4OTRlXzEwMA==","Sponsored Conversation","LinkedIn Member","","Jaclyn Leaver","https://www.linkedin.com/in/jaclynleaver","2025-11-05 17:17:58 UTC","","<p class=""spinmail-quill-editor__spin-break"">Your background matches some of our paid board and advisory positions that we have been retained to do a search for and present candidates to. We would love to have a discussion with you! Please schedule a call at your earliest convenience. See calendar below.</p><p class=""spinmail-quill-editor__spin-break""><br></p><p class=""spinmail-quill-editor__spin-break""><br></p><p class=""spinmail-quill-editor__spin-break""><a href=""https://calendly.com/boardsi/board-seat-inquiry-l34?month=2025-06"" rel=""noopener nofollow"" target=""_blank"" class=""ql-link"">https://calendly.com/boardsi/board-seat-inquiry-l34?month=2025-06</a></p>","ARCHIVE",""
"2-YjUzMzQ2MTgtMmQ0Ni00Y2IzLWE2N2MtNTU4OGI4NTdiY2NlXzEwMA==","The right introductions can change everything","Stephanie (Abrams) Cartin","","Jaclyn Leaver","https://www.linkedin.com/in/jaclynleaver","2025-10-29 16:09:23 UTC","","<p class=""spinmail-quill-editor__spin-break"">Hi Jaclyn,</p><p class=""spinmail-quill-editor__spin-break""><br></p><p class=""spinmail-quill-editor__spin-break"">It's so great to connect with you and congrats on all you’ve accomplished at myTrudy!</p><p class=""spinmail-quill-editor__spin-break""><br></p><p class=""spinmail-quill-editor__spin-break"">I know we haven’t personally connected yet, so I’m truly looking forward to getting to know you, too!</p><p class=""spinmail-quill-editor__spin-break""><br></p><p class=""spinmail-quill-editor__spin-break"">I’m Stephanie - founder, podcast host, mom, and co-creator of the <a rel=""noopener"" href=""https://www.entreprenista.com/tel-start?utm_campaign=socialproof-messaging&li_fat_id=d98eced1-dbce-4b98-91b9-82f67350791c&utm_medium=infosession-TOF&utm_source=linkedin"" target=""_blank"">Entreprenista League</a>, the most supportive community for founders. I saw your LinkedIn and knew I needed to reach out!</p><p class=""spinmail-quill-editor__spin-break""><br></p><p class=""spinmail-quill-editor__spin-break"">Over the past 10+ years, I’ve had the opportunity to build two 7-figure businesses, but most importantly, connect and champion <em>so</em> many incredible women along the way.</p><p class=""spinmail-quill-editor__spin-break""><br></p><p class=""spinmail-quill-editor__spin-break"">And if there’s one thing I’ve seen again and again… it’s that<strong> real business growth doesn’t come from working harder, it comes from access</strong>. Access to:</p><p class=""spinmail-quill-editor__spin-break"">→ Founders who’ve already built what you’re building</p><p class=""spinmail-quill-editor__spin-break"">→ Experts who open doors to press, partnerships, and capital</p><p class=""spinmail-quill-editor__spin-break"">→ Women who genuinely want to help you succeed</p><p class=""spinmail-quill-editor__spin-break""><br></p><p class=""spinmail-quill-editor__spin-break"">That’s exactly why my co-founder and I created the Entreprenista League community.</p><p class=""spinmail-quill-editor__spin-break""><br></p><p class=""spinmail-quill-editor__spin-break"">It's a space where women founders connect, collaborate, and grow through real relationships that lead to press, partnerships, investor intros, referrals and meaningful opportunities to help grow your business.&nbsp;&nbsp;</p><p class=""spinmail-quill-editor__spin-break""><br></p><p class=""spinmail-quill-editor__spin-break"">I’d love to invite you to join us! I’m hosting a casual, behind-the-scenes <strong>Info &amp; Networking Session</strong>, and I’d love to meet you there.</p><p class=""spinmail-quill-editor__spin-break""><br></p><p class=""spinmail-quill-editor__spin-break"">Excited to learn all about you and your business!</p><p class=""spinmail-quill-editor__spin-break""><br></p><p class=""spinmail-quill-editor__spin-break"">Warmly,</p><p class=""spinmail-quill-editor__spin-break"">Stephanie Cartin</p><p class=""spinmail-quill-editor__spin-break"">Co-Founder, Entreprenista</p>","ARCHIVE",""
"2-NDdjNDU3MjQtZmUxMC00MTg0LTlmNDQtYzNjNDkxNWYzYzBiXzEwMA==","Sponsored Conversation","LinkedIn Member","","Jaclyn Leaver","https://www.linkedin.com/in/jaclynleaver","2025-10-26 01:07:33 UTC","","<p class=""spinmail-quill-editor__spin-break"">Hi %FIRSTNAME%,</p><p class=""spinmail-quill-editor__spin-break""><br></p><p class=""spinmail-quill-editor__spin-break"">Are you facing bigger goals and tighter budgets? Need to deliver more with less?</p><p class=""spinmail-quill-editor__spin-break""><br></p><p class=""spinmail-quill-editor__spin-break"">The new Accelerate campaigns are AI-driven to build, optimize, and enhance your campaigns while reducing cost per action by up to 42%¹ compared to Classic campaigns.</p><p class=""spinmail-quill-editor__spin-break""><br></p><p class=""spinmail-quill-editor__spin-break"">Ready to learn how Accelerate can help you?</p><p class=""spinmail-quill-editor__spin-break""><br></p><p class=""spinmail-quill-editor__spin-break"">¹Source: LinkedIn analysis of 67 A/B tests, October 2023 - September 2024</p>","ARCHIVE",""
"2-NjRhYWMzZjQtZjU3MC00YjEyLTg4MzUtYzdkZTJhZjRjMmMxXzEwMA==","Invitation Enclosed!","Kristine McCarthy","","Jaclyn Leaver","https://www.linkedin.com/in/jaclynleaver","2025-10-21 19:27:05 UTC","","<p class=""spinmail-quill-editor__spin-break"">Hello Jaclyn,</p><p class=""spinmail-quill-editor__spin-break""><br></p><p class=""spinmail-quill-editor__spin-break"">We recently came across your profile and would like to invite you to apply for inclusion in the 2025 edition of&nbsp;<em>Who's Who in America!</em></p><p class=""spinmail-quill-editor__spin-break""><br></p><p class=""spinmail-quill-editor__spin-break"">There is no cost or obligation to be included in Who's Who in America!</p><p class=""spinmail-quill-editor__spin-break""><br></p><p class=""spinmail-quill-editor__spin-break"">This is an Invitation- Only opportunity and inclusion is contingent upon verification and acceptance by the Marquis Submissions Department.</p><p class=""spinmail-quill-editor__spin-break""><br></p><p class=""spinmail-quill-editor__spin-break"">Marquis has been publishing the biographies of the world's most influential professionals since 1898. Inclusion is considered by many to be the pinnacle of success!</p><p class=""spinmail-quill-editor__spin-break""><br></p><p class=""spinmail-quill-editor__spin-break"">We hope you'll consider applying to be a part of this 125-year long tradition!</p>","ARCHIVE",""
"2-OTE3NDhiOWQtNTY5YS00ZjUxLThmZWItZTYwNzMyM2U1OTYyXzEwMA==","Grab a $100 Amazon gift card + Streamline your Finances","Scott Puglise","","Jaclyn Leaver","https://www.linkedin.com/in/jaclynleaver","2025-10-14 17:04:46 UTC","","<p class=""spinmail-quill-editor__spin-break"">Hi Jaclyn,</p><p class=""spinmail-quill-editor__spin-break""><br></p><p class=""spinmail-quill-editor__spin-break"">Get a $100 gift card when you take a 30-minute demo of BILL Spend &amp; Expense (formerly Divvy) – the game-changer in how businesses manage their finances!</p><p class=""spinmail-quill-editor__spin-break""><br></p><p class=""spinmail-quill-editor__spin-break"">Here’s what BILL Spend &amp; Expense can do for you:</p><ul><li>Say goodbye to expense reports and messy receipts – we make employee reimbursements a breeze</li><li>Close your books in days (not weeks) without chasing down employees for reports</li><li>Gain full control of employee spending with card limits and pre-set budgets</li><li>Boost security by setting up virtual cards for each vendor</li><li>Track, analyze, and forecast expenses in real-time</li><li>Access scalable business credit<sup>2</sup> to fuel your growth</li></ul><p class=""spinmail-quill-editor__spin-break"">The best part? BILL Spend &amp; Expense is completely FREE to use! Schedule your demo this month and <strong>score a $100 Amazon gift card</strong><sup><strong>1</strong></sup><strong>.</strong> Let’s connect and get started!</p>","ARCHIVE",""
"2-MDZhYWYyNmItZjY4OS00NGEyLTgxMWQtN2VkYmIxOGQzZmZjXzEwMA==","Are your teams ready for deepfake attacks?","Josh Thompson","","Jaclyn Leaver","https://www.linkedin.com/in/jaclynleaver","2025-10-02 20:40:01 UTC","","<p class=""spinmail-quill-editor__spin-break"">Hi Jaclyn,</p><p class=""spinmail-quill-editor__spin-break""><br></p><p class=""spinmail-quill-editor__spin-break"">Most awareness training stops at email phishing. The problem? Attackers don’t.</p><p class=""spinmail-quill-editor__spin-break""><br></p><p class=""spinmail-quill-editor__spin-break"">Adaptive Security protects teams against&nbsp;<strong>deepfake video, AI-generated voice calls, SMS, and GenAI-powered phishing;</strong>&nbsp;the next wave of threats targeting companies like yours.</p><p class=""spinmail-quill-editor__spin-break""><br></p><p class=""spinmail-quill-editor__spin-break"">Want to see what next-gen protection looks like? See our <a rel=""noopener"" href=""https://www.adaptivesecurity.com/demo/self-guided-tour?utm_source=linkedin&utm_medium=message&utm_campaign=sep25_Q3_bizdev_cyberinterest&utm_content=messaging&utm_campaign=sep25_Q3_bizdev_cyberinterest&li_fat_id=ba35f8c9-9a8a-4184-b487-8cacfa8ac542&utm_medium=message&utm_content=messaging_ad&utm_source=linkedin"" target=""_blank"">interactive tour</a></p>","ARCHIVE",""
"2-ZGRhOGI2NmEtZmMzNC00YjlkLTg5ZWYtZTIwZjEwZTIwMzhkXzEwMA==","Let’s connect, founder to founder 💫","Stephanie (Abrams) Cartin","","Jaclyn Leaver","https://www.linkedin.com/in/jaclynleaver","2025-09-24 22:52:00 UTC","","<p class=""spinmail-quill-editor__spin-break"">Hi Jaclyn, </p><p class=""spinmail-quill-editor__spin-break""><br></p><p class=""spinmail-quill-editor__spin-break"">It's so great to connect with you and congrats on all you’ve accomplished at myTrudy! I know we haven’t personally connected yet, so I’m truly looking forward to getting to know you, too! </p><p class=""spinmail-quill-editor__spin-break""><br></p><p class=""spinmail-quill-editor__spin-break"">I’m Stephanie - founder, podcast host, mom, and co-creator of the Entreprenista League, the most supportive community for founders. I saw your LinkedIn and knew I needed to reach out! </p><p class=""spinmail-quill-editor__spin-break""><br></p><p class=""spinmail-quill-editor__spin-break"">Over the past 10+ years, I’ve had the privilege of building two 7-figure businesses, but what’s been most rewarding is connecting with and championing other women along the way. And if there’s one thing I’ve learned, it’s this: real business growth doesn’t come from working harder—it comes from access.</p><p class=""spinmail-quill-editor__spin-break""><br></p><p class=""spinmail-quill-editor__spin-break"">Access to:</p><p class=""spinmail-quill-editor__spin-break""> → Founders who’ve already built what you’re building</p><p class=""spinmail-quill-editor__spin-break""> → Experts who open doors to press, partnerships, and capital</p><p class=""spinmail-quill-editor__spin-break""> → Women who genuinely want to see you succeed</p><p class=""spinmail-quill-editor__spin-break""><br></p><p class=""spinmail-quill-editor__spin-break"">That’s exactly why we created the Entreprenista League. It’s more than a community... it’s where business best friends are made, where real conversations turn into press features, referrals, and strategic partnerships, and where women support each other through the highs <em>and</em> the hard moments.</p><p class=""spinmail-quill-editor__spin-break""><br></p><p class=""spinmail-quill-editor__spin-break"">If that kind of connection and access has been missing, I’d love to personally invite you to an upcoming Info &amp; Networking Session. It’s a behind-the-scenes look at how our members are growing their businesses together, and everything you’ll get access to as part of the community.</p><p class=""spinmail-quill-editor__spin-break""><br></p><p class=""spinmail-quill-editor__spin-break"">Excited to meet you and cheer you on in your journey!</p><p class=""spinmail-quill-editor__spin-break""><br></p><p class=""spinmail-quill-editor__spin-break"">Warmly,</p><p class=""spinmail-quill-editor__spin-break"">Stephanie Cartin</p><p class=""spinmail-quill-editor__spin-break"">Co-Founder, Entreprenista</p>","ARCHIVE",""
"2-MDkxNWQ3ZmEtNzk3OC00MmNhLWJjZGUtNmMwNDFkNTk1MjAwXzEwMA==","Lead the GenAI Charter in Your Company With Confidence","Johns Hopkins University in collaboration with Great Learning","","Jaclyn Leaver","https://www.linkedin.com/in/jaclynleaver","2025-09-17 21:42:32 UTC","","<p class=""spinmail-quill-editor__spin-break"">Hi Jaclyn,</p><p class=""spinmail-quill-editor__spin-break""><br></p><p class=""spinmail-quill-editor__spin-break"">GenAI is no longer just a trend; it’s a transformative force in business. Equip yourself with the skills to lead this change through the <strong>Certificate Program in Applied Generative AI</strong> at Johns Hopkins University.</p><p class=""spinmail-quill-editor__spin-break""><br></p><p class=""spinmail-quill-editor__spin-break"">Why enroll?</p><p class=""spinmail-quill-editor__spin-break""><br></p><p class=""spinmail-quill-editor__spin-break"">✅ 16 weeks of immersive, online learning tailored for technology professionals&nbsp;&nbsp;</p><p class=""spinmail-quill-editor__spin-break"">🎓 Interactive sessions with expert faculty from JHU&nbsp;&nbsp;</p><p class=""spinmail-quill-editor__spin-break"">📊 Real-world projects and case studies that provide hands-on experience&nbsp;&nbsp;</p><p class=""spinmail-quill-editor__spin-break"">🤝 Mentor-led discussions with industry experts&nbsp;&nbsp;</p><p class=""spinmail-quill-editor__spin-break"">💡 Gain insights into practical AI applications for business success</p><p class=""spinmail-quill-editor__spin-break""><br></p><p class=""spinmail-quill-editor__spin-break"">Ready to leverage Generative AI for your organization? Let’s discuss how this program will support your goals!</p><p class=""spinmail-quill-editor__spin-break""><br></p><p class=""spinmail-quill-editor__spin-break"">Best Regards,</p><p class=""spinmail-quill-editor__spin-break"">Program Team at Great Learning</p><p class=""spinmail-quill-editor__spin-break"">For the Certificate Program in Applied Generative AI by Johns Hopkins University</p>","ARCHIVE",""
"2-ZTc5MzgxMjgtN2E4ZS00NDg4LTg4NjQtZTEwMWExMmIyN2M3XzEwMA==","Sponsored Conversation","LinkedIn Member","","Jaclyn Leaver","https://www.linkedin.com/in/jaclynleaver","2025-09-13 23:43:32 UTC","","<p class=""spinmail-quill-editor__spin-break"">Hey %FIRSTNAME%! Looking to improve ad performance and connect with key buyer groups? In-Feed Video Ads on LinkedIn can help you achieve your goals.</p><p class=""spinmail-quill-editor__spin-break""><br></p><p class=""spinmail-quill-editor__spin-break"">Click “I’m interested!” to learn more.</p>","ARCHIVE",""
"2-NjQzODU3YjQtN2NhNS00NDI2LThlMGItNjI5Nzg4YmY0MzQxXzEwMA==","From Classroom to Changemaker","USC Rossier School of Education","","Jaclyn Leaver","https://www.linkedin.com/in/jaclynleaver","2025-09-10 15:11:03 UTC","","<p class=""spinmail-quill-editor__spin-break"">Dear Jaclyn:</p><p class=""spinmail-quill-editor__spin-break""><br></p><p class=""spinmail-quill-editor__spin-break"">You’ve led in the classroom. Now, it’s time to lead the system. The Doctor of Education in Organizational Change and Leadership will get you there.</p><p class=""spinmail-quill-editor__spin-break""><br></p><p class=""spinmail-quill-editor__spin-break"">USC Rossier’s <a rel=""noopener"" href=""https://admissions.rossier.usc.edu/graduate/doctoral/doctor-of-education-organizational-change/?utm_source=linkedin&utm_medium=paid_message&utm_campaign=ocl&utm_content=tt_ca&li_fat_id=df02e3e2-2f53-4ac8-b5b0-68e44f3645e5"" target=""_blank"">EdD in Organizational Change and Leadership online program</a> was built for passionate educators like you who want to elevate their voice, challenge the status quo, and shape the future of education beyond the walls of a single classroom.</p><p class=""spinmail-quill-editor__spin-break""><br></p><p class=""spinmail-quill-editor__spin-break"">Whether your goals include policy reform, district-wide leadership, or launching your own initiative, this program gives you the tools and strategies to lead transformative change in education and beyond.</p><p class=""spinmail-quill-editor__spin-break""><br></p><p class=""spinmail-quill-editor__spin-break"">You’ll engage in rigorous coursework and complete a dissertation in practice, addressing a real-world problem. Plus, two on-campus immersion weekends will connect you face-to-face with peers and faculty for collaborative learning and leadership development.</p><p class=""spinmail-quill-editor__spin-break""><br></p><p class=""spinmail-quill-editor__spin-break"">Take the next step from educator to educational leader with a doctorate from USC. Apply to join our next online cohort today!</p>","ARCHIVE",""
"2-MzU3NDIxZDAtZjY4OS00NmMzLWI3ODQtMTZhNTA1MDRiMjYxXzEwMA==","Your invitation to join Netflix at FT’s Entertainment Summit","FT Live","","Jaclyn Leaver","https://www.linkedin.com/in/jaclynleaver","2025-09-02 19:18:55 UTC","","<p class=""spinmail-quill-editor__spin-break"">Hi Jaclyn,</p><p class=""spinmail-quill-editor__spin-break""><br></p><p class=""spinmail-quill-editor__spin-break"">I’d like to invite you to the FT Entertainment Summit on 17-18 September in West Hollywood.</p><p class=""spinmail-quill-editor__spin-break""><br></p><p class=""spinmail-quill-editor__spin-break"">This exclusive event will bring together leading executives from Netflix, Amazon MGM Studios, Mattel, Apple, OnlyFans, Google, Disney, ESPN, and more to explore the next chapter of global entertainment — covering everything from gaming and sports streaming to the creator economy, music monetization, and the disruptive power of AI.</p><p class=""spinmail-quill-editor__spin-break""><br></p><p class=""spinmail-quill-editor__spin-break"">You’ll have the chance to connect with senior peers, hear from leading voices in Hollywood and beyond, and join the conversations shaping the global entertainment industry.</p><p class=""spinmail-quill-editor__spin-break""><br></p><p class=""spinmail-quill-editor__spin-break"">To register your interest, simply submit your details via the form attached to this message and we’ll be in touch with next steps.</p>","ARCHIVE",""
"2-MTljMjljNDEtMjViZi00ZWRjLThmZDAtY2JhMDJlMzM3MjE1XzEwMA==","Avoid costly AI mistakes (executive session + lunch)","Michelle Clement","","Jaclyn Leaver","https://www.linkedin.com/in/jaclynleaver","2025-08-26 19:06:02 UTC","","<p class=""spinmail-quill-editor__spin-break"">AI is everywhere—but not everything works. On Sep 10 (12–2 PM, Wyndham San Diego Bayside), <strong>Christa Heibel</strong> and <strong>David Shapiro</strong> will cut through the noise, share what succeeds (and what doesn’t), and offer guidance on building the right foundation—data, integration, KMS, training, and co-sourcing. Lunch provided.</p>","ARCHIVE",""
"2-Y2Q1M2UyNDctZWEwZS00YTAxLThiODMtYTE2Yzk3YTMyODUyXzEwMA==","Your 2025 Inclusion in Who's Who in America!","Kristine McCarthy","","Jaclyn Leaver","https://www.linkedin.com/in/jaclynleaver","2025-08-13 20:52:01 UTC","","<p class=""spinmail-quill-editor__spin-break"">Hello Jaclyn,</p><p class=""spinmail-quill-editor__spin-break""><br></p><p class=""spinmail-quill-editor__spin-break"">We recently came across your profile and would like to invite you to apply for inclusion in the 2025 edition of&nbsp;<em>Who's Who in America!</em></p><p class=""spinmail-quill-editor__spin-break""><br></p><p class=""spinmail-quill-editor__spin-break"">There is no cost or obligation to be included in Who's Who in America!</p><p class=""spinmail-quill-editor__spin-break""><br></p><p class=""spinmail-quill-editor__spin-break"">This is an Invitation- Only opportunity and inclusion is contingent upon verification and acceptance by the Marquis Submissions Department.</p><p class=""spinmail-quill-editor__spin-break""><br></p><p class=""spinmail-quill-editor__spin-break"">Marquis has been publishing the biographies of the world's most influential professionals since 1898. Inclusion is considered by many to be the pinnacle of success!</p><p class=""spinmail-quill-editor__spin-break""><br></p><p class=""spinmail-quill-editor__spin-break"">We hope you'll consider applying to be a part of this 125-year long tradition!</p>","ARCHIVE",""
"2-MjE0Mjk2ODEtYmVjOS00NWYyLWE1ZjgtMjk1NGQ0Zjk1YzdmXzEwMA==","Free mental performance coaching session for CEOs","Kevin Bailey","","Jaclyn Leaver","https://www.linkedin.com/in/jaclynleaver","2025-08-05 21:04:56 UTC","","<p class=""spinmail-quill-editor__spin-break"">Hey Jaclyn!</p><p class=""spinmail-quill-editor__spin-break""><br></p><p class=""spinmail-quill-editor__spin-break"">A leader’s mindset is contagious. It affects every aspect of your business - your team, productivity, innovation, creativity, revenue… The success of your business demands your peak mindset.</p><p class=""spinmail-quill-editor__spin-break""><br></p><p class=""spinmail-quill-editor__spin-break"">Every pro athlete has a mental performance coach. We help business leaders like you perform like athletes, to break through mental ceilings, thrive under pressure, and accelerate performance without sacrificing the things that matter the most.</p><p class=""spinmail-quill-editor__spin-break""><br></p><p class=""spinmail-quill-editor__spin-break"">If you’re interested, we offer a free 30-minute “mental performance tuneup for CEO’s.” <a rel=""noopener"" href=""https://performance.dreamfuel.com/ceotuneup"" target=""_blank"">Sign up here</a>.</p><p class=""spinmail-quill-editor__spin-break""><br></p><p class=""spinmail-quill-editor__spin-break"">Kevin Bailey</p><p class=""spinmail-quill-editor__spin-break"">CEO, dreamfuel.com</p>","ARCHIVE",""
"2-OWI4YWQwMWEtZWY5MC00YmQyLThhMzktMjg4YTcwNWVmNDYwXzEwMA==","Sponsored Conversation","LinkedIn Member","","Jaclyn Leaver","https://www.linkedin.com/in/jaclynleaver","2025-08-01 16:24:11 UTC","","<p class=""spinmail-quill-editor__spin-break"">Hi %FIRSTNAME%,</p><p class=""spinmail-quill-editor__spin-break""><br></p><p class=""spinmail-quill-editor__spin-break"">To be the best, you need to learn from the best!</p><p class=""spinmail-quill-editor__spin-break""><br></p><p class=""spinmail-quill-editor__spin-break"">Whether you’re looking to get started with LinkedIn Ads, or thinking of sharpening your marketing prowess on LinkedIn, our free live webcasts are a great way to learn from our experts.</p><p class=""spinmail-quill-editor__spin-break""><br></p><p class=""spinmail-quill-editor__spin-break"">Scheduled across multiple time zones, each webcast runs for 60 minutes, including time for live Q&amp;A, and focuses on some of the most pertinent topics in advertisers’ minds: from learning advertising basics, to optimising campaigns, driving more leads, and building brand awareness.</p><p class=""spinmail-quill-editor__spin-break""><br></p><p class=""spinmail-quill-editor__spin-break"">Where would you like to start your learning journey?</p>","ARCHIVE",""
"2-ZTFiMTJiZTYtYjQxNS00YTYxLWFjY2ItOTMxZWE5MjI3N2JiXzEwMA==","Sponsored Conversation","LinkedIn Member","","Jaclyn Leaver","https://www.linkedin.com/in/jaclynleaver","2025-07-29 11:41:01 UTC","","<p class=""spinmail-quill-editor__spin-break"">Your background matches some of our paid board and advisory positions that we have been retained to do a search for and present candidates to. We would love to have a discussion with you! Please schedule a call at your earliest convenience. See calendar below.</p><p class=""spinmail-quill-editor__spin-break""><br></p><p class=""spinmail-quill-editor__spin-break"">https://calendly.com/boardsi/board-seat-inquiry-l34?month=2025-06</p>","ARCHIVE",""
"2-ZDA4NmEyOGQtNTYyMS00YmE4LWJhYjUtOWFkOGY5OWZiN2Q0XzEwMA==","Invitation to join the Istana CEO Network","Janakan Arulkumarasan","","Jaclyn Leaver","https://www.linkedin.com/in/jaclynleaver","2025-07-21 18:20:44 UTC","","<p class=""spinmail-quill-editor__spin-break"">Dear Jaclyn,</p><p class=""spinmail-quill-editor__spin-break""><br></p><p class=""spinmail-quill-editor__spin-break"">I invite you to join the Istana CEO Network.</p><p class=""spinmail-quill-editor__spin-break""><br></p><p class=""spinmail-quill-editor__spin-break"">Istana is an invitation-only network of business, government, and third-sector leaders from 150 countries. We help our members flourish in the age of AI.</p><p class=""spinmail-quill-editor__spin-break""><br></p><p class=""spinmail-quill-editor__spin-break"">As a member, you will gain access to all our community events, insights, masterclasses, playbooks, and more. You'll also get access to our team of AI Super-connectors, who will proactively introduce you to potential investors, customers, mentors, vendors, and friends within the community.</p><p class=""spinmail-quill-editor__spin-break""><br></p><p class=""spinmail-quill-editor__spin-break"">Membership is free, by invitation only. I look forward to connecting with you soon!</p>","ARCHIVE",""
"2-ODcxYWEyYjktYjkxOC00MGZjLThiMjUtZjI4ZDczZGU1NTVlXzEwMA==","Join Atlassian's CEO and CTO for an executive digital event","Atlassian","","Jaclyn Leaver","https://www.linkedin.com/in/jaclynleaver","2025-07-14 17:04:57 UTC","","<p class=""spinmail-quill-editor__spin-break"">Jaclyn, it's time for a fresh approach to strategy and teamwork—one that helps today's leaders get better visibility, stronger alignment, and faster decision-making across your organization.</p><p class=""spinmail-quill-editor__spin-break""><br></p><p class=""spinmail-quill-editor__spin-break"">Join this exclusive broadcast with Atlassian’s CEO and Founder, Mike Cannon-Brookes, and Atlassian’s CTO, Rajeev Rajan. Get the inside track on how Atlassian drives their strategic planning, teamwork, and execution.</p><p class=""spinmail-quill-editor__spin-break""><br></p><p class=""spinmail-quill-editor__spin-break""><strong>Accelerate your strategic planning</strong>: Learning how to bring together goals, work and talent together to achieve outcomes.</p><p class=""spinmail-quill-editor__spin-break""><br></p><p class=""spinmail-quill-editor__spin-break""><strong>Learn the science of the System of Work</strong>:&nbsp;Get insights to boost collaboration and productivity.</p><p class=""spinmail-quill-editor__spin-break""><br></p><p class=""spinmail-quill-editor__spin-break""><strong>Explore what human-AI teams can accomplish</strong>: Learn how to make AI a trusted teammate with enterprise-grade search, chat, and agentic experiences for all teams.</p><p class=""spinmail-quill-editor__spin-break""><br></p><p class=""spinmail-quill-editor__spin-break""><strong>Fireside cha</strong>t: Go under the hood and see how Atlassian steers strategic planning. This moderated session will give you practical insights to put your own transformation on the fast track.</p><p class=""spinmail-quill-editor__spin-break""><br></p><p class=""spinmail-quill-editor__spin-break"">Choose from these 3 sessions:</p><ul><li>July 23, 2025 at 11:00 AM PDT (AMER)</li><li>July 24, 2025 at 11:00 AM AEST (APAC)</li><li>July 24, 2025 at 11:00 AM CEST (EMEA)</li></ul><p class=""spinmail-quill-editor__spin-break""><br></p><p class=""spinmail-quill-editor__spin-break"">Join leaders like yourself for this free, exclusive digital event today.</p>","ARCHIVE",""
"2-YzAyZjc1NGEtODcwMS00NWZlLWEyYjgtM2E0OTY3MjcxZTk4XzEwMA==","Be the Future of AI Training – Partner with Us!","Ben Watson","","Jaclyn Leaver","https://www.linkedin.com/in/jaclynleaver","2025-07-07 16:33:30 UTC","","<p class=""spinmail-quill-editor__spin-break"">Hi Jaclyn,</p><p class=""spinmail-quill-editor__spin-break""><br></p><p class=""spinmail-quill-editor__spin-break"">AI is transforming industries, and companies are racing to upskill their workforce. <strong>Is your training business ready to meet the demand?</strong></p><p class=""spinmail-quill-editor__spin-break""><br></p><p class=""spinmail-quill-editor__spin-break"">As an <strong>AI CERTs Authorized Training Partner (ATP),</strong> you’ll get everything you need to <strong>expand your course offerings</strong> and <strong>increase revenue</strong> with in-demand AI and Blockchain certifications.</p><p class=""spinmail-quill-editor__spin-break""><br></p><p class=""spinmail-quill-editor__spin-break"">🔹 <strong>Enhance your catalog</strong> with ISO-certified AI &amp; Blockchain courses.</p><p class=""spinmail-quill-editor__spin-break"">🔹 <strong>Attract more clients</strong> by offering future-ready skills training.</p><p class=""spinmail-quill-editor__spin-break"">🔹 <strong>Boost your margins</strong> with high-value, instructor-led and self-paced training.</p><p class=""spinmail-quill-editor__spin-break"">🔹 <strong>Deliver premium content</strong> with expert-developed courseware and certifications.</p><p class=""spinmail-quill-editor__spin-break"">🔹 <strong>Stand out from competitors</strong> with globally recognized certifications.</p><p class=""spinmail-quill-editor__spin-break""><br></p><p class=""spinmail-quill-editor__spin-break"">Our turnkey program provides ready-to-go courseware, instructor resources, and marketing support—so you can <strong>start selling AI training immediately.</strong></p><p class=""spinmail-quill-editor__spin-break""><br></p><p class=""spinmail-quill-editor__spin-break"">🚀 <strong>AI training is a $100B+ market—don’t get left behind.</strong></p><p class=""spinmail-quill-editor__spin-break""><br></p><p class=""spinmail-quill-editor__spin-break"">Book Free Consultation: https://meetings.hubspot.com/aicert/book-free-consultation</p><p class=""spinmail-quill-editor__spin-break""><br></p><p class=""spinmail-quill-editor__spin-break"">Best,</p><p class=""spinmail-quill-editor__spin-break""><strong>Ben Watson</strong></p><p class=""spinmail-quill-editor__spin-break"">Chief Commercial Officer, AI CERTs</p>","ARCHIVE",""
"2-YWVhZjk3NDMtMGU5MC00OGM1LWEyYzItOGQ1MjhhMDdiMmJlXzEwMA==","Invitation Enclosed!","Kristine McCarthy","","Jaclyn Leaver","https://www.linkedin.com/in/jaclynleaver","2025-06-30 16:05:55 UTC","","<p class=""spinmail-quill-editor__spin-break"">Hello Jaclyn,</p><p class=""spinmail-quill-editor__spin-break""><br></p><p class=""spinmail-quill-editor__spin-break"">We recently came across your profile and would like to invite you to apply for inclusion in the 2025 edition of&nbsp;<em>Who's Who in America!</em></p><p class=""spinmail-quill-editor__spin-break""><br></p><p class=""spinmail-quill-editor__spin-break"">There is no cost or obligation to be included in Who's Who in America!</p><p class=""spinmail-quill-editor__spin-break""><br></p><p class=""spinmail-quill-editor__spin-break"">This is an Invitation- Only opportunity and inclusion is contingent upon verification and acceptance by the Marquis Submissions Department.</p><p class=""spinmail-quill-editor__spin-break""><br></p><p class=""spinmail-quill-editor__spin-break"">Marquis has been publishing the biographies of the world's most influential professionals since 1898. Inclusion is considered by many to be the pinnacle of success!</p><p class=""spinmail-quill-editor__spin-break""><br></p><p class=""spinmail-quill-editor__spin-break"">We hope you'll consider applying to be a part of this 125-year long tradition!</p>","ARCHIVE",""
"2-MGRhZDc1NDgtODllOS00NDRiLTg1MzUtMGExMTYwYjM4ZmM1XzEwMA==","🌎⚡ NZZ Geopolitics: Depolarizing the news","NZZ","","Jaclyn Leaver","https://www.linkedin.com/in/jaclynleaver","2025-06-22 13:59:30 UTC","","<p class=""spinmail-quill-editor__spin-break"">Dear Jaclyn,</p><p class=""spinmail-quill-editor__spin-break""><br></p><p class=""spinmail-quill-editor__spin-break""><strong>“NZZ Geopolitics provides a perspective on U.S. and world events that is different than that of traditional U.S. media outlets” </strong>– this is what one of our readers says about us.</p><p class=""spinmail-quill-editor__spin-break""><br></p><p class=""spinmail-quill-editor__spin-break"">Do you want our <strong>award-winning content</strong> delivered straight to your inbox?</p><p class=""spinmail-quill-editor__spin-break"">Sign up for our free newsletter below.</p><p class=""spinmail-quill-editor__spin-break""><br></p><p class=""spinmail-quill-editor__spin-break"">In today’s increasingly polarized media market, NZZ Geopolitics offers a critical and fact-based outside view.</p><p class=""spinmail-quill-editor__spin-break""><br></p><p class=""spinmail-quill-editor__spin-break""><strong>🔍 A different perspective on global events:&nbsp;</strong>We<strong> </strong>provide distinctive and unique insights that challenge the polarized narratives so common in the U.S. media.</p><p class=""spinmail-quill-editor__spin-break""><br></p><p class=""spinmail-quill-editor__spin-break""><strong>🌍</strong>&nbsp;<strong>An extensive network of expert reporters:</strong>&nbsp;More than 40 correspondents around the globe, as well as dozens of specialist reporters in Switzerland, bring deep knowledge and thorough analysis to every story.</p><p class=""spinmail-quill-editor__spin-break""><br></p><p class=""spinmail-quill-editor__spin-break"">🇨🇭&nbsp;<strong>Quality journalism from Switzerland:</strong>&nbsp;Embodying the Swiss traditions of precision, reliability and quality, our commitment to journalistic excellence has established the NZZ as a trusted media brand for centuries.</p><p class=""spinmail-quill-editor__spin-break""><br></p><p class=""spinmail-quill-editor__spin-break"">Best wishes,</p><p class=""spinmail-quill-editor__spin-break"">The editorial team</p>","ARCHIVE",""
"2-M2EyY2U5MjktYzI2My00MzI2LWEyMDEtMmY1NDhmMzM2Mjk5XzEwMA==","Sponsored Conversation","LinkedIn Member","","Jaclyn Leaver","https://www.linkedin.com/in/jaclynleaver","2025-06-16 18:32:47 UTC","","<p class=""spinmail-quill-editor__spin-break"">Hey %FIRSTNAME%! Make your event stand out with Event Ads on LinkedIn. Whether it’s virtual, hybrid, or in-person, you can stay connected with your audience throughout the entire event lifecycle—all with one seamless, immersive ad experience.</p><p class=""spinmail-quill-editor__spin-break""><br></p><p class=""spinmail-quill-editor__spin-break"">Click “I’m interested!” to learn more.</p>","ARCHIVE",""
"2-ZDljZGI2MzctMGRlNC00MDFhLWFhMWYtZjFjODQ3NmVlZTFmXzEwMA==","From Classroom to Changemaker","USC Rossier School of Education","","Jaclyn Leaver","https://www.linkedin.com/in/jaclynleaver","2025-06-12 19:44:19 UTC","","<p class=""spinmail-quill-editor__spin-break"">Dear Jaclyn:</p><p class=""spinmail-quill-editor__spin-break""><br></p><p class=""spinmail-quill-editor__spin-break"">You’ve led in the classroom. Now, it’s time to lead the system. The Doctor of Education in Organizational Change and Leadership will get you there.</p><p class=""spinmail-quill-editor__spin-break""><br></p><p class=""spinmail-quill-editor__spin-break"">USC Rossier’s <a rel=""noopener"" href=""https://admissions.rossier.usc.edu/doctor-of-education-in-organizational-change-and-leadership-ocl-online?utm_source=linkedin&utm_medium=paid_message&utm_campaign=ocl&utm_content=tt_ca&li_fat_id=a98b662e-df87-4c8e-a36e-903f9100c3bc"" target=""_blank"">EdD in Organizational Change and Leadership online program</a> was built for passionate educators like you who want to elevate their voice, challenge the status quo, and shape the future of education beyond the walls of a single classroom.</p><p class=""spinmail-quill-editor__spin-break""><br></p><p class=""spinmail-quill-editor__spin-break"">Whether your goals include policy reform, district-wide leadership, or launching your own initiative, this program gives you the tools and strategies to lead transformative change in education and beyond.</p><p class=""spinmail-quill-editor__spin-break""><br></p><p class=""spinmail-quill-editor__spin-break"">You’ll engage in rigorous coursework and complete a dissertation in practice, addressing a real-world problem. Plus, two on-campus immersion weekends will connect you face-to-face with peers and faculty for collaborative learning and leadership development.</p><p class=""spinmail-quill-editor__spin-break""><br></p><p class=""spinmail-quill-editor__spin-break"">Take the next step from educator to educational leader with a doctorate from USC. Apply to join our next online cohort today!</p>","ARCHIVE",""
"2-ZTM1NzE0NGEtYjhlNS00ZWY2LWExZGMtMWYyNDMyN2M4MTc1XzEwMA==","Sponsored Conversation","Jaclyn Leaver","https://www.linkedin.com/in/jaclynleaver","LinkedIn Member","","2025-06-04 19:46:27 UTC","","Take the Quiz","ARCHIVE",""
"2-ZTM1NzE0NGEtYjhlNS00ZWY2LWExZGMtMWYyNDMyN2M4MTc1XzEwMA==","Sponsored Conversation","LinkedIn Member","","Jaclyn Leaver","https://www.linkedin.com/in/jaclynleaver","2025-06-04 19:20:23 UTC","","<p class=""spinmail-quill-editor__spin-break"">Hi %FIRSTNAME% - do you have an interest in working with companies as an advisor or joining a few advisory boards?</p><p class=""spinmail-quill-editor__spin-break""><br></p><p class=""spinmail-quill-editor__spin-break"">My company AdvisoryCloud is working with 100's of companies looking for executives to join their advisory boards - many of which are seeking expertise like yours. </p><p class=""spinmail-quill-editor__spin-break""><br></p><p class=""spinmail-quill-editor__spin-break"">Do you have 3 minutes to take our quiz to see which companies we're working with you'd be a good fit for?</p>","ARCHIVE",""
"2-ZDJhMDI5NmQtODVjNy00Y2ZiLWE5N2ItMTZmYjVlNmQyMzY0XzEwMA==","Your 2025 Inclusion in Who's Who in America!","Kristine McCarthy","","Jaclyn Leaver","https://www.linkedin.com/in/jaclynleaver","2025-05-27 18:58:38 UTC","","<p class=""spinmail-quill-editor__spin-break"">Hello Jaclyn,</p><p class=""spinmail-quill-editor__spin-break""><br></p><p class=""spinmail-quill-editor__spin-break"">We recently came across your profile and would like to invite you to apply for inclusion in the 2025 edition of&nbsp;<em>Who's Who in America!</em></p><p class=""spinmail-quill-editor__spin-break""><br></p><p class=""spinmail-quill-editor__spin-break"">There is no cost or obligation to be included in Who's Who in America!</p><p class=""spinmail-quill-editor__spin-break""><br></p><p class=""spinmail-quill-editor__spin-break"">This is an Invitation- Only opportunity and inclusion is contingent upon verification and acceptance by the Marquis Submissions Department.</p><p class=""spinmail-quill-editor__spin-break""><br></p><p class=""spinmail-quill-editor__spin-break"">Marquis has been publishing the biographies of the world's most influential professionals since 1898. Inclusion is considered by many to be the pinnacle of success!</p><p class=""spinmail-quill-editor__spin-break""><br></p><p class=""spinmail-quill-editor__spin-break"">We hope you'll consider applying to be a part of this 125-year long tradition!</p>","ARCHIVE",""
"2-NTNhYWM3ODctZjc1My00MDdiLWJmOTctZGU1Mzg0OGI4NTBjXzEwMA==","Solving The 2025 School Health Staffing Crisis","Joel Siapno","","Jaclyn Leaver","https://www.linkedin.com/in/jaclynleaver","2025-05-19 17:28:41 UTC","","<p class=""spinmail-quill-editor__spin-break"">Hi Jaclyn,</p><p class=""spinmail-quill-editor__spin-break""><br></p><p class=""spinmail-quill-editor__spin-break""><strong>California’s school nurse shortage isn’t just a staffing issue, it’s a student safety issue.</strong></p><p class=""spinmail-quill-editor__spin-break""><br></p><p class=""spinmail-quill-editor__spin-break"">I’d love to invite you to a <strong>free 30-minute webinar</strong> hosted by School Nursing Solutions:</p><p class=""spinmail-quill-editor__spin-break"">🎯 <strong>Solving the 2025 School Nurse Staffing Crisis</strong></p><p class=""spinmail-quill-editor__spin-break""><br></p><p class=""spinmail-quill-editor__spin-break"">📅<strong> Thursday, May 22nd</strong></p><p class=""spinmail-quill-editor__spin-break"">🕑 <strong>2:00 - 2:30 PM PST</strong></p><p class=""spinmail-quill-editor__spin-break"">💻 Live on Zoom</p><p class=""spinmail-quill-editor__spin-break""><br></p><p class=""spinmail-quill-editor__spin-break"">We’ll share how schools across the state are staying compliant, protecting students, and getting creative with staffing, even without a full-time nurse on campus. You’ll hear real stories of saved lives, practical solutions, and why 40+ districts trust SNS.</p><p class=""spinmail-quill-editor__spin-break""><br></p><p class=""spinmail-quill-editor__spin-break"">Hope you can join us!</p><p class=""spinmail-quill-editor__spin-break""><br></p><p class=""spinmail-quill-editor__spin-break"">Click below to register for the free webinar.</p><p class=""spinmail-quill-editor__spin-break""><br></p><p class=""spinmail-quill-editor__spin-break"">Yours in Education,</p><p class=""spinmail-quill-editor__spin-break"">Joel Siapno, BSN, RN, PHN, SNSC</p><p class=""spinmail-quill-editor__spin-break"">School Nursing Solutions&nbsp;</p><p class=""spinmail-quill-editor__spin-break"">Founder</p>","ARCHIVE",""
"2-ZGUwNTlmNTUtNzEzNS00NTQ1LWIzMGEtNWE3OGU3OTQ4MzMzXzEwMA==","Your Exclusive Seat at Render ATL’s Executive Summit","Justin E. Samuels","","Jaclyn Leaver","https://www.linkedin.com/in/jaclynleaver","2025-05-11 17:22:58 UTC","","<p class=""spinmail-quill-editor__spin-break"">Hi Jaclyn</p><p class=""spinmail-quill-editor__spin-break""><br></p><p class=""spinmail-quill-editor__spin-break"">I wanted to personally invite you to apply to <strong>Render ATL’s Executive Summit</strong>—a <strong>highly curated, invite-only event</strong> for senior tech leaders driving innovation.</p><p class=""spinmail-quill-editor__spin-break""><br></p><p class=""spinmail-quill-editor__spin-break"">This <strong>exclusive</strong> experience offers direct access to <strong>industry decision-makers, breakthrough discussions, and peer collaboration</strong> at the forefront of technology.</p><p class=""spinmail-quill-editor__spin-break""><br></p><p class=""spinmail-quill-editor__spin-break"">Space is limited, and attendance is <strong>complimentary</strong> for select invitees. If this sounds like an event you’d find valuable, I’d love to see you here.</p><p class=""spinmail-quill-editor__spin-break""><br></p><p class=""spinmail-quill-editor__spin-break"">Please submit your request here: https://www.renderatl.com/#executive_summit</p><p class=""spinmail-quill-editor__spin-break""><br></p><p class=""spinmail-quill-editor__spin-break"">Best,</p><p class=""spinmail-quill-editor__spin-break""><br></p><p class=""spinmail-quill-editor__spin-break"">Justin Samuels</p>","ARCHIVE",""
"2-YzQ4MjUwODEtNjM1YS00NTNjLTllNDItNGRhYzljMWUxMGRhXzEwMA==","Sponsored Conversation","LinkedIn Member","","Jaclyn Leaver","https://www.linkedin.com/in/jaclynleaver","2025-05-05 18:26:13 UTC","","<p class=""spinmail-quill-editor__spin-break"">Hi %FIRSTNAME%,</p><p class=""spinmail-quill-editor__spin-break""><br></p><p class=""spinmail-quill-editor__spin-break"">Welcome to LinkedIn Conversation Ads!</p><p class=""spinmail-quill-editor__spin-break""><br></p><p class=""spinmail-quill-editor__spin-break"">You’ve just experienced how this ad format captures attention and creates a natural way to start a personalized conversation with your target audience, right in their LinkedIn messaging inbox.</p><p class=""spinmail-quill-editor__spin-break""><br></p><p class=""spinmail-quill-editor__spin-break"">What makes Conversation Ads special is that your audience gets to choose how they want to interact with your brand, making engagements more relevant and meaningful for them.</p><p class=""spinmail-quill-editor__spin-break""><br></p><p class=""spinmail-quill-editor__spin-break"">Ready to learn about other ad formats that help you truly connect with your audience?</p><p class=""spinmail-quill-editor__spin-break""><br></p><p class=""spinmail-quill-editor__spin-break"">Pick a path to get started!</p>","ARCHIVE",""
"2-MWExNDliMzItZWViOS00MjNmLTg5YWItZTg5M2E1NDA1YjNkXzEwMA==","Sponsored Conversation","LinkedIn Member","","Jaclyn Leaver","https://www.linkedin.com/in/jaclynleaver","2025-05-02 18:22:49 UTC","","<p class=""spinmail-quill-editor__spin-break"">Hey there,</p><p class=""spinmail-quill-editor__spin-break""><br></p><p class=""spinmail-quill-editor__spin-break"">Thousands of small businesses work with Gusto to make payroll a breeze. We can also help you offer benefits and manage HR—painlessly..</p><p class=""spinmail-quill-editor__spin-break""><br></p><p class=""spinmail-quill-editor__spin-break"">Ready to see how Gusto can simplify payroll and HR? Set up your account and explore all our features for free—don't pay anything until you run your first payroll.</p>","ARCHIVE",""
"2-ZGY0OWMzMjMtNjRjYi00OGQ5LWFkM2EtYjYzZjIyYjNhZDcwXzEwMA==","Sponsored Conversation","LinkedIn Member","","Jaclyn Leaver","https://www.linkedin.com/in/jaclynleaver","2025-04-25 18:15:58 UTC","","<p class=""spinmail-quill-editor__spin-break"">Hi there,</p><p class=""spinmail-quill-editor__spin-break""><br></p><p class=""spinmail-quill-editor__spin-break"">Running a small business is challenging enough—payroll and HR shouldn’t add to the stress. Gusto automates the boring, repetitive tasks so you can focus on growing your business.</p><p class=""spinmail-quill-editor__spin-break""><br></p><p class=""spinmail-quill-editor__spin-break"">See how Gusto saves you time and keeps your team happy with seamless payroll, benefits, and compliance tools.</p>","ARCHIVE",""
"2-OTRlYWQwY2YtOTE1YS00Y2ZmLTk2NWUtM2VjMTkyNmFjYzU0XzEwMA==","Join me in San Francisco for Snowflake Dev Day ","Dash DesAI","","Jaclyn Leaver","https://www.linkedin.com/in/jaclynleaver","2025-04-18 16:58:01 UTC","","<p class=""spinmail-quill-editor__spin-break"">Hi Jaclyn,</p><p class=""spinmail-quill-editor__spin-break""><br></p><p class=""spinmail-quill-editor__spin-break"">On June 5th, I will be joining thousands of developers, data scientists and AI practitioners at <a rel=""noopener"" href=""https://www.snowflake.com/en/summit/dev-day/?utm_source=linkedin&utm_medium=paidsocial&utm_campaign=na-us-en-pros-strt-titl8mbgr-bayarea&utm_content=li-inmail-evp-evp-devday2025-control&utm_term=linkedininmail&li_fat_id=6a566a5f-bc8c-4455-84b1-084704c411ba"" target=""_blank"">Snowflake’s Dev Day</a> in San Francisco, and hope you’ll be one of them. We will have talks from industry experts, demos from the most popular AI companies and some fun networking events throughout the day.&nbsp;</p><p class=""spinmail-quill-editor__spin-break""><br></p><p class=""spinmail-quill-editor__spin-break""><strong>The event is free to attend if you RSVP with the link below. Not convinced yet? Here are a few highlights:&nbsp;</strong></p><p class=""spinmail-quill-editor__spin-break""><br></p><ul><li><strong>Level up your AI skills</strong>: Earn a badge in the Gen AI bootcamp, explore cutting-edge tech and open-source projects, and unlock eLearning opportunities to grow your career!</li><li><strong>Get inspired</strong>: Learn from industry experts, community leaders and peers. See their innovations, hear their stories and get motivated!</li><li><strong>Connect and unwind:</strong> Grow your network, meet mentors, join meetups, score exclusive swag, and end the day at our [Code Block] Party.</li></ul><p class=""spinmail-quill-editor__spin-break"">I look forward to meeting you in person.&nbsp;</p><p class=""spinmail-quill-editor__spin-break""><br></p><p class=""spinmail-quill-editor__spin-break"">Hope to see you there!</p><p class=""spinmail-quill-editor__spin-break""><br></p><p class=""spinmail-quill-editor__spin-break"">Sincerely,&nbsp;</p><p class=""spinmail-quill-editor__spin-break"">Dash Desai&nbsp;</p><p class=""spinmail-quill-editor__spin-break"">Sr. Lead Developer Advocate&nbsp;</p><p class=""spinmail-quill-editor__spin-break"">Snowflake</p><p class=""spinmail-quill-editor__spin-break""><br></p>","ARCHIVE",""
"2-Njc3Yjg2OWUtNmNhMS00OGJkLThkNDEtNjZkNmUzOWUyZGQ3XzEwMA==","Sponsored Conversation","LinkedIn Member","","Jaclyn Leaver","https://www.linkedin.com/in/jaclynleaver","2025-04-11 03:55:23 UTC","","<p class=""spinmail-quill-editor__spin-break""><strong>The best nursing services for your school</strong></p><p class=""spinmail-quill-editor__spin-break""><br></p><p class=""spinmail-quill-editor__spin-break"">Dear %FIRSTNAME%,</p><p class=""spinmail-quill-editor__spin-break""><br></p><p class=""spinmail-quill-editor__spin-break"">Finding qualified school nurses can be challenging! We hear it from school leaders across California.</p><p class=""spinmail-quill-editor__spin-break""><br></p><p class=""spinmail-quill-editor__spin-break"">School Nursing Solutions helps schools like yours bridge the gap in student healthcare with:</p><p class=""spinmail-quill-editor__spin-break""><br></p><p class=""spinmail-quill-editor__spin-break"">✅ Credentialed School Nurses, RNs, LVNs &amp; Medical Assistants</p><p class=""spinmail-quill-editor__spin-break"">✅ Flexible, scalable staffing based on your needs</p><p class=""spinmail-quill-editor__spin-break"">✅ 100% compliance with Assembly Bills, Senate Bills, and California Education Codes</p><p class=""spinmail-quill-editor__spin-break"">✅ Support with training, emergency readiness, and student health</p><p class=""spinmail-quill-editor__spin-break""><br></p><p class=""spinmail-quill-editor__spin-break"">We’re working with dozens of leading school such as <strong>Stockton Unified School District</strong>,<strong> Cupertino Union School District</strong>, <strong>O’Farrell Charter Schools</strong>, and<strong> Oakland Military Institute</strong> across the state and we’d love to show you how we can help yours too.</p><p class=""spinmail-quill-editor__spin-break""><br></p><p class=""spinmail-quill-editor__spin-break"">Click below to know how it works.</p><p class=""spinmail-quill-editor__spin-break""><br></p><p class=""spinmail-quill-editor__spin-break"">Yours in Education,</p><p class=""spinmail-quill-editor__spin-break"">Joel Siapno, BSN, RN, PHN, SNSC</p><p class=""spinmail-quill-editor__spin-break"">School Nursing Solutions&nbsp;</p><p class=""spinmail-quill-editor__spin-break"">Founder</p>","ARCHIVE",""
"2-MjViZGZlMTQtMWFhMS00ZWY1LWIyYWUtZjU2ZWUwNTA2ZjdmXzEwMA==","Sponsored Conversation","LinkedIn Member","","Jaclyn Leaver","https://www.linkedin.com/in/jaclynleaver","2025-04-04 03:41:37 UTC","","<p class=""spinmail-quill-editor__spin-break"">Hi %FIRSTNAME%!&nbsp;</p><p class=""spinmail-quill-editor__spin-break""><br></p><p class=""spinmail-quill-editor__spin-break"">As the %JOBTITLE% of %COMPANYNAME%, I’m sure you want to spend less time on HR.</p><p class=""spinmail-quill-editor__spin-break""><br></p><p class=""spinmail-quill-editor__spin-break"">Rippling offers a payroll, benefits, &amp; HRIS solution that’s easy-to-use and cost-effective. Running payroll only takes 90 seconds, and you can onboard new team members in a single click, setting up everything from payroll, benefits, email, Zoom, Slack etc. in the US and abroad!</p><p class=""spinmail-quill-editor__spin-break""><br></p><p class=""spinmail-quill-editor__spin-break"">Interested in learning more? We’ll send you a $100 dollar gift card after we chat!</p>","ARCHIVE",""
"2-MDhiNzQwMzktMWIxMi00MDJlLWIxOWItYTlmMTIxNjIyZTVmXzEwMA==","Sponsored Conversation","LinkedIn Member","","Jaclyn Leaver","https://www.linkedin.com/in/jaclynleaver","2025-03-27 23:35:42 UTC","","<p class=""spinmail-quill-editor__spin-break"">Hi %FIRSTNAME%!</p><p class=""spinmail-quill-editor__spin-break""><br></p><p class=""spinmail-quill-editor__spin-break"">This is Brian with the San Jose Sharks. We would love to host you for one of our upcoming games to learn how we can provide your business with membership solutions that help your teams and clients achieve success.</p><p class=""spinmail-quill-editor__spin-break""><br></p><p class=""spinmail-quill-editor__spin-break"">Click below to fill out a short form and we'll contact you with your complimentary ticket options (subject to availability).</p>","ARCHIVE",""
"2-MGI2OTA4NjYtYzk1My00M2Y0LTljYTAtNDllZDg5OTU0ZmRlXzEwMA==","Sponsored Conversation","LinkedIn Member","","Jaclyn Leaver","https://www.linkedin.com/in/jaclynleaver","2025-03-17 18:51:15 UTC","","<p class=""spinmail-quill-editor__spin-break"">Hello %FIRSTNAME%,</p><p class=""spinmail-quill-editor__spin-break""><br></p><p class=""spinmail-quill-editor__spin-break"">We recently came across your profile and would like to invite you to apply for inclusion in the 2025 edition of&nbsp;<em>Who's Who in America!</em></p><p class=""spinmail-quill-editor__spin-break""><br></p><p class=""spinmail-quill-editor__spin-break"">There is no cost or obligation to be included in Who's Who in America!</p><p class=""spinmail-quill-editor__spin-break""><br></p><p class=""spinmail-quill-editor__spin-break"">This is an Invitation- Only opportunity and inclusion is contingent upon verification and acceptance by the Marquis Submissions Department.</p><p class=""spinmail-quill-editor__spin-break""><br></p><p class=""spinmail-quill-editor__spin-break"">Marquis has been publishing the biographies of the world's most influential professionals since 1898. Inclusion is considered by many to be the pinnacle of success!</p><p class=""spinmail-quill-editor__spin-break""><br></p><p class=""spinmail-quill-editor__spin-break"">I would like to send you an application. Would you be interested in applying?</p>","ARCHIVE",""
"2-ZDY0YTYyODAtMTFlMC00YzhmLTgyMTEtMzM5YmJiMTZhODg0XzEwMA==","Sponsored Conversation","LinkedIn Member","","Jaclyn Leaver","https://www.linkedin.com/in/jaclynleaver","2025-03-10 18:45:22 UTC","","<p class=""spinmail-quill-editor__spin-break"">Hey there,</p><p class=""spinmail-quill-editor__spin-break""><br></p><p class=""spinmail-quill-editor__spin-break"">Are you still juggling multiple tools to handle payroll, benefits, and HR? It’s time for an all-in-one solution.</p><p class=""spinmail-quill-editor__spin-break""><br></p><p class=""spinmail-quill-editor__spin-break"">Gusto simplifies payroll and integrates HR and benefits into a single, easy-to-use platform. Say goodbye to manual processes and hello to efficiency.</p><p class=""spinmail-quill-editor__spin-break""><br></p><p class=""spinmail-quill-editor__spin-break"">Ready to transform the way you manage your team?</p>","ARCHIVE",""
"2-YzBlY2RkNGMtZjIwNC00Zjc2LWEyZWItZDdhMWEwNDk2ZWVjXzEwMA==","Women Leaders MBA Scholarship Invitation","Matt Schenck","","Jaclyn Leaver","https://www.linkedin.com/in/jaclynleaver","2025-03-03 18:44:59 UTC","","<p class=""spinmail-quill-editor__spin-break"">Hi Jaclyn,</p><p class=""spinmail-quill-editor__spin-break""><br></p><p class=""spinmail-quill-editor__spin-break"">Your impressive background and career path in San Francisco caught our attention. I lead Executive MBA Admissions at Quantic — the modern online business school challenging top traditional MBAs.</p><p class=""spinmail-quill-editor__spin-break""><br></p><p class=""spinmail-quill-editor__spin-break"">Based on your profile, I’d like to <a rel=""noopener"" href=""https://quantic.edu/invite/leaders-in-san-francisco?utm_source=linkedin&utm_campaign=EMBA-Women-San-Francisco&utm_medium=inmail&utm_content=20250101-Copy-A&li_fat_id=3718cf4e-0eb6-49d0-b2f7-c3f5588a26e3"" target=""_blank"">invite you to apply</a> with our <strong>Women in Leadership Scholarship</strong> for San Francisco-based professionals, a partial tuition award blending our mission of access in education with a commitment to empower high-achieving women from specific talent-rich cities.</p><p class=""spinmail-quill-editor__spin-break""><br></p><p class=""spinmail-quill-editor__spin-break""><a rel=""noopener"" href=""https://quantic.edu/invite/leaders-in-san-francisco?utm_source=linkedin&utm_campaign=EMBA-Women-San-Francisco&utm_medium=inmail&utm_content=20250101-Copy-A&li_fat_id=3718cf4e-0eb6-49d0-b2f7-c3f5588a26e3"" target=""_blank"">https://quantic.edu/invite/leaders-in-san-francisco</a></p><p class=""spinmail-quill-editor__spin-break""><br></p><p class=""spinmail-quill-editor__spin-break"">If admitted, you would join over 15,000 global alumni in our flexible, 15-month degree, delivering top MBA career outcomes without the usual high cost. Beyond this scholarship, many companies including Amazon and Microsoft sponsor employees through standard tuition benefits, further reducing student costs. Perhaps you are eligible for this funding too.</p><p class=""spinmail-quill-editor__spin-break""><br></p><p class=""spinmail-quill-editor__spin-break"">Next step? Just <a rel=""noopener"" href=""https://quantic.edu/invite/leaders-in-san-francisco?utm_source=linkedin&utm_campaign=EMBA-Women-San-Francisco&utm_medium=inmail&utm_content=20250101-Copy-A&li_fat_id=3718cf4e-0eb6-49d0-b2f7-c3f5588a26e3"" target=""_blank"">sign up</a> to review scholarship details, sample courses, preview our alumni network, and start the free application before the upcoming deadline.</p><p class=""spinmail-quill-editor__spin-break""><br></p><p class=""spinmail-quill-editor__spin-break"">Best regards,</p><p class=""spinmail-quill-editor__spin-break"">Matt Schenck</p><p class=""spinmail-quill-editor__spin-break"">EVP, Admissions</p><p class=""spinmail-quill-editor__spin-break"">Quantic School of Business and Technology</p>","ARCHIVE",""
"2-NzE3NDIyMzQtMmJmMy00MTExLWJkZWUtMTliZWI4YmQzNTU3XzEwMA==","Sponsored Conversation","LinkedIn Member","","Jaclyn Leaver","https://www.linkedin.com/in/jaclynleaver","2025-02-24 18:23:05 UTC","","<p class=""spinmail-quill-editor__spin-break"">Hi %FIRSTNAME%!</p><p class=""spinmail-quill-editor__spin-break""><br></p><p class=""spinmail-quill-editor__spin-break"">I’m touching base to see if you’re considering earning a doctoral degree in education. If so, I wanted to let you know about our online Doctor of Education Leadership (EdD). This program can help you establish yourself as a leader in as few as two years. Choose from three concentrations or our ABD completion option.</p><p class=""spinmail-quill-editor__spin-break""><br></p><p class=""spinmail-quill-editor__spin-break"">Would you like to hear more about our online EdD?</p>","ARCHIVE",""
"2-NDBmYzZhMGQtMTFiMy00NjllLWIyYjEtMmIxYzk4NTNkZGFiXzEwMA==","Sponsored Conversation","LinkedIn Member","","Jaclyn Leaver","https://www.linkedin.com/in/jaclynleaver","2025-02-15 22:17:51 UTC","","<p class=""spinmail-quill-editor__spin-break"">Hi %FIRSTNAME%!&nbsp;</p><p class=""spinmail-quill-editor__spin-break""><br></p><p class=""spinmail-quill-editor__spin-break"">As the %JOBTITLE% of %COMPANYNAME%, I’m sure you want to spend less time on HR.</p><p class=""spinmail-quill-editor__spin-break""><br></p><p class=""spinmail-quill-editor__spin-break"">Rippling offers a payroll, benefits, &amp; HRIS solution that’s easy-to-use and cost-effective. Running payroll only takes 90 seconds, and you can onboard new team members in a single click, setting up everything from payroll, benefits, email, Zoom, Slack etc. in the US and abroad!</p><p class=""spinmail-quill-editor__spin-break""><br></p><p class=""spinmail-quill-editor__spin-break"">Interested in learning more? We’ll send you a $100 dollar gift card after we chat!</p>","ARCHIVE",""
"2-YzZjNWZjNmQtOWU4Yy00ZWM2LTg0OTEtMGM1MjlmOTQ4NDEzXzEwMA==","Sponsored Conversation","LinkedIn Member","","Jaclyn Leaver","https://www.linkedin.com/in/jaclynleaver","2025-02-12 17:02:20 UTC","","<p class=""spinmail-quill-editor__spin-break"">Hi %FIRSTNAME%,</p><p class=""spinmail-quill-editor__spin-break""><br></p><p class=""spinmail-quill-editor__spin-break"">I noticed that you got started on LinkedIn Campaign Manager but haven’t launched a campaign.</p><p class=""spinmail-quill-editor__spin-break""><br></p><p class=""spinmail-quill-editor__spin-break"">Can I help you along?</p>","ARCHIVE",""
"2-NjdlMGY2NDYtZmMxNC00MGUzLWJjOWUtNWY2MWM0NDFjYjRmXzAxMA==","Sponsored Conversation","LinkedIn Member","","Jaclyn Leaver","https://www.linkedin.com/in/jaclynleaver","2025-02-06 16:50:02 UTC","","<p class=""spinmail-quill-editor__spin-break"">Hey there,</p><p class=""spinmail-quill-editor__spin-break""><br></p><p class=""spinmail-quill-editor__spin-break"">Thousands of small businesses work with Gusto to make payroll a breeze. We can also help you offer benefits and manage HR—painlessly..</p><p class=""spinmail-quill-editor__spin-break""><br></p><p class=""spinmail-quill-editor__spin-break"">Ready to see how Gusto can simplify payroll and HR? Set up your account and explore all our features for free—don't pay anything until you run your first payroll.</p>","ARCHIVE",""
"2-Nzg5MmVmYjgtOTE1ZC00ZDFkLWJlOTItZjJlMDNmYjJkNzEwXzAxMw==","Women Leaders MBA Scholarship Invitation","Matt Schenck","","Jaclyn Leaver","https://www.linkedin.com/in/jaclynleaver","2025-01-30 05:06:49 UTC","","<p class=""spinmail-quill-editor__spin-break"">Hi Jaclyn,</p><p class=""spinmail-quill-editor__spin-break""><br></p><p class=""spinmail-quill-editor__spin-break"">Your impressive background and career path in San Francisco caught our attention. I lead Executive MBA Admissions at Quantic — the modern online business school challenging top traditional MBAs.</p><p class=""spinmail-quill-editor__spin-break""><br></p><p class=""spinmail-quill-editor__spin-break"">Based on your profile, I’d like to <a rel=""noopener"" href=""https://quantic.edu/invite/leaders-in-san-francisco?utm_source=linkedin&utm_campaign=EMBA-Women-San-Francisco&utm_medium=inmail&utm_content=20250101-Copy-A&li_fat_id=180db6cd-6a4e-40ba-82f6-045bb300b4b4"" target=""_blank"">invite you to apply</a> with our <strong>Women in Leadership Scholarship</strong> for San Francisco-based professionals, a partial tuition award blending our mission of access in education with a commitment to empower high-achieving women from specific talent-rich cities.</p><p class=""spinmail-quill-editor__spin-break""><br></p><p class=""spinmail-quill-editor__spin-break""><a rel=""noopener"" href=""https://quantic.edu/invite/leaders-in-san-francisco?utm_source=linkedin&utm_campaign=EMBA-Women-San-Francisco&utm_medium=inmail&utm_content=20250101-Copy-A&li_fat_id=180db6cd-6a4e-40ba-82f6-045bb300b4b4"" target=""_blank"">https://quantic.edu/invite/leaders-in-san-francisco</a></p><p class=""spinmail-quill-editor__spin-break""><br></p><p class=""spinmail-quill-editor__spin-break"">If admitted, you would join over 15,000 global alumni in our flexible, 15-month degree, delivering top MBA career outcomes without the usual high cost. Beyond this scholarship, many companies including Amazon and Microsoft sponsor employees through standard tuition benefits, further reducing student costs. Perhaps you are eligible for this funding too.</p><p class=""spinmail-quill-editor__spin-break""><br></p><p class=""spinmail-quill-editor__spin-break"">Next step? Just <a rel=""noopener"" href=""https://quantic.edu/invite/leaders-in-san-francisco?utm_source=linkedin&utm_campaign=EMBA-Women-San-Francisco&utm_medium=inmail&utm_content=20250101-Copy-A&li_fat_id=180db6cd-6a4e-40ba-82f6-045bb300b4b4"" target=""_blank"">sign up</a> to review scholarship details, sample courses, preview our alumni network, and start the free application before the upcoming deadline.</p><p class=""spinmail-quill-editor__spin-break""><br></p><p class=""spinmail-quill-editor__spin-break"">Best regards,</p><p class=""spinmail-quill-editor__spin-break"">Matt Schenck</p><p class=""spinmail-quill-editor__spin-break"">EVP, Admissions</p><p class=""spinmail-quill-editor__spin-break"">Quantic School of Business and Technology</p>","ARCHIVE",""
"2-YjE2YjNkMWEtZjgyMC00OGEyLThkMTUtYzg0NmY3NjkyMGQ3XzAxMA==","Sponsored Conversation","LinkedIn Member","","Jaclyn Leaver","https://www.linkedin.com/in/jaclynleaver","2025-01-22 05:22:41 UTC","","<p class=""spinmail-quill-editor__spin-break"">Hi %FIRSTNAME%!</p><p class=""spinmail-quill-editor__spin-break""><br></p><p class=""spinmail-quill-editor__spin-break"">As the %JOBTITLE% of %COMPANYNAME%, I’m sure you want to spend less time on HR, and more time building the next big thing.</p><p class=""spinmail-quill-editor__spin-break""><br></p><p class=""spinmail-quill-editor__spin-break"">I work at Rippling, and our software offers a cost-effective, all-in-one solution for your HR needs.&nbsp;</p><p class=""spinmail-quill-editor__spin-break""><br></p><p class=""spinmail-quill-editor__spin-break"">Automatically calculate and file taxes (state, federal, and local). Run pay-roll in 90 seconds. And offer big-company benefits – while staying lean – with Rippling PEO.&nbsp;</p><p class=""spinmail-quill-editor__spin-break""><br></p><p class=""spinmail-quill-editor__spin-break"">Any interest in learning more? We’ll send you a $100 dollar gift card after we chat!</p>","ARCHIVE",""
"2-YjkwZjU1MDUtOWM3OC00ZTM4LTk5ODctNDJlNzRhNjA2MTA3XzAxMA==","Sponsored Conversation","LinkedIn Member","","Jaclyn Leaver","https://www.linkedin.com/in/jaclynleaver","2025-01-13 21:20:58 UTC","","<p class=""spinmail-quill-editor__spin-break"">Hi %FIRSTNAME%!</p><p class=""spinmail-quill-editor__spin-break""><br></p><p class=""spinmail-quill-editor__spin-break"">I’m touching base to see if you’re considering earning a doctoral degree in education. If so, I wanted to let you know about our online Doctor of Education Leadership (EdD). This program can help you establish yourself as a leader in as few as two years. Choose from three concentrations or our ABD completion option.</p><p class=""spinmail-quill-editor__spin-break""><br></p><p class=""spinmail-quill-editor__spin-break"">Would you like to hear more about our online EdD?</p>","ARCHIVE",""
"2-MjMzYzA2OTMtNDMxZi00ZDFhLWEyMjgtODI2MzBkMTVjYTM0XzAxMA==","Sponsored Conversation","LinkedIn Member","","Jaclyn Leaver","https://www.linkedin.com/in/jaclynleaver","2025-01-06 17:14:05 UTC","","<p class=""spinmail-quill-editor__spin-break"">Hey there,</p><p class=""spinmail-quill-editor__spin-break""><br></p><p class=""spinmail-quill-editor__spin-break"">Thousands of small businesses work with Gusto to make payroll a breeze. We can also help you offer benefits and manage HR—painlessly..</p><p class=""spinmail-quill-editor__spin-break""><br></p><p class=""spinmail-quill-editor__spin-break"">Ready to see how Gusto can simplify payroll and HR? Set up your account and explore all our features for free—don't pay anything until you run your first payroll.</p>","ARCHIVE",""
"2-MThkZGRiNGUtOGYzZC00NmVkLTkxZjAtMTI5ZTlkNzM1NDUyXzAxMA==","Sponsored Conversation","LinkedIn Member","","Jaclyn Leaver","https://www.linkedin.com/in/jaclynleaver","2025-01-03 14:42:54 UTC","","<p class=""spinmail-quill-editor__spin-break"">Hi %FIRSTNAME%,</p><p class=""spinmail-quill-editor__spin-break""><br></p><p class=""spinmail-quill-editor__spin-break"">To be the best, you need to learn from the best!</p><p class=""spinmail-quill-editor__spin-break""><br></p><p class=""spinmail-quill-editor__spin-break"">Whether you’re looking to get started with LinkedIn Ads, or thinking of sharpening your marketing prowess on LinkedIn, our free live webcasts are a great way to learn from our experts.</p><p class=""spinmail-quill-editor__spin-break""><br></p><p class=""spinmail-quill-editor__spin-break"">Each webcast runs for 60 minutes across multiple time zones, including time for live Q&amp;A, and focuses on pertinent topics: from learning advertising basics, to optimising campaigns, driving more leads, and building brand awareness.</p><p class=""spinmail-quill-editor__spin-break""><br></p><p class=""spinmail-quill-editor__spin-break"">Where would you like to start?</p>","ARCHIVE",""
"2-MTQ3ZGEzZmEtZTkzMC00YjkwLWIwOGYtNzg2ODk0NTAwODk4XzAxMA==","Propel Your Purpose-Driven Career Forward","Robert Bassin","","Jaclyn Leaver","https://www.linkedin.com/in/jaclynleaver","2024-12-30 06:04:12 UTC","","<p class=""spinmail-quill-editor__spin-break"">Hi Jaclyn,</p><p class=""spinmail-quill-editor__spin-break""><br></p><p class=""spinmail-quill-editor__spin-break"">Propel your career and your mission forward with an MBA in Sustainable Solutions from Presidio Graduate School.</p><p class=""spinmail-quill-editor__spin-break""><br></p><p class=""spinmail-quill-editor__spin-break"">Offered at the University of Redlands, Bay Area Campus, our part-time, hybrid master’s program is designed for people like you who are committed to challenging “business as usual” and creating a more equitable, sustainable world.</p><p class=""spinmail-quill-editor__spin-break""><br></p><p class=""spinmail-quill-editor__spin-break"">As a Presidio grad student, you will gain real-world consulting experience and participate in experiential learning projects. Through monthly residencies, you’ll build your network by connecting with passionate leaders in the sustainability field.</p><p class=""spinmail-quill-editor__spin-break""><br></p><p class=""spinmail-quill-editor__spin-break"">Generous scholarships are available, and there’s no GRE or GMAT required!</p><p class=""spinmail-quill-editor__spin-break""><br></p><p class=""spinmail-quill-editor__spin-break"">Learn about the MBA in Sustainable Solutions at Presidio today.</p>","ARCHIVE",""
"2-OTc5MzQ4NDMtZGMxOC00ZGUyLTg5MTAtZGM5MzNjMjMzOTY0XzAxMA==","Your Inclusion in Who's Who in America!","Kristine McCarthy","","Jaclyn Leaver","https://www.linkedin.com/in/jaclynleaver","2024-12-18 17:12:14 UTC","","<p class=""spinmail-quill-editor__spin-break"">Hello Jaclyn,</p><p class=""spinmail-quill-editor__spin-break""><br></p><p class=""spinmail-quill-editor__spin-break"">We recently came across your profile and would like to invite you to apply for inclusion in the 2024 edition of&nbsp;<em>Who's Who in America!</em></p><p class=""spinmail-quill-editor__spin-break""><br></p><p class=""spinmail-quill-editor__spin-break"">There is no cost or obligation to be included in Who's Who in America!</p><p class=""spinmail-quill-editor__spin-break""><br></p><p class=""spinmail-quill-editor__spin-break"">This is an Invitation- Only opportunity and inclusion is contingent upon verification and acceptance by the Marquis Submissions Department.</p><p class=""spinmail-quill-editor__spin-break""><br></p><p class=""spinmail-quill-editor__spin-break"">Marquis has been publishing the biographies of the world's most influential professionals since 1898. Inclusion is considered by many to be the pinnacle of success!</p><p class=""spinmail-quill-editor__spin-break""><br></p><p class=""spinmail-quill-editor__spin-break"">We hope you'll consider applying to be a part of this 125-year long tradition!</p>","ARCHIVE",""
"2-NGQzZGRiOGUtOGRiYi00ZWZiLWEzN2EtNzVmYTE1NWVhOWU2XzAxMA==","Sponsored Conversation","LinkedIn Member","","Jaclyn Leaver","https://www.linkedin.com/in/jaclynleaver","2024-12-11 16:44:26 UTC","","<p class=""spinmail-quill-editor__spin-break"">Hi %FIRSTNAME%!</p><p class=""spinmail-quill-editor__spin-break""><br></p><p class=""spinmail-quill-editor__spin-break"">I’m touching base to see if you’re considering earning a doctoral degree in education. If so, I wanted to let you know about our online Doctor of Education Leadership (EdD). This program can help you establish yourself as a leader in as few as two years. Choose from three concentrations or our ABD completion option.</p><p class=""spinmail-quill-editor__spin-break""><br></p><p class=""spinmail-quill-editor__spin-break"">Would you like to hear more about our online EdD?</p>","ARCHIVE",""
"2-NzBhYjFmOTItMTU1OS00N2Y5LTliYmQtZmVlOTE0YWJkYWY2XzAxMA==","Sponsored Conversation","LinkedIn Member","","Jaclyn Leaver","https://www.linkedin.com/in/jaclynleaver","2024-12-02 20:37:22 UTC","","<p class=""spinmail-quill-editor__spin-break"">Hi there!</p><p class=""spinmail-quill-editor__spin-break""><br></p><p class=""spinmail-quill-editor__spin-break"">Running payroll shouldn’t be a headache. At Gusto, our user-friendly platform is designed for small business owners like you to run payroll in just 16 minutes. Curious about how we can streamline your payroll process?</p>","ARCHIVE",""
"2-ZDI3NThlMGYtYWIzNC00MDMyLWI5ZmItZjA1ZGNkZjI0NWE2XzAxMA==","Sponsored Conversation","LinkedIn Member","","Jaclyn Leaver","https://www.linkedin.com/in/jaclynleaver","2024-11-20 00:18:26 UTC","","<p class=""spinmail-quill-editor__spin-break"">%FIRSTNAME%,</p><p class=""spinmail-quill-editor__spin-break""><br></p><p class=""spinmail-quill-editor__spin-break"">Your extensive experience caught our attention, and we believe you could be an excellent fit for the Berkeley Haas MBA for Executives program, created for experienced professionals like you.</p><p class=""spinmail-quill-editor__spin-break""><br></p><p class=""spinmail-quill-editor__spin-break"">Our MBA for Executives program offers:</p><p class=""spinmail-quill-editor__spin-break""><br></p><p class=""spinmail-quill-editor__spin-break"">• A rigorous general management education with the same high standards and faculty as our full-time MBA program.</p><p class=""spinmail-quill-editor__spin-break"">• Collaborative learning with high caliber peers in an environment that fosters growth.</p><p class=""spinmail-quill-editor__spin-break"">• An in-person learning experience structured around your busy executive schedule.</p><p class=""spinmail-quill-editor__spin-break""><br></p><p class=""spinmail-quill-editor__spin-break"">Are you ready to elevate your leadership skills and career?</p>","ARCHIVE",""
"2-ZmVlN2NiZjYtMjc4Ni00NmU1LWFkMWQtYzIwN2E2ZWVjMDFmXzAxMA==","Sponsored Conversation","LinkedIn Member","","Jaclyn Leaver","https://www.linkedin.com/in/jaclynleaver","2024-11-15 22:10:26 UTC","","<p class=""spinmail-quill-editor__spin-break"">Hi %FIRSTNAME%,</p><p class=""spinmail-quill-editor__spin-break""><br></p><p class=""spinmail-quill-editor__spin-break"">Are you facing bigger goals and tighter budgets? Need to deliver more with less?</p><p class=""spinmail-quill-editor__spin-break""><br></p><p class=""spinmail-quill-editor__spin-break"">The new Accelerate campaigns are AI-driven to build, optimize, and enhance your campaigns while reducing cost per action by up to 42%¹ compared to Classic campaigns.</p><p class=""spinmail-quill-editor__spin-break""><br></p><p class=""spinmail-quill-editor__spin-break"">Ready to learn how Accelerate can help you?</p><p class=""spinmail-quill-editor__spin-break""><br></p><p class=""spinmail-quill-editor__spin-break"">¹Source: LinkedIn analysis of 67 A/B tests, October 2023 - September 2024</p>","ARCHIVE",""
"2-ODlhMWE3N2EtODg0Mi00ZWE1LTlhMDQtYjM3ZjgwZmU3M2RiXzAxMA==","Discover Snowflake at BUILD—Your AI & App Dev Conference!","Dash Desai","","Jaclyn Leaver","https://www.linkedin.com/in/jaclynleaver","2024-11-12 19:14:26 UTC","","<p class=""spinmail-quill-editor__spin-break"">Hi Jaclyn,</p><p class=""spinmail-quill-editor__spin-break""><br></p><p class=""spinmail-quill-editor__spin-break"">I’d like to personally invite you to <strong>Snowflake BUILD, the largest AI and data apps Conference</strong>, on <strong>Nov. 12-14</strong>. Join thousands of developers, data engineers, and data scientists like you to hear our latest product announcements, attend how-to technical sessions, and upskill with hands-on labs focused on Snowflake’s latest innovations.</p><p class=""spinmail-quill-editor__spin-break""><br></p><p class=""spinmail-quill-editor__spin-break"">The event is free to attend, and you’ll be able to discover and test-drive the latest in apps and gen AI innovations, including:&nbsp;</p><p class=""spinmail-quill-editor__spin-break""><br></p><ul><li><strong>Generative AI and LLMs: </strong>Build apps with fully managed LLMs, RAG and your data.&nbsp;</li><li><strong>Snowflake Native Apps: </strong>Build your app and your business with the Snowflake Native App Framework and Snowpark Container Services, while learning how to build data-centric apps that run on top of Snowflake.&nbsp;</li><li><strong>Data engineering: Explore Snowflake’s capabilities to extract value from unstructured data using Document AI, building end-to-end pipelines within Snowflake Notebooks, and modernizing your data processing workloads.</strong></li><li><strong>Machine learning: Dive into ML functions and learn how to train ML models for predictive analysis to bring them into production.</strong></li><li><strong>Open source: </strong>Learn about Snowflake’s open source projects and get involved, including Apache Polaris, Apache Iceberg, Modin, Streamlit, Truera and more.</li></ul><p class=""spinmail-quill-editor__spin-break""><br></p><p class=""spinmail-quill-editor__spin-break""><a rel=""noopener"" href=""https://www.snowflake.com/build/americas/?utm_source=linkedin&utm_medium=paidsocial&utm_campaign=na-us-en-pros-build-itrs4skll4exp5-conv&utm_content=li-inmail-evv-evv-buildsummit2024&utm_term=linkedininmail&li_fat_id=c763351a-d6b1-4923-8bb7-2ceab225cfab"" target=""_blank"">Save Your Seat</a></p><p class=""spinmail-quill-editor__spin-break""><br></p><p class=""spinmail-quill-editor__spin-break"">See you there,</p><p class=""spinmail-quill-editor__spin-break""><br></p><p class=""spinmail-quill-editor__spin-break"">Dash Desai</p><p class=""spinmail-quill-editor__spin-break"">Snowflake Developer Advocate</p><p class=""spinmail-quill-editor__spin-break""><br></p>","ARCHIVE",""
"2-YmNmMmExY2UtMzg0Ni00NWRkLWI0NWMtYTMzYjU3NzA4ZDRlXzAxMA==","Board Position ","Breann Thomas","","Jaclyn Leaver","https://www.linkedin.com/in/jaclynleaver","2024-11-05 00:30:38 UTC","","<p class=""spinmail-quill-editor__spin-break"">Hello Jaclyn,</p><p class=""spinmail-quill-editor__spin-break""><br></p><p class=""spinmail-quill-editor__spin-break"">Your background matches some of our paid board and advisory positions that we have been retained to do a search for and present candidates to. We would love to have a discussion with you! Please schedule a call at your earliest convenience. See calendar below.</p><p class=""spinmail-quill-editor__spin-break""><br></p><p class=""spinmail-quill-editor__spin-break""><br></p><p class=""spinmail-quill-editor__spin-break"">https://calendly.com/boardsi/board-seat-inquiry-l8?month=2024-06</p>","ARCHIVE",""
"2-YzQ3YmE0YjMtYTgyOS00MTY3LTgxZTMtZDI0ODhlZGQxMTYyXzAxMA==","Sponsored Conversation","LinkedIn Member","","Jaclyn Leaver","https://www.linkedin.com/in/jaclynleaver","2024-10-28 19:48:12 UTC","","<p class=""spinmail-quill-editor__spin-break"">Hi %FIRSTNAME%!</p><p class=""spinmail-quill-editor__spin-break""><br></p><p class=""spinmail-quill-editor__spin-break"">I’m touching base to see if you’re considering earning a doctoral degree in education. If so, I wanted to let you know about our online Doctor of Education Leadership (EdD). This program can help you establish yourself as a leader in as few as two years. Choose from three concentrations or our ABD completion option.</p><p class=""spinmail-quill-editor__spin-break""><br></p><p class=""spinmail-quill-editor__spin-break"">Would you like to hear more about our online EdD?</p>","ARCHIVE",""
"2-Y2Y3NjFmODctYTdjNi00OGVmLWJlNWMtNGZhYTE3Nzk3ZDgzXzAxMA==","Sponsored Conversation","LinkedIn Member","","Jaclyn Leaver","https://www.linkedin.com/in/jaclynleaver","2024-10-14 19:07:11 UTC","","<p class=""spinmail-quill-editor__spin-break"">Hi %FIRSTNAME%,</p><p class=""spinmail-quill-editor__spin-break""><br></p><p class=""spinmail-quill-editor__spin-break"">I’m Devin Worthington, Head Of Enrollment at New England Innovation Academy (NEIA).</p><p class=""spinmail-quill-editor__spin-break""><br></p><p class=""spinmail-quill-editor__spin-break"">If you work with students and families who are seeking something non-traditional that provides flexibility in the curriculum, I’d love to connect you with our unique day and boarding school for 7th - 12th grade.&nbsp;</p><p class=""spinmail-quill-editor__spin-break""><br></p><p class=""spinmail-quill-editor__spin-break"">Everything is changing—so why shouldn’t our industry? From the way we grade to personalize schedules, we’re reimagining education so our students will be equipped to lead in our complex world tomorrow.</p><p class=""spinmail-quill-editor__spin-break""><br></p><p class=""spinmail-quill-editor__spin-break"">See if NEIA might be a good fit and feel free to request more info. if you’d like to chat!</p>","ARCHIVE",""
"2-Y2JmY2Q0M2ItN2ZmOC00YTkyLWE2MTQtODVmMjdiN2VlNzM1XzAxMA==","Sponsored Conversation","LinkedIn Member","","Jaclyn Leaver","https://www.linkedin.com/in/jaclynleaver","2024-10-07 17:33:39 UTC","","<p class=""spinmail-quill-editor__spin-break"">Hello %FIRSTNAME%,</p><p class=""spinmail-quill-editor__spin-break""><br></p><p class=""spinmail-quill-editor__spin-break"">We recently came across your profile and would like to invite you to apply for inclusion in the 2024 edition of&nbsp;<em>Who's Who in America!</em></p><p class=""spinmail-quill-editor__spin-break""><br></p><p class=""spinmail-quill-editor__spin-break"">There is no cost or obligation to be included in Who's Who in America!</p><p class=""spinmail-quill-editor__spin-break""><br></p><p class=""spinmail-quill-editor__spin-break"">This is an Invitation- Only opportunity and inclusion is contingent upon verification and acceptance by the Marquis Submissions Department.</p><p class=""spinmail-quill-editor__spin-break""><br></p><p class=""spinmail-quill-editor__spin-break"">Marquis has been publishing the biographies of the world's most influential professionals since 1898. Inclusion is considered by many to be the pinnacle of success!</p><p class=""spinmail-quill-editor__spin-break""><br></p><p class=""spinmail-quill-editor__spin-break"">I would like to send you an application. Would you be interested in applying?</p>","ARCHIVE",""
"2-NGY1NjM1NmItMGQ1ZC00YTY4LWE0NjctODJlYWY1OTRlYmVmXzAxMA==","Sponsored Conversation","LinkedIn Member","","Jaclyn Leaver","https://www.linkedin.com/in/jaclynleaver","2024-10-02 20:46:16 UTC","","<p class=""spinmail-quill-editor__spin-break"">Hi %FIRSTNAME%,</p><p class=""spinmail-quill-editor__spin-break""><br></p><p class=""spinmail-quill-editor__spin-break"">Did you know that you can post a job on LinkedIn for free? LinkedIn Jobs can help you find the people you want to interview, faster.</p><p class=""spinmail-quill-editor__spin-break""><br></p><p class=""spinmail-quill-editor__spin-break"">If you're hiring, we have some helpful resources to share with you:</p><p class=""spinmail-quill-editor__spin-break""><br></p><p class=""spinmail-quill-editor__spin-break"">- Post a free job</p><p class=""spinmail-quill-editor__spin-break"">- Learn how to attract more quality applicants</p><p class=""spinmail-quill-editor__spin-break"">- Discover best practices for finding the right hire</p><p class=""spinmail-quill-editor__spin-break""><br></p><p class=""spinmail-quill-editor__spin-break"">Where would you like to start?</p>","ARCHIVE",""
"2-NzNmMzNiM2QtMzk5Ny00NjZmLWEzMzQtOTNjNTJhOTJiNTM5XzAxMA==","You're Invited","Aston Martin Lagonda Ltd","","Jaclyn Leaver","https://www.linkedin.com/in/jaclynleaver","2024-09-26 23:12:12 UTC","","<p class=""spinmail-quill-editor__spin-break"">Mr./Mrs. Leaver</p><p class=""spinmail-quill-editor__spin-break""><br></p><p class=""spinmail-quill-editor__spin-break"">All the power, performance, and craftmanship you expect from Aston Martin now comes in an SUV. I invite you to test drive and experience DBX707 firsthand. The supercar of SUVs.</p><p class=""spinmail-quill-editor__spin-break""><br></p><p class=""spinmail-quill-editor__spin-break"">Inquire below to learn more about the exceptional financing options currently available.</p><p class=""spinmail-quill-editor__spin-break""><br></p><p class=""spinmail-quill-editor__spin-break"">Sincerely,</p><p class=""spinmail-quill-editor__spin-break""><br></p><p class=""spinmail-quill-editor__spin-break"">Pedro Mota</p><p class=""spinmail-quill-editor__spin-break"">President of the Americas</p><p class=""spinmail-quill-editor__spin-break"">Aston Martin</p>","ARCHIVE",""
"2-NTFhY2M5NWItZGYxMi00ZTZjLTk0YTktNWI4NmY1NWI5NTc5XzAxMA==","Sponsored Conversation","LinkedIn Member","","Jaclyn Leaver","https://www.linkedin.com/in/jaclynleaver","2024-09-19 21:19:18 UTC","","<p class=""spinmail-quill-editor__spin-break"">Hi %FIRSTNAME%!</p><p class=""spinmail-quill-editor__spin-break""><br></p><p class=""spinmail-quill-editor__spin-break"">I’m touching base to see if you’re considering earning a doctoral degree in education. If so, I wanted to let you know about our online Doctor of Education Leadership (EdD). This program can help you establish yourself as a leader in as few as two years. Choose from three concentrations or our ABD completion option.</p><p class=""spinmail-quill-editor__spin-break""><br></p><p class=""spinmail-quill-editor__spin-break"">Would you like to hear more about our online EdD?</p>","ARCHIVE",""
"2-ZmFlNWQyNjItYWY2YS00YzdmLWJjNmQtOTE3Mjg2OTYxMDYwXzAxMA==","Sponsored Conversation","LinkedIn Member","","Jaclyn Leaver","https://www.linkedin.com/in/jaclynleaver","2024-09-12 20:37:12 UTC","","","ARCHIVE",""
"2-ZmFlNWQyNjItYWY2YS00YzdmLWJjNmQtOTE3Mjg2OTYxMDYwXzAxMA==","Sponsored Conversation","Jaclyn Leaver","https://www.linkedin.com/in/jaclynleaver","LinkedIn Member","","2024-09-12 20:37:12 UTC","","Yes - Send Advisory Roles","ARCHIVE",""
"2-ZmFlNWQyNjItYWY2YS00YzdmLWJjNmQtOTE3Mjg2OTYxMDYwXzAxMA==","Sponsored Conversation","LinkedIn Member","","Jaclyn Leaver","https://www.linkedin.com/in/jaclynleaver","2024-09-12 20:36:36 UTC","","<p class=""spinmail-quill-editor__spin-break"">Hi %FIRSTNAME% - do you have an interest in working with companies as an advisor or joining a few advisory boards?</p><p class=""spinmail-quill-editor__spin-break""><br></p><p class=""spinmail-quill-editor__spin-break"">My company AdvisoryCloud is working with 100's of companies that are looking for executives to join their advisory boards - many of which are seeking %JOBTITLE% advisors.</p><p class=""spinmail-quill-editor__spin-break""><br></p><p class=""spinmail-quill-editor__spin-break"">Can I send over a few opportunities that might align with your expertise?</p>","ARCHIVE",""
"2-OWNiYWNjNGUtYzgzMS00OGI3LTkwMDQtYWRkNmI3YTYyY2MzXzAxMA==","Confluence has templates for every team","Atlassian","","Jaclyn Leaver","https://www.linkedin.com/in/jaclynleaver","2024-09-04 22:58:57 UTC","","<p class=""spinmail-quill-editor__spin-break"">Hi Jaclyn,</p><p class=""spinmail-quill-editor__spin-break""><br></p><p class=""spinmail-quill-editor__spin-break"">It’s easy to get started with Confluence, the remote-friendly workspace where knowledge and collaboration meet. Confluence comes equipped with best-practice templates so you don’t have to reinvent the wheel. Get started easily, maintain consistency across teams and projects, and customize as you go.</p><p class=""spinmail-quill-editor__spin-break""><br></p><p class=""spinmail-quill-editor__spin-break"">Sign up for a free, pick one of the customizable templates, and get started today!</p>","ARCHIVE",""
"2-OGJjNmY3ZTktODVjNS00ODU2LThlZWQtNmZjNDAyOTQ2ZDZhXzAxMA==","Sponsored Conversation","LinkedIn Member","","Jaclyn Leaver","https://www.linkedin.com/in/jaclynleaver","2024-08-28 19:03:43 UTC","","<p class=""spinmail-quill-editor__spin-break"">Hey %FIRSTNAME%,</p><p class=""spinmail-quill-editor__spin-break""><br></p><p class=""spinmail-quill-editor__spin-break"">As a %JOBTITLE% at %COMPANYNAME% you’re probably looking for an Employer of Record solution that keeps things simple—no matter what’s on the horizon for your business.</p><p class=""spinmail-quill-editor__spin-break""><br></p><p class=""spinmail-quill-editor__spin-break"">That’s why we wrote this guide. Discover how the right EOR solution can help you classify and hire workers compliantly across the globe.</p>","ARCHIVE",""
"2-ODFmNzc5ZmUtYTFlOC00ODYzLWEzNzYtZGU3MmUzYmJmNjRhXzAxMA==","Partner with CCWomen!","Emily Dunn","","Jaclyn Leaver","https://www.linkedin.com/in/jaclynleaver","2024-08-21 17:59:10 UTC","","<p class=""spinmail-quill-editor__spin-break"">Hi there,</p><p class=""spinmail-quill-editor__spin-break""><br></p><p class=""spinmail-quill-editor__spin-break"">Looking to empower women in customer contact and business?&nbsp;Pave the way for future luminaries by partnering with CCWomen!</p><p class=""spinmail-quill-editor__spin-break""><br></p><p class=""spinmail-quill-editor__spin-break"">We partner with businesses to elevate their corporate identity and provide a platform for critical conversations, cultivating transformative gender equity initiatives. Our diverse sponsorship and membership packages offer networking, branding, and individual development opportunities to drive organizational success.</p><p class=""spinmail-quill-editor__spin-break""><br></p><p class=""spinmail-quill-editor__spin-break"">Here is a copy of our Partnership Kit with more details; please let me know if you have any questions.</p><p class=""spinmail-quill-editor__spin-break""><br></p><p class=""spinmail-quill-editor__spin-break"">Best,</p><p class=""spinmail-quill-editor__spin-break"">Emily Dunn</p><p class=""spinmail-quill-editor__spin-break"">Sr. Digital Marketing Manager</p><p class=""spinmail-quill-editor__spin-break"">CCWomen</p>","ARCHIVE",""
"2-MTcyZmFjZDUtODYxYS00ZWViLWI0Y2UtOGMzMDAwMmFjYjQwXzAxMA==","Sponsored Conversation","LinkedIn Member","","Jaclyn Leaver","https://www.linkedin.com/in/jaclynleaver","2024-08-12 23:22:22 UTC","","<p class=""spinmail-quill-editor__spin-break"">Hi there, %FIRSTNAME%! Are you interested in exploring jobs in the %INDUSTRY% sector? Try Premium for free to find a job faster.</p>","ARCHIVE",""
"2-YWMxZGZhMjQtMzJlNC00ODU1LTg5NTAtYTU5YjEyZTc4MDFhXzAxMA==","Sponsored Conversation","LinkedIn Member","","Jaclyn Leaver","https://www.linkedin.com/in/jaclynleaver","2024-08-09 16:41:33 UTC","","<p class=""spinmail-quill-editor__spin-break"">Hi %FIRSTNAME% - do you have an interest in working with companies as an advisor or joining a few advisory boards?</p><p class=""spinmail-quill-editor__spin-break""><br></p><p class=""spinmail-quill-editor__spin-break"">My company AdvisoryCloud is working with 100's of companies that are looking for executives to join their advisory boards - many of which are seeking expertise in the %INDUSTRY% industry. </p><p class=""spinmail-quill-editor__spin-break""><br></p><p class=""spinmail-quill-editor__spin-break"">Can I send over a few opportunities that might align with your expertise?</p>","ARCHIVE",""
"2-M2RmOGVhNTYtYzM5OC00ZjQ0LTlmNjUtMDdhNGZmMGM3Yzc1XzAxMA==","Work better together – from wherever","Atlassian","","Jaclyn Leaver","https://www.linkedin.com/in/jaclynleaver","2024-07-31 21:59:51 UTC","","<p class=""spinmail-quill-editor__spin-break"">Hi Jaclyn,</p><p class=""spinmail-quill-editor__spin-break""><br></p><p class=""spinmail-quill-editor__spin-break"">Whether your teams work in the same office or you work together from afar, it’s important to have the right workspace set up to keep everyone on the same page. That’s why we (and 60k other teams) use Confluence because it helps us:</p><p class=""spinmail-quill-editor__spin-break""><br></p><ul><li>Stay focused on the big picture</li><li>Organizes our files in one workspace</li><li>Build an open, collaborative culture</li></ul><p class=""spinmail-quill-editor__spin-break"">But you don’t just have to take our word for it – try Confluence yourself, for free.</p><p class=""spinmail-quill-editor__spin-break""><br></p>","ARCHIVE",""
"2-ZGM0MTBkZWUtOTY1Ni00YTgzLTgzNmMtMjkwOGYwNDMwMmU0XzAxMA==","Sponsored Conversation","LinkedIn Member","","Jaclyn Leaver","https://www.linkedin.com/in/jaclynleaver","2024-07-23 17:57:53 UTC","","<p class=""spinmail-quill-editor__spin-break"">Empower your career through enhanced language education skills.</p><p class=""spinmail-quill-editor__spin-break""><br></p><p class=""spinmail-quill-editor__spin-break"">Hi there, %FIRSTNAME%! My name is Alison, and I work with the University of Cincinnati Online. I thought you might be interested in our MEd in Literacy and Second Language Studies. The demand for literacy and language support is expanding, offering graduates a wide array of career choices. With dedicated faculty and practical experience, UC's program is a top choice for educators.</p><p class=""spinmail-quill-editor__spin-break""><br></p><p class=""spinmail-quill-editor__spin-break"">Would you like to learn more?</p>","ARCHIVE",""
"2-ZmM2YjE1OWUtMWZiNi00MGI5LWEwZGEtZmU2N2ExZDFlMDExXzAxMA==","Side gig: We want you to join our team as a Content Editor!","Sarah Roberts","","Jaclyn Leaver","https://www.linkedin.com/in/jaclynleaver","2024-07-16 00:49:13 UTC","","<p class=""spinmail-quill-editor__spin-break"">Hi Jaclyn,</p><p class=""spinmail-quill-editor__spin-break""><br></p><p class=""spinmail-quill-editor__spin-break"">We are looking for a Content Editor to join our team and teach AI chatbots -- no AI background is required! Your profile stood out, so I wanted to reach out to encourage you to apply.</p><p class=""spinmail-quill-editor__spin-break""><br></p><p class=""spinmail-quill-editor__spin-break""><strong>Benefits:</strong></p><p class=""spinmail-quill-editor__spin-break""><br></p><ul><li>Part-time or full-time, REMOTE position</li><li>Choose your projects and schedule</li><li>Paid hourly, starting at $20+ USD per hour, with bonuses for high-quality and high-volume work</li></ul><p class=""spinmail-quill-editor__spin-break""><br></p><p class=""spinmail-quill-editor__spin-break""><strong>Responsibilities:</strong></p><p class=""spinmail-quill-editor__spin-break""><br></p><ul><li>Come up with diverse conversations over a range of topics</li><li>Write high-quality answers when given specific prompts</li><li>Research and fact-check AI responses</li></ul><p class=""spinmail-quill-editor__spin-break""><br></p><p class=""spinmail-quill-editor__spin-break"">You must be fluent in English, have a Bachelor's degree (completed or in progress), and have excellent writing and grammar skills.</p><p class=""spinmail-quill-editor__spin-break""><br></p><p class=""spinmail-quill-editor__spin-break"">We look forward to reviewing your application!</p>","ARCHIVE",""
"2-ODBlN2FjOTQtZGMxNC00YTk1LWIwZmYtZDc0NTAxZTVhZGRlXzAxMA==","Sponsored Conversation","LinkedIn Member","","Jaclyn Leaver","https://www.linkedin.com/in/jaclynleaver","2024-07-10 19:58:30 UTC","","<p class=""spinmail-quill-editor__spin-break"">Hi %FIRSTNAME%,</p><p class=""spinmail-quill-editor__spin-break""><br></p><p class=""spinmail-quill-editor__spin-break"">Need to hire but limited on time?<a href=""https://www.linkedin.com/job-posting/?src=li-in&amp;trk=spinml_mktg_job_lts_ss_NAMER_US_EN_SB_V1PostMatchHireGreen=LTS_SS_ACQ_SM_Convo_NAMER_US_EN_SB_MicrositeWOW_1328_Website_Visits_BAU_FREE_ACCN&amp;mcid=7173999776185643008"" rel=""noopener nofollow"" target=""_blank"" class=""ql-link""> LinkedIn Jobs</a> simplifies the hiring process — so you can get back to business.</p><p class=""spinmail-quill-editor__spin-break""><br></p><ul><li>Post a job in minutes with AI-assisted job description generation</li><li>Quickly match with qualified professionals that you won’t find anywhere else</li><li>Easily filter your top choices and start a conversation with templated messages</li></ul><p class=""spinmail-quill-editor__spin-break""><br></p><p class=""spinmail-quill-editor__spin-break""><strong>86% of small businesses get a qualified applicant within 24 hours</strong> of posting their job. Ready to get started?</p>","ARCHIVE",""
"2-NGMwYzUyNmMtZDYxYS00NzY1LTkyYjEtMjUwNDk4MzRlNDliXzAxMA==","Get Work-life Balance with an Outdoor Franchise Opportunity","Michael Newman","","Jaclyn Leaver","https://www.linkedin.com/in/jaclynleaver","2024-07-06 00:16:59 UTC","","<p class=""spinmail-quill-editor__spin-break"">Jaclyn,</p><p class=""spinmail-quill-editor__spin-break""><br></p><p class=""spinmail-quill-editor__spin-break"">As a high-achieving leader, you've dedicated countless hours to building a successful career. However, have you found yourself yearning for a change of pace? If so, I have an exciting opportunity that may pique your interest.</p><p class=""spinmail-quill-editor__spin-break""><br></p><p class=""spinmail-quill-editor__spin-break"">Introducing the Mosquito Squad franchise – a thriving venture that combines the joys of working outdoors with the rewards of a rapidly growing industry. Imagine trading the confines of an office for the freedom of being your own boss, immersed in nature while providing a valuable service to your community.</p><p class=""spinmail-quill-editor__spin-break""><br></p><p class=""spinmail-quill-editor__spin-break"">If you're ready to embark on a new chapter, one that harmonizes your business acumen with your desire for a more fulfilling work-life balance, I'd be delighted to schedule a call with you. Together, we can explore how Mosquito Squad can be the perfect opportunity for you to step outside your comfort zone and embrace the great outdoors as a business owner.</p><p class=""spinmail-quill-editor__spin-break""><br></p><p class=""spinmail-quill-editor__spin-break"">Best regards,</p><p class=""spinmail-quill-editor__spin-break"">Mike Newman</p><p class=""spinmail-quill-editor__spin-break"">Mosquito Squad</p>","ARCHIVE",""
"2-YzI2Yjk0ZmMtOWE1Zi00YmRkLWEwY2EtNDBlMDI2NTY1NmVlXzAxMA==","Get 50% off Hootsuite + free social listening","Cedric Bruce-Kotey","","Jaclyn Leaver","https://www.linkedin.com/in/jaclynleaver","2024-06-27 22:10:47 UTC","","<p class=""spinmail-quill-editor__spin-break"">Hi Jaclyn, my name is Cedric and I'm a Senior Manager of Paid Social at Hootsuite.</p><p class=""spinmail-quill-editor__spin-break""><br></p><p class=""spinmail-quill-editor__spin-break"">Did you know you can get 50% off Hootsuite Pro or Team plans and receive free social listening (coming soon) for a limited time only?</p><p class=""spinmail-quill-editor__spin-break""><br></p><p class=""spinmail-quill-editor__spin-break"">Hootsuite is the leading social media management platform to schedule posts, monitor conversations, and measure results across channels.</p><p class=""spinmail-quill-editor__spin-break""><br></p><p class=""spinmail-quill-editor__spin-break"">With this deal, you'll get:</p><ul><li>Discounted pricing on Hootsuite's powerful publishing and analytics tools&nbsp;&nbsp;</li><li>Free social listening to monitor brand mentions, trends, competitors, and more</li></ul><p class=""spinmail-quill-editor__spin-break"">This offer won't last long!</p>","ARCHIVE",""
"2-NjBkYzc3ZDAtYTgyYS00ODg3LTk4NDctZjkwYjM3YTNmZGZiXzAxMA==","Get 50% off Hootsuite + free social listening","George Bradley","","Jaclyn Leaver","https://www.linkedin.com/in/jaclynleaver","2024-06-20 17:32:47 UTC","","<p class=""spinmail-quill-editor__spin-break"">Hi Jaclyn, my name is George and I'm a Marketing Strategist at Hootsuite.</p><p class=""spinmail-quill-editor__spin-break""><br></p><p class=""spinmail-quill-editor__spin-break"">Did you know you can get 50% off Hootsuite Pro or Team plans and receive free social listening (coming soon) for a limited time only?</p><p class=""spinmail-quill-editor__spin-break""><br></p><p class=""spinmail-quill-editor__spin-break"">Hootsuite is the leading social media management platform to schedule posts, monitor conversations, and measure results across channels.</p><p class=""spinmail-quill-editor__spin-break""><br></p><p class=""spinmail-quill-editor__spin-break"">With this deal, you'll get:</p><ul><li>Discounted pricing on Hootsuite's powerful publishing and analytics tools&nbsp;&nbsp;</li><li>Free social listening to monitor brand mentions, trends, competitors, and more</li></ul><p class=""spinmail-quill-editor__spin-break"">This offer won't last long!</p>","ARCHIVE",""
"2-ZDE2M2M4MmItNDZiZC00YTE2LWJhZGMtNzMwODAyOGU0MGRjXzAxMA==","The next era of Jira is for marketers","Atlassian","","Jaclyn Leaver","https://www.linkedin.com/in/jaclynleaver","2024-06-13 22:50:12 UTC","","<p class=""spinmail-quill-editor__spin-break"">Hi Jaclyn,</p><p class=""spinmail-quill-editor__spin-break""><br></p><p class=""spinmail-quill-editor__spin-break"">Did you know that Jira isn’t just for software teams? It helps all types of teams do their best work together. But Jira also has <a rel=""noopener"" href=""https://www.atlassian.com/jira/solutions/marketing?utm_source=linkedin&amp&utm_medium=paid-social&amp&utm_campaign=P%3Ajira%7CO%3Appm%7CV%3Alinkedin%7CG%3Aus%7CL%3Aen%7CF%3Anot-aware%7CT%3Ainterest%7CI%3Aimc-jira-rejuv-mkt%7CA%3Ainmail%7CD%3Aalld&amp&utm_content=P%3Ajira%7CO%3Appm%7CV%3Alinkedin%7CG%3Aus%7CL%3Aen%7CF%3Anot-aware%7CT%3Ainterest%7CI%3Aimc-jira-rejuv-mkt%7CA%3Ainmail%7CD%3Aalld%7CU%3Askills_inmail-core-projmgmt-projmgmt-marketing-300x250-na-mk-crystal&li_fat_id=dec27483-1463-4baf-ac54-834ec55b6caa"" target=""_blank"">special workflows just for marketers.</a> Would you like to take a look?</p><p class=""spinmail-quill-editor__spin-break""><br></p><p class=""spinmail-quill-editor__spin-break"">Of course! Jira has lots of new features that help marketers get closer to product teams AND do their own work more efficiently. With Jira, marketers can:</p><p class=""spinmail-quill-editor__spin-break""><br></p><p class=""spinmail-quill-editor__spin-break"">🚀 Plan amazing campaigns</p><p class=""spinmail-quill-editor__spin-break"">🤝Collaborate and track work across teams</p><p class=""spinmail-quill-editor__spin-break"">📈 Report on progress and stay ahead of goals</p><p class=""spinmail-quill-editor__spin-break""><br></p><p class=""spinmail-quill-editor__spin-break"">Jira is more flexible, customizable, and powerful than ever. <a rel=""noopener"" href=""https://www.atlassian.com/jira/solutions/marketing?utm_source=linkedin&amp&utm_medium=paid-social&amp&utm_campaign=P%3Ajira%7CO%3Appm%7CV%3Alinkedin%7CG%3Aus%7CL%3Aen%7CF%3Anot-aware%7CT%3Ainterest%7CI%3Aimc-jira-rejuv-mkt%7CA%3Ainmail%7CD%3Aalld&amp&utm_content=P%3Ajira%7CO%3Appm%7CV%3Alinkedin%7CG%3Aus%7CL%3Aen%7CF%3Anot-aware%7CT%3Ainterest%7CI%3Aimc-jira-rejuv-mkt%7CA%3Ainmail%7CD%3Aalld%7CU%3Askills_inmail-core-projmgmt-projmgmt-marketing-300x250-na-mk-crystal&li_fat_id=dec27483-1463-4baf-ac54-834ec55b6caa"" target=""_blank"">See for yourself, get started with Jira today.</a></p>","ARCHIVE",""
"2-ODQwZWY5NjctMjMyNS00YTU5LWFhODAtMmJlOWJjNThlNDhjXzAxMA==","Get the applicants you need for free","Sarah Walz from LinkedIn","","Jaclyn Leaver","https://www.linkedin.com/in/jaclynleaver","2024-06-04 17:46:42 UTC","","<p class=""spinmail-quill-editor__spin-break"">Hi Jaclyn,</p><p class=""spinmail-quill-editor__spin-break""><br></p><p class=""spinmail-quill-editor__spin-break"">Businesses around the world are grappling with these challenging times. If hiring is a priority for your business, LinkedIn Jobs can help.</p><p class=""spinmail-quill-editor__spin-break""><br></p><p class=""spinmail-quill-editor__spin-break"">Why should you post a job on LinkedIn?</p><p class=""spinmail-quill-editor__spin-break""><br></p><ul><li><strong>Our community is active and engaged:</strong>&nbsp;On LinkedIn, people are applying to the jobs they need.</li><li><strong>LinkedIn learns who's right for your job:</strong>&nbsp;As people share and update their experience, skills, and aspirations.</li><li><strong>Get qualified applicants when you need them:</strong>&nbsp;LinkedIn encourages the right people to apply for your job.</li></ul><p class=""spinmail-quill-editor__spin-break""><a rel=""noopener"" href=""https://www.linkedin.com/talent/post-a-job?src=li-in&amp&trk=spinml_mktg_job_lts_ss_NAMER_US_EN_RetargetingExpansion_GetTheApplicantsBlueControl&amp&utm_source=linkedin&amp&utm_medium=inmail&amp&utm_campaign=LTS_SS_ACQ_SM_MA_NAMER_US_EN_RetargetingExpansion_Blog_WOW_Website_Conversions_BAU_ACCN&li_fat_id=5d4b3bd6-a3fe-4dd4-b56a-457e00a89ed2"" target=""_blank"">Post a job for free.</a></p><p class=""spinmail-quill-editor__spin-break""><br></p><p class=""spinmail-quill-editor__spin-break"">Sincerely,</p><p class=""spinmail-quill-editor__spin-break"">Sarah from LinkedIn Jobs</p>","ARCHIVE",""
"2-Y2M2Y2FiM2MtYzY2My00OGNmLWI4MzAtMzFlMmE3MTQ3NTM5XzAxMA==","Sponsored Conversation","LinkedIn Member","","Jaclyn Leaver","https://www.linkedin.com/in/jaclynleaver","2024-05-07 17:39:24 UTC","","<p class=""spinmail-quill-editor__spin-break"">Hey %FIRSTNAME%</p><p class=""spinmail-quill-editor__spin-break""><br></p><p class=""spinmail-quill-editor__spin-break"">Would you make smarter product decisions if you could get the answer to ANY question on user behavior… in one click?&nbsp;</p><p class=""spinmail-quill-editor__spin-break""><br></p><p class=""spinmail-quill-editor__spin-break"">With Mixpanel’s intuitive dashboards you can stop relying on data teams to pull together analysis… so ALL teams can self-serve the answers they need (no technical skills required)!&nbsp;</p><p class=""spinmail-quill-editor__spin-break""><br></p><p class=""spinmail-quill-editor__spin-break"">Join companies like Yelp and Wise in empowering better decision-making for more powerful and profitable products.&nbsp;</p><p class=""spinmail-quill-editor__spin-break""><br></p><p class=""spinmail-quill-editor__spin-break"">Want to see how it works?&nbsp;👇</p>","ARCHIVE",""
"2-MDJlY2RiM2UtNjdmZS00NmZiLTkyZjUtYmRlYzU4YjJhZWVlXzAxMA==","Grow your app marketing skills and get results.","Apple","","Jaclyn Leaver","https://www.linkedin.com/in/jaclynleaver","2024-04-22 18:22:23 UTC","","<p class=""spinmail-quill-editor__spin-break"">Hi Jaclyn,</p><p class=""spinmail-quill-editor__spin-break""><br></p><p class=""spinmail-quill-editor__spin-break"">Want to become a better app marketer?&nbsp;</p><p class=""spinmail-quill-editor__spin-break""><br></p><p class=""spinmail-quill-editor__spin-break""><a rel=""noopener"" href=""https://searchads.apple.com/certification?cid=rv-asa-101100000003120"" target=""_blank"">Apple Search Ads Certification</a> is free online training to help you effectively promote your app and reach more people across the App Store. The course is filled with proven best practices to help you drive stronger campaign performance, and each lesson takes just 10–20 minutes to complete.</p><p class=""spinmail-quill-editor__spin-break""><br></p><p class=""spinmail-quill-editor__spin-break"">Get started with Apple Search Ads Certification.</p><p class=""spinmail-quill-editor__spin-break""><br></p>","ARCHIVE",""
"2-MWFlNTczNmMtNWI5Yi00NTFkLTk1ODUtNjJiN2ZiNWQ0YzNhXzAxMA==","Meaningful hires start with meaningful conversations.","Sarah Walz from LinkedIn","","Jaclyn Leaver","https://www.linkedin.com/in/jaclynleaver","2024-04-17 21:46:22 UTC","","<p class=""spinmail-quill-editor__spin-break"">Dear Jaclyn,</p><p class=""spinmail-quill-editor__spin-break""><br></p><p class=""spinmail-quill-editor__spin-break"">When you interview the right people, good things happen. That’s why LinkedIn Jobs helps you start more of those conversations worth having, sooner—with every job you post.&nbsp;</p><p class=""spinmail-quill-editor__spin-break""><br></p><ul><li><strong>Find the right people for free.</strong></li></ul><p class=""spinmail-quill-editor__spin-break"">Post a free job and tap into a network of over 770 million professionals.&nbsp;</p><p class=""spinmail-quill-editor__spin-break""><br></p><ul><li><strong>Prioritize the most qualified.&nbsp;</strong></li></ul><p class=""spinmail-quill-editor__spin-break"">Simple tools like screening questions and candidate rating help you quickly filter and prioritize who you should be talking to.</p><p class=""spinmail-quill-editor__spin-break""><br></p><ul><li><strong>Choose who’s right for you.</strong></li></ul><p class=""spinmail-quill-editor__spin-break"">We can get you to the right people, but only you know the right choice for your business.</p><p class=""spinmail-quill-editor__spin-break""><br></p><p class=""spinmail-quill-editor__spin-break""><a rel=""noopener"" href=""https://www.linkedin.com/talent/post-a-job?src=li-in&amp;trk=spinml_mktg_job_lts_ss_NAMER_US_EN_RetargetingExpansion_Blog_MeaningfulGreen&amp;utm_source=linkedin&amp;utm_medium=inmail&amp;utm_campaign=LTS_SS_ACQ_SM_MA_NAMER_US_EN_RetargetingExpansion_Blog_WOW_Website_Conversions_BAU_FREE_ACCN&li_fat_id=d8ece1f0-694d-42ea-9f05-71b74b159d31"" target=""_blank""><strong>Post a free job</strong></a></p><p class=""spinmail-quill-editor__spin-break""><br></p><p class=""spinmail-quill-editor__spin-break"">Sincerely,</p><p class=""spinmail-quill-editor__spin-break"">Sarah from LinkedIn Jobs</p>","ARCHIVE",""
"2-MTY3MmNhZTYtMWMwYy00MWQwLWFjN2EtYTg3Yzg4NTU5ZjdmXzAxMA==","Sponsored Conversation","LinkedIn Member","","Jaclyn Leaver","https://www.linkedin.com/in/jaclynleaver","2024-04-08 03:09:35 UTC","","<p class=""spinmail-quill-editor__spin-break"">Greetings %FIRSTNAME%. As your Executive DBA Program Advisor at Saint Mary's College, we're looking to foster future thought leaders like yourself into scholarly practitioners. Based on your qualifications, we think you'd be a great fit for our program!</p><p class=""spinmail-quill-editor__spin-break""><br></p><p class=""spinmail-quill-editor__spin-break"">·&nbsp;Graduate in 3 years</p><p class=""spinmail-quill-editor__spin-break"">·&nbsp;Online and in-person</p><p class=""spinmail-quill-editor__spin-break"">·&nbsp;Scholarships available</p><p class=""spinmail-quill-editor__spin-break"">·&nbsp;Collaboration over competition, we're looking for lifelong learners</p><p class=""spinmail-quill-editor__spin-break"">·&nbsp;Expand your existing knowledge both from theoretical and analytical perspectives</p><p class=""spinmail-quill-editor__spin-break""><br></p><p class=""spinmail-quill-editor__spin-break"">Let's schedule a 15-minute 1-on-1 so I can learn more about your career goals.</p>","ARCHIVE",""
"2-YmZjZTcyNmMtZTQzOC00YzEyLWI0MDEtYjQzYmI4MWZmYWM5XzAxMA==","Register today for Grow with Braze San Francisco","Veronica Shopp-Dubon","","Jaclyn Leaver","https://www.linkedin.com/in/jaclynleaver","2024-03-25 17:24:09 UTC","","<p class=""spinmail-quill-editor__spin-break"">Hi Jaclyn,</p><p class=""spinmail-quill-editor__spin-break""><br></p><p class=""spinmail-quill-editor__spin-break"">We’re excited to bring our global event series <a rel=""noopener"" href=""https://brazeevents.braze.com/gwb-sf?utm_source=linkedin&amp;utm_medium=paid-social&amp;utm_campaign=fy25-q1-amer-grow_with_braze_sf&li_fat_id=d8ece1f0-694d-42ea-9f05-71b74b159d31"" target=""_blank"">Grow with Braze</a> to the Terra Gallery in San Francisco on April 18 from 2:30-6:30 pm!&nbsp;&nbsp;</p><p class=""spinmail-quill-editor__spin-break""><br></p><p class=""spinmail-quill-editor__spin-break"">This free half-day event promises to deliver actionable customer engagement insights, plus a chance to connect with Braze executives, local marketing leaders, and your Bay Area growth and customer engagement peers.&nbsp;</p><p class=""spinmail-quill-editor__spin-break""><br></p><p class=""spinmail-quill-editor__spin-break""><a rel=""noopener"" href=""https://brazeevents.braze.com/gwb-sf?utm_source=linkedin&amp;utm_medium=paid-social&amp;utm_campaign=fy25-q1-amer-grow_with_braze_sf&li_fat_id=d8ece1f0-694d-42ea-9f05-71b74b159d31"" target=""_blank"">Register for Grow with Braze</a> today for the opportunity to:</p><p class=""spinmail-quill-editor__spin-break""><br></p><ul><li>Join exclusive sessions led by Braze CBO <strong>Astha Malik</strong> and Braze Cofounder and CTO <strong>Jon Hyman</strong> breaking down the craft of customer engagement</li><li>Learn tips and tricks on the craft of customer engagement from Braze customers who are setting the bar for success</li><li>Cap off the day and grow your network over happy hour drinks and bites</li></ul><p class=""spinmail-quill-editor__spin-break""><br></p><p class=""spinmail-quill-editor__spin-break""><a rel=""noopener"" href=""https://brazeevents.braze.com/gwb-sf?utm_source=linkedin&amp;utm_medium=paid-social&amp;utm_campaign=fy25-q1-amer-grow_with_braze_sf&li_fat_id=d8ece1f0-694d-42ea-9f05-71b74b159d31"" target=""_blank"">Explore the agenda and sign up here.</a> We hope to see you there!</p><p class=""spinmail-quill-editor__spin-break""><br></p><p class=""spinmail-quill-editor__spin-break"">Stay tuned for additional speaker updates—coming soon!</p><p class=""spinmail-quill-editor__spin-break""><br></p><p class=""spinmail-quill-editor__spin-break""><a rel=""noopener"" href=""https://brazeevents.braze.com/gwb-sf?utm_source=linkedin&amp;utm_medium=paid-social&amp;utm_campaign=fy25-q1-amer-grow_with_braze_sf&li_fat_id=d8ece1f0-694d-42ea-9f05-71b74b159d31"" target=""_blank"">[REGISTER NOW]</a></p><p class=""spinmail-quill-editor__spin-break""><br></p><p class=""spinmail-quill-editor__spin-break"">Best,</p><p class=""spinmail-quill-editor__spin-break"">Team Braze</p>","ARCHIVE",""
"2-Njg5NjQ5NmYtYzQ0NC00ZjVjLWIxZjAtYTE4M2MyYzkyMzcxXzAxMw==","Sponsored Conversation","LinkedIn Member","","Jaclyn Leaver","https://www.linkedin.com/in/jaclynleaver","2024-03-18 19:09:33 UTC","","<p class=""spinmail-quill-editor__spin-break"">Hi %FIRSTNAME%, my name is Ryan, and I'm a Marketing Manager at LinkedIn.</p><p class=""spinmail-quill-editor__spin-break""><br></p><p class=""spinmail-quill-editor__spin-break"">With LinkedIn’s unique ad formats, you can build campaigns that capture attention, build brand awareness and inspire action.</p><p class=""spinmail-quill-editor__spin-break""><br></p><p class=""spinmail-quill-editor__spin-break"">Would you like to know more about LinkedIn Ad Formats, or would you like more information about Ad Objectives?</p>","ARCHIVE",""
"2-NmI3NWI1N2UtMWQ2OS00Mjg0LWJmNGMtMTBjYmU0ZmY5ZTNlXzAxMA==","LI_convo_jack_Q4-new","LinkedIn Member","","Jaclyn Leaver","https://www.linkedin.com/in/jaclynleaver","2024-03-12 15:24:46 UTC","","Hello, %FIRSTNAME%. I'm Jack, co-founder of Oyster.

Are you looking to hire employees where you don't have entities and are tired of the HR headaches? 🤯

With Oyster, you’re clicks away from hiring them. Start the process today and onboard them in 48 hours. We ensure compliancy in 180+ countries.🌎

Want to learn more? Let me connect you with our experts.","ARCHIVE",""
"2-MmUwZjc0NzEtYzZkNy00MTYwLWJjMmUtMTMzMjk2ZDliZmZkXzAxMA==","Flexible Writing Consultant Opportunity ","Jean Philippe Ausina Ruiz","","Jaclyn Leaver","https://www.linkedin.com/in/jaclynleaver","2024-02-29 18:20:57 UTC","","<p class=""spinmail-quill-editor__spin-break"">Hi Jaclyn,</p><p class=""spinmail-quill-editor__spin-break""><br></p><p class=""spinmail-quill-editor__spin-break"">Outlier is looking for advanced english writers to help train AI systems and LLMs (large language models). Your profile stood out and we are inviting you to apply.</p><p class=""spinmail-quill-editor__spin-break""><br></p><p class=""spinmail-quill-editor__spin-break"">As a member of our project team, you'll have the chance to:</p><p class=""spinmail-quill-editor__spin-break""><br></p><p class=""spinmail-quill-editor__spin-break"">⭐ Work from anywhere</p><p class=""spinmail-quill-editor__spin-break"">⭐ Put in between 0 and 40 hours per week according to your schedule</p><p class=""spinmail-quill-editor__spin-break"">⭐ Earn $25 per hour while teaching AI models how to write</p><p class=""spinmail-quill-editor__spin-break""><br></p><p class=""spinmail-quill-editor__spin-break"">Over 50% of advanced english writers with your profile start consulting within 7 days!</p><p class=""spinmail-quill-editor__spin-break""><br></p><p class=""spinmail-quill-editor__spin-break"">We look forward to hearing from you!</p>","ARCHIVE",""
"2-Y2I1NTJjN2EtOTNiMS00YjQ0LThmZjgtZWQ0OGJkMWEzNGU0XzAxMA==","Meaningful hires start with meaningful conversations.","Sarah Walz from LinkedIn","","Jaclyn Leaver","https://www.linkedin.com/in/jaclynleaver","2024-02-14 16:32:58 UTC","","<p class=""spinmail-quill-editor__spin-break"">Dear Jaclyn,</p><p class=""spinmail-quill-editor__spin-break""><br></p><p class=""spinmail-quill-editor__spin-break"">When you interview the right people, good things happen. That’s why LinkedIn Jobs helps you start more of those conversations worth having, sooner—with every job you post.&nbsp;</p><p class=""spinmail-quill-editor__spin-break""><br></p><ul><li><strong>Find the right people for free.</strong></li></ul><p class=""spinmail-quill-editor__spin-break"">Post a free job and tap into a network of over 770 million professionals.&nbsp;</p><p class=""spinmail-quill-editor__spin-break""><br></p><ul><li><strong>Prioritize the most qualified.&nbsp;</strong></li></ul><p class=""spinmail-quill-editor__spin-break"">Simple tools like screening questions and candidate rating help you quickly filter and prioritize who you should be talking to.</p><p class=""spinmail-quill-editor__spin-break""><br></p><ul><li><strong>Choose who’s right for you.</strong></li></ul><p class=""spinmail-quill-editor__spin-break"">We can get you to the right people, but only you know the right choice for your business.</p><p class=""spinmail-quill-editor__spin-break""><br></p><p class=""spinmail-quill-editor__spin-break""><a rel=""noopener"" href=""https://www.linkedin.com/talent/post-a-job?src=li-in&amp;trk=spinml_mktg_job_lts_ss_NAMER_US_EN_50M_MeaningfulGreen&amp;utm_source=linkedin&amp;utm_medium=inmail&amp;utm_campaign=LTS_SS_ACQ_SM_MA_NAMER_US_EN_50M_WOW_1400_Website_Visits_BAU_FREE_ACCN&li_fat_id=24a3dc19-e1bd-487b-b231-613f567881f3"" target=""_blank""><strong>Post a free job</strong></a></p><p class=""spinmail-quill-editor__spin-break""><br></p><p class=""spinmail-quill-editor__spin-break"">Sincerely,</p><p class=""spinmail-quill-editor__spin-break"">Sarah from LinkedIn Jobs</p>","ARCHIVE",""
"2-OTJhMWQ2ZWYtYjljNS00MzY5LTgxNmQtYmY5MGY4N2I4ZmRmXzAxMA==","Your Inclusion in Who's Who in America!","Kristine McCarthy","","Jaclyn Leaver","https://www.linkedin.com/in/jaclynleaver","2024-02-06 20:34:50 UTC","","<p class=""spinmail-quill-editor__spin-break"">Hello Jaclyn,</p><p class=""spinmail-quill-editor__spin-break""><br></p><p class=""spinmail-quill-editor__spin-break"">We recently came across your profile and would like to invite you to apply for inclusion in the 2024 edition of&nbsp;<em>Who's Who in America!</em></p><p class=""spinmail-quill-editor__spin-break""><br></p><p class=""spinmail-quill-editor__spin-break"">There is no cost or obligation to be included in Who's Who in America!</p><p class=""spinmail-quill-editor__spin-break""><br></p><p class=""spinmail-quill-editor__spin-break"">This is an Invitation- Only opportunity and inclusion is contingent upon verification and acceptance by the Marquis Submissions Department.</p><p class=""spinmail-quill-editor__spin-break""><br></p><p class=""spinmail-quill-editor__spin-break"">Marquis has been publishing the biographies of the world's most influential professionals since 1898. Inclusion is considered by many to be the pinnacle of success!</p><p class=""spinmail-quill-editor__spin-break""><br></p><p class=""spinmail-quill-editor__spin-break"">We hope you'll consider applying to be a part of this 125-year long tradition!</p>","ARCHIVE",""
"2-OWFlYjU5ZDAtNzZmNS00YzZiLTkzMGQtNGJkMDFiODQyNjVjXzAxMA==","Join us for Zendesk Relate: Where great minds meet","Jeannette (Carter) Leong","","Jaclyn Leaver","https://www.linkedin.com/in/jaclynleaver","2024-01-18 23:10:36 UTC","","<p class=""spinmail-quill-editor__spin-break"">Hi Jaclyn,</p><p class=""spinmail-quill-editor__spin-break""><br></p><p class=""spinmail-quill-editor__spin-break"">Your chance to be at the forefront of CX innovation starts now. From discovering cutting-edge technology to exploring current trends changing the customer experience landscape, the Zendesk Relate event is the place to be if you’re serious about CX.&nbsp;</p><p class=""spinmail-quill-editor__spin-break""><br></p><p class=""spinmail-quill-editor__spin-break"">Come join us in Las Vegas, Nevada on April 16-18 and experience 60+ in-depth sessions, daily keynotes, and endless opportunities to expand your network. This is one event you don’t want to miss:</p><p class=""spinmail-quill-editor__spin-break""><br></p><p class=""spinmail-quill-editor__spin-break"">Virgin Hotels</p><p class=""spinmail-quill-editor__spin-break"">4455 Paradise Road</p><p class=""spinmail-quill-editor__spin-break"">Las Vegas, NV</p><p class=""spinmail-quill-editor__spin-break""><br></p><p class=""spinmail-quill-editor__spin-break""><a rel=""noopener"" href=""https://www.zendeskrelate.com/event/819e790c-37ac-4207-bfef-ab965999c0ef/summary?utm_source=linkedin&amp;utm_medium=paidsocial&amp;utm_campaign=SO_LI_AM_US_EN_N_Sup_Expansion_Inmail-CustomersOpenOpps-Event-All-ABM-Function-Relate2024-Gated_T2_A_R_FY24Q1&amp;utm_content=Message_Relate2024_V2&li_fat_id=060b1e67-cffe-4f14-912c-6b60e3e3ae8c"" target=""_blank"">Reserve your spot now</a>, and come see what’s next in CX.</p><p class=""spinmail-quill-editor__spin-break""><br></p><p class=""spinmail-quill-editor__spin-break"">Sincerely,</p><p class=""spinmail-quill-editor__spin-break"">Jeannette (Carter) Leong</p><p class=""spinmail-quill-editor__spin-break"">Vice President Marketing AMER</p><p class=""spinmail-quill-editor__spin-break"">Zendesk</p>","ARCHIVE",""
"2-ODMzODE0Y2UtYmU2Yi00Mjg1LWJmNWMtNWQ1YzMxZDI2ODBiXzAxMA==","Meaningful hires start with meaningful conversations.","Sarah Walz from LinkedIn","","Jaclyn Leaver","https://www.linkedin.com/in/jaclynleaver","2024-01-03 19:18:27 UTC","","<p class=""spinmail-quill-editor__spin-break"">Dear Jaclyn,</p><p class=""spinmail-quill-editor__spin-break""><br></p><p class=""spinmail-quill-editor__spin-break"">When you interview the right people, good things happen. That’s why LinkedIn Jobs helps you start more of those conversations worth having, sooner—with every job you post.&nbsp;</p><p class=""spinmail-quill-editor__spin-break""><br></p><ul><li><strong>Find the right people for free.</strong></li></ul><p class=""spinmail-quill-editor__spin-break"">Post a free job and tap into a network of over 770 million professionals.&nbsp;</p><p class=""spinmail-quill-editor__spin-break""><br></p><ul><li><strong>Prioritize the most qualified.&nbsp;</strong></li></ul><p class=""spinmail-quill-editor__spin-break"">Simple tools like screening questions and candidate rating help you quickly filter and prioritize who you should be talking to.</p><p class=""spinmail-quill-editor__spin-break""><br></p><ul><li><strong>Choose who’s right for you.</strong></li></ul><p class=""spinmail-quill-editor__spin-break"">We can get you to the right people, but only you know the right choice for your business.</p><p class=""spinmail-quill-editor__spin-break""><br></p><p class=""spinmail-quill-editor__spin-break""><a rel=""noopener"" href=""https://www.linkedin.com/talent/post-a-job?src=li-in&amp;trk=spinml_mktg_job_lts_ss_NAMER_EN_CPA_MeaningfulGreen&amp;utm_source=linkedin&amp;utm_medium=inmail&amp;utm_campaign=LTS_SS_ACQ_SM_MA_NAMER_EN_CPA_WOW_547_Website_Conversions_BAU_FREE_ACCN&li_fat_id=a23bdf7c-dbe3-4d6d-b733-ca8466c0b4ca"" target=""_blank""><strong>Post a free job</strong></a></p><p class=""spinmail-quill-editor__spin-break""><br></p><p class=""spinmail-quill-editor__spin-break"">Sincerely,</p><p class=""spinmail-quill-editor__spin-break"">Sarah from LinkedIn Jobs</p>","ARCHIVE",""
"2-M2IzNGE4M2MtYTVmYy00M2MxLWE0MTktZTZjMTgwMjk0NjEyXzAxMA==","Sponsored Conversation","LinkedIn Member","","Jaclyn Leaver","https://www.linkedin.com/in/jaclynleaver","2023-12-13 00:06:00 UTC","","<p class=""spinmail-quill-editor__spin-break"">Hi %FIRSTNAME%,</p><p class=""spinmail-quill-editor__spin-break""><br></p><p class=""spinmail-quill-editor__spin-break"">I wanted to connect for any Career Transitioning help you may need, as our service takes care of that entire process for you.</p><p class=""spinmail-quill-editor__spin-break""><br></p><p class=""spinmail-quill-editor__spin-break"">It takes 6 months to land a new career. We help our clients get hired in less than 2 months, and increase their pay by an average of 30%.</p><p class=""spinmail-quill-editor__spin-break""><br></p><p class=""spinmail-quill-editor__spin-break"">Would you be open to having a team of professionals help automate your Job Search for free?</p>","ARCHIVE",""
"2-ZGMyMDNhNDYtNDIzNi00YjBiLTgzYTQtMDQ2MTBiYzFkZTllXzAxMw==","Sponsored Conversation","LinkedIn Member","","Jaclyn Leaver","https://www.linkedin.com/in/jaclynleaver","2023-11-27 22:10:20 UTC","","<p class=""spinmail-quill-editor__spin-break"">Hi %FIRSTNAME%, it looks like %COMPANYNAME% is using Meltwater or Google Alerts to keep tabs on competitors. Are you finding them too full of junk results to be useful?</p><p class=""spinmail-quill-editor__spin-break""><br></p><p class=""spinmail-quill-editor__spin-break"">At Signal Insights, we use AI to surface the insights in your competitors’ activities - news, social posts, ads, website changes, and more. Any interest in learning more?</p>","ARCHIVE",""
"2-YTg1MzZmMjEtNDVkNy00ZGY3LTgwY2QtY2IyNzI0NDIyOTFmXzAxMA==","Meaningful hires start with meaningful conversations.","Sarah Walz from LinkedIn","","Jaclyn Leaver","https://www.linkedin.com/in/jaclynleaver","2023-11-21 18:11:37 UTC","","<p class=""spinmail-quill-editor__spin-break"">Dear Jaclyn,</p><p class=""spinmail-quill-editor__spin-break""><br></p><p class=""spinmail-quill-editor__spin-break"">When you interview the right people, good things happen. That’s why LinkedIn Jobs helps you start more of those conversations worth having, sooner—with every job you post.&nbsp;</p><p class=""spinmail-quill-editor__spin-break""><br></p><ul><li><strong>Find the right people for free.</strong></li></ul><p class=""spinmail-quill-editor__spin-break"">Post a free job and tap into a network of over 770 million professionals.&nbsp;</p><p class=""spinmail-quill-editor__spin-break""><br></p><ul><li><strong>Prioritize the most qualified.&nbsp;</strong></li></ul><p class=""spinmail-quill-editor__spin-break"">Simple tools like screening questions and candidate rating help you quickly filter and prioritize who you should be talking to.</p><p class=""spinmail-quill-editor__spin-break""><br></p><ul><li><strong>Choose who’s right for you.</strong></li></ul><p class=""spinmail-quill-editor__spin-break"">We can get you to the right people, but only you know the right choice for your business.</p><p class=""spinmail-quill-editor__spin-break""><br></p><p class=""spinmail-quill-editor__spin-break""><a rel=""noopener"" href=""https://www.linkedin.com/talent/post-a-job?src=li-in&amp;trk=spinml_mktg_job_lts_ss_NAMER_US_EN_GrowthSegments_MeaningfulGreen&amp;utm_source=linkedin&amp;utm_medium=inmail&amp;utm_campaign=LTS_SS_ACQ_SM_MA_NAMER_US_EN_GrowthSegments_WOW_1400_Website_Conversions_BAU_FREE_ACCN&li_fat_id=cb9e81d1-7856-4331-9f00-e8fffa9db969"" target=""_blank""><strong>Post a free job</strong></a></p><p class=""spinmail-quill-editor__spin-break""><br></p><p class=""spinmail-quill-editor__spin-break"">Sincerely,</p><p class=""spinmail-quill-editor__spin-break"">Sarah from LinkedIn Jobs</p>","ARCHIVE",""
"2-ZWM0MmUwOTgtYjNlNy00ZDAxLTg4NTYtMjM5NWMzZWNlYjcyXzAxMA==","Sponsored Conversation","LinkedIn Member","","Jaclyn Leaver","https://www.linkedin.com/in/jaclynleaver","2023-11-05 17:12:45 UTC","","<p class=""spinmail-quill-editor__spin-break""><strong>Reuters Report: Powering trusted news with AI</strong></p><p class=""spinmail-quill-editor__spin-break""><br></p><p class=""spinmail-quill-editor__spin-break"">Hi %FIRSTNAME%,</p><p class=""spinmail-quill-editor__spin-break""><br></p><p class=""spinmail-quill-editor__spin-break"">As AI advances continue to disrupt the way we work, there are many questions from news and media organizations: What will be the impact of AI on audience expectations? How can we maintain trust in our news content?</p><p class=""spinmail-quill-editor__spin-break""><br></p><p class=""spinmail-quill-editor__spin-break"">Reuters sheds light on these questions in an <strong>exclusive report: Powering Trusted News with AI: Navigating the present and shaping the future.</strong></p><p class=""spinmail-quill-editor__spin-break""><br></p><p class=""spinmail-quill-editor__spin-break"">Discussion points include:</p><ul><li>How to maintain trust and journalistic integrity in the AI era</li><li>How organizations can use AI to revolutionize the way their newsrooms operate</li><li>What does the future hold for AI in the media space?</li></ul><p class=""spinmail-quill-editor__spin-break""><strong>Download this report to discover the opportunities and challenges of AI in newsgathering.</strong></p>","ARCHIVE",""
"2-NzBiNjgwMjAtNzE4MS00NTVlLTg5OTQtZmU4NWVjYzZhZjUzXzAxMA==","Get the applicants you need for free","Sarah Walz from LinkedIn","","Jaclyn Leaver","https://www.linkedin.com/in/jaclynleaver","2023-10-11 00:53:44 UTC","","<p class=""spinmail-quill-editor__spin-break"">Hi Jaclyn,</p><p class=""spinmail-quill-editor__spin-break""><br></p><p class=""spinmail-quill-editor__spin-break"">Businesses around the world are grappling with these challenging times. If hiring is a priority for your business, LinkedIn Jobs can help.</p><p class=""spinmail-quill-editor__spin-break""><br></p><p class=""spinmail-quill-editor__spin-break"">Why should you post a job on LinkedIn?</p><p class=""spinmail-quill-editor__spin-break""><br></p><ul><li><strong>Our community is active and engaged:&nbsp;</strong>On LinkedIn, people are applying to the jobs they need.</li><li><strong>LinkedIn learns who's right for your job:</strong>&nbsp;As people share and update their experience, skills, and aspirations.</li><li><strong>Get qualified applicants when you need them:&nbsp;</strong>LinkedIn encourages the right people to apply for your job.</li></ul><p class=""spinmail-quill-editor__spin-break""><a rel=""noopener"" href=""https://www.linkedin.com/talent/post-a-job?src=li-in&amp;trk=spinml_mktg_job_lts_ss_NAMER_EN_CPA_GetTheApplicantsBlueControl&amp;utm_source=linkedin&amp;utm_medium=inmail&amp;utm_campaign=LTS_SS_ACQ_SM_MA_NAMER_EN_CPA_WOW_547_Website_Conversions_BAU_FREE_ACCN&li_fat_id=906fcd72-8a35-47b4-a995-7b5ed18427f5"" target=""_blank"">Post a job for free.</a></p><p class=""spinmail-quill-editor__spin-break""><br></p><p class=""spinmail-quill-editor__spin-break"">Sincerely,</p><p class=""spinmail-quill-editor__spin-break"">Sarah from LinkedIn Jobs</p>","ARCHIVE",""
"2-MDVjMDI2MzEtNTYzYi00NzZhLWE5NGMtNWUzOTEwZDUyNGM1XzAxMA==","Women Leaders MBA Scholarship Invitation","Matt Schenck","","Jaclyn Leaver","https://www.linkedin.com/in/jaclynleaver","2023-09-21 18:20:10 UTC","","<p class=""spinmail-quill-editor__spin-break"">Hi Jaclyn,</p><p class=""spinmail-quill-editor__spin-break""><br></p><p class=""spinmail-quill-editor__spin-break"">Your impressive background and career path caught our attention. I lead Executive MBA Admissions at Quantic — a modern online business school rivaling elite traditional programs.</p><p class=""spinmail-quill-editor__spin-break""><br></p><p class=""spinmail-quill-editor__spin-break"">I’m pleased to inform you of your eligibility for our women in leadership scholarship, for San Francisco-based professionals. These scholarships help us empower women leaders across industries in select talent-rich cities where we have a strong, growing alumni community. Based on your profile, I’d like to invite you to apply.</p><p class=""spinmail-quill-editor__spin-break""><br></p><p class=""spinmail-quill-editor__spin-break""><strong>Why Quantic?</strong></p><p class=""spinmail-quill-editor__spin-break""><strong>- Mobile-First.</strong>&nbsp;An award-winning, flexible 14-month degree.</p><p class=""spinmail-quill-editor__spin-break""><strong>- Highly Selective.</strong>&nbsp;Learn with high-achieving peers across industries.</p><p class=""spinmail-quill-editor__spin-break""><strong>- Local &amp; Global.&nbsp;</strong>Network with SF-based leaders among 15k+ global alumni.</p><p class=""spinmail-quill-editor__spin-break""><strong>- Radically Affordable.<em>&nbsp;</em></strong>A top MBA without Ivy League costs.</p><p class=""spinmail-quill-editor__spin-break""><br></p><p class=""spinmail-quill-editor__spin-break""><a rel=""noopener"" href=""https://quantic.edu/invite/leaders-in-san-francisco?utm_source=linkedin&amp;utm_campaign=EMBA-Women-San-Francisco&amp;utm_medium=inmail&amp;utm_content=Women-San-Francisco-8.14.23&li_fat_id=dc8cfe8c-5941-4f4c-888c-ae32a1f33c24"" target=""_blank"">https://quantic.edu/invite/leaders-in-sf</a></p><p class=""spinmail-quill-editor__spin-break""><br></p><p class=""spinmail-quill-editor__spin-break"">Just&nbsp;<a rel=""noopener"" href=""https://quantic.edu/invite/leaders-in-san-francisco?utm_source=linkedin&amp;utm_campaign=EMBA-Women-San-Francisco&amp;utm_medium=inmail&amp;utm_content=Women-San-Francisco-8.14.23&li_fat_id=dc8cfe8c-5941-4f4c-888c-ae32a1f33c24"" target=""_blank"">sign up</a>&nbsp;to sample lessons, review scholarship details, preview our global network, and start the free application.</p><p class=""spinmail-quill-editor__spin-break""><br></p><p class=""spinmail-quill-editor__spin-break"">Best regards,</p><p class=""spinmail-quill-editor__spin-break"">Matt Schenck</p><p class=""spinmail-quill-editor__spin-break"">EVP, Admissions</p><p class=""spinmail-quill-editor__spin-break"">Quantic School of Business and Technology</p>","ARCHIVE",""
"2-OTQ0NjFjOWItYmFjZS00MTYxLTk3YmUtYTU1NWJjZjk1YWFlXzAxMA==","Sponsored Conversation","LinkedIn Member","","Jaclyn Leaver","https://www.linkedin.com/in/jaclynleaver","2023-08-30 17:25:00 UTC","","<p class=""spinmail-quill-editor__spin-break"">Hi %FIRSTNAME%,</p><p class=""spinmail-quill-editor__spin-break""><br></p><p class=""spinmail-quill-editor__spin-break"">We are looking to reconnect with members of our <a href=""https://www.av.vc/funds/strawberrycreek/scv-calendly?utm_medium=paidsocial&amp;utm_source=linkedin&amp;utm_campaign=scv-7-remarketing-inmail&amp;utm_content=inmail&amp;hsa_acc=504015788&amp;hsa_cam=633869074&amp;hsa_grp=215724784&amp;hsa_ad=215154714"" rel=""noopener nofollow"" target=""_blank"" class=""ql-link"">Strawberry Creek Ventures</a> community to discuss our seventh venture capital fund and the important role venture capital can play in your investment portfolio.&nbsp;</p><p class=""spinmail-quill-editor__spin-break""><br></p><p class=""spinmail-quill-editor__spin-break"">As a Strawberry Creek Ventures community member, you’ve had the opportunity to learn about the high-potential, technology-driven companies in our portfolio. We’d like to share our fund performance data and the diversification benefits that venture capital can provide.</p><p class=""spinmail-quill-editor__spin-break""><br></p><p class=""spinmail-quill-editor__spin-break"">If you are interested in learning more, schedule a call with a member of our team.</p><p class=""spinmail-quill-editor__spin-break"">Warm Regards</p><p class=""spinmail-quill-editor__spin-break"">Matt Caspari, Haas MBA ‘06</p><p class=""spinmail-quill-editor__spin-break"">Managing Partner, Strawberry Creek Ventures</p>","ARCHIVE",""
"2-MmNmYTc5ZjEtMDQ4NS00MTRiLThkYmQtZDc5OTI0ZGFhNGU1XzAxMw==","Get the applicants you need for free","Sarah Walz from LinkedIn","","Jaclyn Leaver","https://www.linkedin.com/in/jaclynleaver","2023-08-27 16:35:27 UTC","","<p class=""spinmail-quill-editor__spin-break"">Hi Jaclyn,</p><p class=""spinmail-quill-editor__spin-break""><br></p><p class=""spinmail-quill-editor__spin-break"">Businesses around the world are grappling with these challenging times. If hiring is a priority for your business, LinkedIn Jobs can help.</p><p class=""spinmail-quill-editor__spin-break""><br></p><p class=""spinmail-quill-editor__spin-break"">Why should you post a job on LinkedIn?</p><p class=""spinmail-quill-editor__spin-break""><br></p><ul><li><strong>Our community is active and engaged:&nbsp;</strong>On LinkedIn, people are applying to the jobs they need.</li><li><strong>LinkedIn learns who's right for your job:&nbsp;</strong>As people share and update their experience, skills, and aspirations.</li><li><strong>Get qualified applicants when you need them:</strong>&nbsp;LinkedIn encourages the right people to apply for your job.</li></ul><p class=""spinmail-quill-editor__spin-break""><a rel=""noopener"" href=""https://www.linkedin.com/talent/post-a-job?src=li-in&amp;trk=spinml_mktg_job_lts_ss_NAMER_US_EN_GrowthSegments_GetTheApplicantsBlueControl&amp;utm_source=linkedin&amp;utm_medium=inmail&amp;utm_campaign=LTS_SS_ACQ_SM_MA_NAMER_US_EN_GrowthSegments_WOW_1400_Website_Conversions_BAU_ACCN&li_fat_id=6a22ae07-7771-48a4-a61b-7c3e270b2e04"" target=""_blank"">Post a job for free.</a></p><p class=""spinmail-quill-editor__spin-break""><br></p><p class=""spinmail-quill-editor__spin-break"">Sincerely,</p><p class=""spinmail-quill-editor__spin-break"">Sarah from LinkedIn Jobs</p>","ARCHIVE",""
"2-MmI3NjMyNzItNDlkMC00ODZjLWI1Y2QtZTU1NTQ2ZDYzOTMxXzAxMA==","Sponsored Conversation","LinkedIn Member","","Jaclyn Leaver","https://www.linkedin.com/in/jaclynleaver","2023-08-08 22:31:02 UTC","","<p class=""spinmail-quill-editor__spin-break"">Hi %FIRSTNAME%,</p><p class=""spinmail-quill-editor__spin-break""><br></p><p class=""spinmail-quill-editor__spin-break"">I hope you’re doing well. As a %JOBTITLE% at %COMPANYNAME%, I thought you’d be interested in a new report from <strong>Reuters Institute: Digital News Report 2023</strong>.</p><p class=""spinmail-quill-editor__spin-break""><br></p><p class=""spinmail-quill-editor__spin-break"">The report is the most comprehensive news consumption research worldwide, created through 92,000 interviews, in-depth conversations and focus groups in 46 different markets conducted independently by Reuters Institute at Oxford University.&nbsp;</p><p class=""spinmail-quill-editor__spin-break""><br></p><p class=""spinmail-quill-editor__spin-break"">This year’s Digital News Report brings insights into many challenges the news industry is facing, including:&nbsp;</p><p class=""spinmail-quill-editor__spin-break""><br></p><ul><li>Attitudes to algorithms and their impact on news&nbsp;</li><li>Unpacking news participation and online engagement over time</li><li>Sources and drivers of news media criticism&nbsp;</li><li>The importance of public service media for individuals and for society&nbsp;</li><li>News podcasts: who is listening and what formats are working&nbsp;</li></ul><p class=""spinmail-quill-editor__spin-break""><br></p><p class=""spinmail-quill-editor__spin-break"">I trust you will find this content useful.&nbsp;</p><p class=""spinmail-quill-editor__spin-break""><br></p><p class=""spinmail-quill-editor__spin-break"">Regards,&nbsp;</p><p class=""spinmail-quill-editor__spin-break"">Buddhika&nbsp;</p>","ARCHIVE",""
"2-ZTllNDVmMzktOTliMy00Mjg1LTkwNzAtZmRiYzRhYzkzNDhmXzAxMw==","Sponsored Conversation","LinkedIn Member","","Jaclyn Leaver","https://www.linkedin.com/in/jaclynleaver","2023-07-18 01:35:39 UTC","","<p class=""spinmail-quill-editor__spin-break"">Hi %FIRSTNAME%,</p><p class=""spinmail-quill-editor__spin-break""><br></p><p class=""spinmail-quill-editor__spin-break"">Here's an exclusive invitation to join angel investors from East Bay. We're bringing some of the most promising startups to our June Angel and Private Equity Investors Chapter meetings. And I'd like to invite you to join us as my special guest at our<a href=""https://us06web.zoom.us/webinar/register/4016823340235/WN_B7jFvJS5Ramk9XMidjC-nQ"" rel=""noopener nofollow"" target=""_blank"" class=""ql-link""> </a><a href=""https://us02web.zoom.us/webinar/register/4616206820852/WN_d8GyNW9SRBiqjl9g2umK6A"" rel=""noopener nofollow"" target=""_blank"" class=""ql-link"">East Bay Chapter meeting on July 27th at 08:30 am PT on Zoom.</a></p><p class=""spinmail-quill-editor__spin-break""><br></p><p class=""spinmail-quill-editor__spin-break"">Regards,</p><p class=""spinmail-quill-editor__spin-break"">Adam Henderson, COO, Keiretsu Forum</p>","ARCHIVE",""
"2-MzBjYjM2ZDUtMWMwMC00NTFmLWE2NGQtYTk0N2E5YzdiZDUyXzAxMA==","Sponsored Conversation","LinkedIn Member","","Jaclyn Leaver","https://www.linkedin.com/in/jaclynleaver","2023-07-12 00:49:21 UTC","","<p class=""spinmail-quill-editor__spin-break"">Hi %FIRSTNAME%,</p><p class=""spinmail-quill-editor__spin-break""><br></p><p class=""spinmail-quill-editor__spin-break"">Thank you for being an active member on LinkedIn. We'd like to offer you a free 30-day trial of LinkedIn Sales Navigator as a chance to experience its benefits first-hand!</p><p class=""spinmail-quill-editor__spin-break""><br></p><p class=""spinmail-quill-editor__spin-break"">Sales Navigator empowers sellers and sales teams with real-time data to help identify the right buyers at the right time with our deep sales technology.</p><p class=""spinmail-quill-editor__spin-break""><br></p><p class=""spinmail-quill-editor__spin-break"">Do you want to get started?</p>","ARCHIVE",""
"2-YWYxZmVmN2QtZTNlOS00MTIxLWIyNTMtN2FiMWE2ZWNiOGNjXzAxMA==","Sponsored Conversation","LinkedIn Member","","Jaclyn Leaver","https://www.linkedin.com/in/jaclynleaver","2023-06-21 22:54:16 UTC","","<p class=""spinmail-quill-editor__spin-break"">Hi %FIRSTNAME%,</p><p class=""spinmail-quill-editor__spin-break""><br></p><p class=""spinmail-quill-editor__spin-break"">We are looking to reconnect with members of our <a href=""https://www.av.vc/funds/strawberrycreek/scv-calendly?utm_medium=paidsocial&amp;utm_source=linkedin&amp;utm_campaign=scv-7-remarketing-inmail&amp;utm_content=inmail&amp;hsa_acc=504015788&amp;hsa_cam=633869074&amp;hsa_grp=215724784&amp;hsa_ad=215154714"" rel=""noopener nofollow"" target=""_blank"" class=""ql-link"">Strawberry Creek Ventures</a> community to discuss our seventh venture capital fund and the important role venture capital can play in your investment portfolio.&nbsp;</p><p class=""spinmail-quill-editor__spin-break""><br></p><p class=""spinmail-quill-editor__spin-break"">As a Strawberry Creek Ventures community member, you’ve had the opportunity to learn about the high-potential, technology-driven companies in our portfolio. We’d like to share our fund performance data and the diversification benefits that venture capital can provide.</p><p class=""spinmail-quill-editor__spin-break""><br></p><p class=""spinmail-quill-editor__spin-break"">If you are interested in learning more, schedule a call with a member of our team.</p><p class=""spinmail-quill-editor__spin-break"">Warm Regards</p><p class=""spinmail-quill-editor__spin-break"">Matt Caspari, Haas MBA ‘06</p><p class=""spinmail-quill-editor__spin-break"">Managing Partner, Strawberry Creek Ventures</p>","ARCHIVE",""
"2-OGU0OTNiZTktNGU3NS00NjI4LWE2MzctNTYwNGRiMDY0MDZjXzAxMA==","Sponsored Conversation","LinkedIn Member","","Jaclyn Leaver","https://www.linkedin.com/in/jaclynleaver","2023-05-31 03:26:50 UTC","","<p class=""spinmail-quill-editor__spin-break"">Hi %FIRSTNAME%, I noted your role at %COMPANYNAME% and thought you may be interested in growing your website to enterprise scale.</p><p class=""spinmail-quill-editor__spin-break""><br></p><p class=""spinmail-quill-editor__spin-break"">Webflow is a visual site builder that helps marketers update messaging, run experiments, and publish content faster than ever before.</p><p class=""spinmail-quill-editor__spin-break""><br></p><p class=""spinmail-quill-editor__spin-break"">Interested? Request a 25 minute demo by filling out the form below👇</p>","ARCHIVE",""
"2-NjgxMDE5Y2UtOTRjMy00MzUzLTk1Y2ItZDM2NDA3MjNkODVlXzAxMA==","Sponsored Conversation","LinkedIn Member","","Jaclyn Leaver","https://www.linkedin.com/in/jaclynleaver","2023-05-27 16:08:38 UTC","","Hi %FIRSTNAME%,

My name is Eugene from the LinkedIn Ads team. We’ve recently launched free LinkedIn Marketing Labs Certifications to help marketers like you get the most out of your LinkedIn Ads campaigns. 

Our courses and exams offer up to date best practices and strategies to help you make the most out of your LinkedIn ad campaigns. Individuals who pass our certification exam are awarded credentials that can be added to your LinkedIn profile. 

Ready to get certified today?
","ARCHIVE",""
"2-YWE3ZDBkZWQtNTI5NS00MjBjLTg5YmUtOTZhMmE5ZmI1MDQ1XzAxMA==","Sponsored Conversation","LinkedIn Member","","Jaclyn Leaver","https://www.linkedin.com/in/jaclynleaver","2023-05-06 20:47:03 UTC","","<p class=""spinmail-quill-editor__spin-break"">Hi %FIRSTNAME%, </p><p class=""spinmail-quill-editor__spin-break""><br></p><p class=""spinmail-quill-editor__spin-break"">Tulane University’s <strong>Online Master of Public Health in Disaster Management</strong> will train you to prepare for, detect, and combat the public health impacts of disasters. Through courses covering everything from disaster communication and environmental monitoring to response planning and psychosocial impacts, you’ll learn to apply scientific principles to disaster preparation. </p><p class=""spinmail-quill-editor__spin-break""><br></p><p class=""spinmail-quill-editor__spin-break"">Are you ready to advance your career and learn more about this program?</p>","ARCHIVE",""
"2-NWQ3YzhhNmMtNTNkNC00ZDVhLWI1OTYtYjljNmVhZjVjYTNhXzAxMA==","Sponsored Conversation","LinkedIn Member","","Jaclyn Leaver","https://www.linkedin.com/in/jaclynleaver","2023-04-15 06:05:11 UTC","","Hi there %FIRSTNAME%! 

The University of Arizona Online offers students an exciting experience that sets them up for future success. We were impressed by your profile and think you would make a great fit for our International Security master’s program. You can enjoy an exciting career protecting the United States against 21st Century security threats and issues. Would you like to learn more about the program?","ARCHIVE",""
"2-ZDg5MWJiOGItOGJkMS00Mzk2LTgwZTQtNDI2YmJlZTZmNTc3XzAxMA==","Sponsored Conversation","LinkedIn Member","","Jaclyn Leaver","https://www.linkedin.com/in/jaclynleaver","2023-04-12 04:54:11 UTC","","Hi %FIRSTNAME%! This is Melody, and I'm an Associate Marketing Manager at LinkedIn.

I'm a B2B marketer myself, which is why I understand how difficult it can be to reach your target audience and find those high-quality leads.

It's also why I'd love for you to have the chance to see what LinkedIn Ads can do for your business. This $100 towards launching your first campaign should help.
","ARCHIVE",""
"2-N2QzYzUxMjUtN2FhMy00NTY5LWFiMGUtNGM2NTA5YjVhMTlhXzAxMw==","Sponsored Conversation","LinkedIn Member","","Jaclyn Leaver","https://www.linkedin.com/in/jaclynleaver","2023-03-22 06:28:37 UTC","","Hi %FIRSTNAME%, 

You know the saying"" If you're the smartest person in the room you need to find a new room."" The Executive MBA program at Santa Clara University has a classroom that would be the perfect fit. 

Named the No. 13 Best Executive MBA Program by U.S. News & World Report and a Top 25 Best Executive MBA Program by Fortune Magazine, this degree will be pivotal in reaching the next stage of your career.1 Not only will it help sharpen your skills and modernize your knowledge, but an EMBA will also introduce you to a whole new crop of connections, collaborators and innovators
","ARCHIVE",""
"2-N2E0MDdiZGQtMzE1My00NTYzLTgzNjAtMTkwZmU4Zjc5Njc5XzAxMA==","Sponsored Conversation","LinkedIn Member","","Jaclyn Leaver","https://www.linkedin.com/in/jaclynleaver","2023-03-01 04:56:03 UTC","","%FIRSTNAME%,

Earn an Ivy League MBA in the Bay Area. Advance your career, without interrupting it, with the Executive MBA Americas program from the Cornell Samuel Curtis Johnson Graduate School of Management.

Study with your local team on alternating weekends as you connect with the rest of your cohort and program faculty through live, synchronous instruction.

Ready to take the next step? Introduce yourself to our admissions team to learn more.
","ARCHIVE",""
"2-Y2NlMjI5ZGQtOTRlYy00MDgwLTkxZTktOWQyNDk3OGY3NWE0XzAxMA==","Get the applicants you need for free","Sarah Walz from LinkedIn","","Jaclyn Leaver","https://www.linkedin.com/in/jaclynleaver","2023-02-26 01:43:43 UTC","","<p class=""spinmail-quill-editor__spin-break"">Hi Jaclyn,</p><p class=""spinmail-quill-editor__spin-break""><br></p><p class=""spinmail-quill-editor__spin-break"">Businesses around the world are grappling with these challenging times. If hiring is a priority for your business, LinkedIn Jobs can help.</p><p class=""spinmail-quill-editor__spin-break""><br></p><p class=""spinmail-quill-editor__spin-break"">Why should you post a job on LinkedIn?</p><p class=""spinmail-quill-editor__spin-break""><br></p><ul><li><strong>Our community is active and engaged:</strong>&nbsp;On LinkedIn, people are applying to the jobs they need.</li><li><strong>LinkedIn learns who's right for your job:</strong>&nbsp;As people share and update their experience, skills, and aspirations.</li><li><strong>Get qualified applicants when you need them:</strong>&nbsp;LinkedIn encourages the right people to apply for your job.</li></ul><p class=""spinmail-quill-editor__spin-break""><a rel=""noopener"" href=""https://www.linkedin.com/talent/post-a-job?src=li-in&amp;trk=spinml_mktg_job_lts_ss_NAMER_US_EN_RetargetingExpansion_GetTheApplicantsBlueControl&amp;utm_source=linkedin&amp;utm_medium=inmail&amp;utm_campaign=LTS_SS_ACQ_SM_MA_NAMER_US_EN_RetargetingExpansion_Blog_WOW_Website_Conversions_BAU_ACCN&li_fat_id=37d068d7-e4b2-47de-ac20-549f7c625dba"" target=""_blank"">Post a job for free.</a></p><p class=""spinmail-quill-editor__spin-break""><br></p><p class=""spinmail-quill-editor__spin-break"">Sincerely,</p><p class=""spinmail-quill-editor__spin-break"">Sarah from LinkedIn Jobs</p>","ARCHIVE",""
"2-NjY0YzI1YmYtMDU0Ni00Njk2LThjNzYtY2Q0YWQ2YTQzN2JlXzAxMA==","Sponsored Conversation","LinkedIn Member","","Jaclyn Leaver","https://www.linkedin.com/in/jaclynleaver","2023-02-05 22:30:26 UTC","","Hi %FIRSTNAME%. How are you? My name is Daniel, the Growth marketing manager at PingPong Payments. I noticed you work as %JOBTITLE% at %COMPANYNAME%, so I want to connect and maybe I can do a quick intro.
 
I am connecting because my company helps businesses in %INDUSTRY% streamline their global payment process for contract writers, freelancer, agencies and business partners. I am holding a few seats for the exclusive offer that I would also like to present to you. 
 
Are you interested in connecting for a quick coffee chat? Coffee is on me.


","ARCHIVE",""
"2-ZDhhOWE3MGQtNTljMi00YzIxLTkzY2MtOWEyNmM1ZWNlM2NlXzAxMA==","Sponsored Conversation","LinkedIn Member","","Jaclyn Leaver","https://www.linkedin.com/in/jaclynleaver","2023-01-12 00:52:17 UTC","","Hi, %FIRSTNAME%! 

I'm Eugene from the LinkedIn Sales Solutions team.

Thanks for being active on LinkedIn. I’d like to offer you a free 30-day trial of LinkedIn Sales Navigator!

How does that sound?","ARCHIVE",""
"2-NjhhZTE0ZTctNDhlZC00YzczLWJiMWUtYzZiMjVjOTYyODdkXzAxMA==","The experts you need for the growth you want.","Camila López","","Jaclyn Leaver","https://www.linkedin.com/in/jaclynleaver","2023-01-06 06:31:06 UTC","","<p class=""spinmail-quill-editor__spin-break"">Hi Jaclyn,</p><p class=""spinmail-quill-editor__spin-break""><br></p><p class=""spinmail-quill-editor__spin-break"">Looking for a <strong>software developers outsourcing service</strong>? We can help.</p><p class=""spinmail-quill-editor__spin-break""><br></p><p class=""spinmail-quill-editor__spin-break"">Clients like <strong>Google, Disney, </strong>and<strong> Salesforce</strong> trust our decades of experience building the right team for the right job.</p><p class=""spinmail-quill-editor__spin-break""><br></p><p class=""spinmail-quill-editor__spin-break"">Our more than <strong>23.000 top technology experts</strong> across the globe are always ready to go. From <strong>Java, .Net, Python, and C++ to Node JS, React,</strong> and more, name your IT need and we'll deliver.</p><p class=""spinmail-quill-editor__spin-break""><br></p><p class=""spinmail-quill-editor__spin-break"">Would you like to know more about our service?</p>","ARCHIVE",""
"2-ZDI2NjdhNjEtMWI3MS00YTg0LWI0NjEtNmNjYjk3YzE3ODgyXzAxMA==","Sponsored Conversation","LinkedIn Member","","Jaclyn Leaver","https://www.linkedin.com/in/jaclynleaver","2022-12-07 00:36:10 UTC","","Hi %FIRSTNAME%!

I’m the VP of Global Services & Media Analytics at Agility, an all-in-one fully integrated PR platform. Amazing companies like Capital One, McDonald’s, and Nestle use our technology to source journalists, distribute pitches, and monitor their (and their competitors’) earned media coverage. 

I’d love to show you how we can help %COMPANYNAME% increase the value you’re getting from your PR initiatives. 

Interested? 
","ARCHIVE",""
"2-ODNlNjFjYjktNTBmNy00OWUxLWEzOGYtMTZmMzVlOWFmMGMxXzAxMA==","Get the applicants you need for free","Sarah Walz from LinkedIn","","Jaclyn Leaver","https://www.linkedin.com/in/jaclynleaver","2022-11-12 21:07:45 UTC","","<p class=""spinmail-quill-editor__spin-break"">Hi Jaclyn,</p><p class=""spinmail-quill-editor__spin-break""><br></p><p class=""spinmail-quill-editor__spin-break"">Businesses around the world are grappling with these challenging times. If hiring is a priority for your business, LinkedIn Jobs can help.</p><p class=""spinmail-quill-editor__spin-break""><br></p><p class=""spinmail-quill-editor__spin-break"">Why should you post a job on LinkedIn?</p><p class=""spinmail-quill-editor__spin-break""><br></p><ul><li><strong>Our community is active and engaged:&nbsp;</strong>On LinkedIn, people are applying to the jobs they need.</li><li><strong>LinkedIn learns who's right for your job:</strong>&nbsp;As people share and update their experience, skills, and aspirations.</li><li><strong>Get qualified applicants when you need them:&nbsp;</strong>LinkedIn encourages the right people to apply for your job.</li></ul><p class=""spinmail-quill-editor__spin-break""><a rel=""noopener"" href=""https://www.linkedin.com/talent/post-a-job?src=li-in&amp;trk=spinml_mktg_job_lts_ss_NAMER_EN_CPA_GetTheApplicantsBlueControl&amp;utm_source=linkedin&amp;utm_medium=inmail&amp;utm_campaign=LTS_SS_ACQ_SM_MA_NAMER_EN_CPA_WOW_547_Website_Conversions_BAU_FREE_ACCN&li_fat_id=c8930e64-dbe0-4e85-9ceb-75c345f9c551"" target=""_blank"">Post a job for free.</a></p><p class=""spinmail-quill-editor__spin-break""><br></p><p class=""spinmail-quill-editor__spin-break"">Sincerely,</p><p class=""spinmail-quill-editor__spin-break"">Sarah from LinkedIn Jobs</p>","ARCHIVE",""
"2-NTZkOTc0OGYtNmU1Zi00NzBlLThmMWEtNTg2NmVhZTY5OTgyXzAxMA==","Executives only: The No.13 Best Executive MBA Program","Sasha Rushman","","Jaclyn Leaver","https://www.linkedin.com/in/jaclynleaver","2022-11-07 00:35:50 UTC","","<p class=""spinmail-quill-editor__spin-break"">You know the saying: “If you’re the smartest person in the room, you need to find a new room.”</p><p class=""spinmail-quill-editor__spin-break""><br></p><p class=""spinmail-quill-editor__spin-break"">At Santa Clara University, we have a classroom that would be the perfect fit.&nbsp;</p><p class=""spinmail-quill-editor__spin-break""><br></p><p class=""spinmail-quill-editor__spin-break"">The <a rel=""noopener"" href=""https://mba.scu.edu/li-top-mba-program/?li_fat_id=c8930e64-dbe0-4e85-9ceb-75c345f9c551"" target=""_blank"">Executive MBA program at SCU</a> is specifically designed for professionals with 10+ years of managerial experience, which means you’ll be surrounded by some of the brightest minds in Silicon Valley. Deeper and more nuanced than a traditional MBA, our program is built on foundations that the C-suite covet:&nbsp;</p><p class=""spinmail-quill-editor__spin-break""><br></p><ul><li>An Innovative and Entrepreneurial Mindset</li><li>Strategic Leadership</li><li>Analytical Aptitude</li><li>Cross-Functional Execution.&nbsp;</li></ul><p class=""spinmail-quill-editor__spin-break""><br></p><p class=""spinmail-quill-editor__spin-break"">Named the <strong>No. 13 Best Executive MBA Program</strong> by U.S. News &amp; World Report and a <strong>Top 25 Best Executive MBA Program</strong> by Fortune Magazine, this degree will be pivotal in reaching the next stage of your career.1 Not only will it help sharpen your skills and modernize your knowledge, but an EMBA will also introduce you to a whole new crop of connections, collaborators and mentors.&nbsp;</p><p class=""spinmail-quill-editor__spin-break""><br></p><p class=""spinmail-quill-editor__spin-break"">We’d love for you to join us in the next semester and start moving closer to your goals. <a rel=""noopener"" href=""https://mba.scu.edu/li-top-mba-program/?li_fat_id=c8930e64-dbe0-4e85-9ceb-75c345f9c551"" target=""_blank"">Head to our website</a> for more information, or <a rel=""noopener"" href=""https://slate.scu.edu/portal/BUSN_mba_Appointment?li_fat_id=c8930e64-dbe0-4e85-9ceb-75c345f9c551"" target=""_blank"">schedule time to talk with an Admissions Advisor</a> today.</p>","ARCHIVE",""
"2-NmE0ODNkMTMtYjE1OS00NmZmLWJmNTctMWZlYWQwZDFjNDBiXzAxMg==","Try ZipRecruiter for Free Today!","Ian Siegel","","Jaclyn Leaver","https://www.linkedin.com/in/jaclynleaver","2022-10-07 18:33:14 UTC","","<p class=""spinmail-quill-editor__spin-break"">Hi Jaclyn,</p><p class=""spinmail-quill-editor__spin-break""><br></p><p class=""spinmail-quill-editor__spin-break"">I’m Ian Siegel, the Co-Founder and CEO of ZipRecruiter. I know that hiring and running your business can be a challenge. I also know how time-consuming it can be to find qualified candidates for your job. That’s why I created ZipRecruiter. ZipRecruiter makes hiring faster and easier. Here’s how:&nbsp;</p><p class=""spinmail-quill-editor__spin-break""><br></p><ul><li>When you post a job on ZipRecruiter, it gets sent to <strong>over 100 job sites</strong> with one click.</li><li>Then, our <strong>matching technology</strong> finds people with the right experience for your job — and actively invites them to apply.&nbsp;</li></ul><p class=""spinmail-quill-editor__spin-break""><br></p><p class=""spinmail-quill-editor__spin-break"">Try ZipRecruiter for FREE today!</p>","ARCHIVE",""
"2-MTAzZmQyYjEtOGQ5Yi00MmJiLWJkM2UtYTE5N2Q4Y2YzMTYxXzAxMw==","Meaningful hires start with meaningful conversations.","Sarah Walz from LinkedIn","","Jaclyn Leaver","https://www.linkedin.com/in/jaclynleaver","2022-09-13 20:11:39 UTC","","<p class=""spinmail-quill-editor__spin-break"">Dear Jaclyn,</p><p class=""spinmail-quill-editor__spin-break""><br></p><p class=""spinmail-quill-editor__spin-break"">When you interview the right people, good things happen. That’s why LinkedIn Jobs helps you start more of those conversations worth having, sooner—with every job you post.&nbsp;</p><p class=""spinmail-quill-editor__spin-break""><br></p><ul><li><strong>Find the right people for free.</strong></li></ul><p class=""spinmail-quill-editor__spin-break"">Post a free job and tap into a network of over 770 million professionals.&nbsp;</p><p class=""spinmail-quill-editor__spin-break""><br></p><ul><li><strong>Prioritize the most qualified.&nbsp;</strong></li></ul><p class=""spinmail-quill-editor__spin-break"">Simple tools like screening questions and candidate rating help you quickly filter and prioritize who you should be talking to.</p><p class=""spinmail-quill-editor__spin-break""><br></p><ul><li><strong>Choose who’s right for you.</strong></li></ul><p class=""spinmail-quill-editor__spin-break"">We can get you to the right people, but only you know the right choice for your business.</p><p class=""spinmail-quill-editor__spin-break""><br></p><p class=""spinmail-quill-editor__spin-break""><a rel=""noopener"" href=""https://www.linkedin.com/talent/post-a-job?src=li-in&amp;trk=spinml_mktg_job_lts_ss_NAMER_US_EN_50M_MeaningfulGreen&amp;utm_source=linkedin&amp;utm_medium=inmail&amp;utm_campaign=LTS_SS_ACQ_SM_MA_NAMER_US_EN_50M_WOW_1400_Website_Conversions_BAU_FREE_ACCN&li_fat_id=0dcf2f2a-4a0c-4747-8602-ab39c3d52a99"" target=""_blank""><strong>Post a free job</strong></a></p><p class=""spinmail-quill-editor__spin-break""><br></p><p class=""spinmail-quill-editor__spin-break"">Sincerely,</p><p class=""spinmail-quill-editor__spin-break"">Sarah from LinkedIn Jobs</p>","ARCHIVE",""
"2-YmQ4OTJhNzgtODk4YS00MTU2LWI2ZTEtMjg1ZWE5ZDYxNWRkXzAxMA==","Pepperdine's Doctor of Business Administration Ranked #4","Mike Weaver, MSOD, Ed.D.(c)","","Jaclyn Leaver","https://www.linkedin.com/in/jaclynleaver","2022-09-07 16:40:07 UTC","","<p class=""spinmail-quill-editor__spin-break"">Hi Jaclyn,</p><p class=""spinmail-quill-editor__spin-break""><br></p><p class=""spinmail-quill-editor__spin-break"">You’re part of an elite group of professionals I’m contacting about the Executive Doctor of Business Administration (DBA) at Pepperdine Graziadio. Designed for accomplished leaders, this three-year, transformational doctorate program helps you distinguish yourself in the world of business and create new knowledge in a global community of practitioner-scholars.&nbsp;</p><p class=""spinmail-quill-editor__spin-break""><br></p><p class=""spinmail-quill-editor__spin-break"">The dual accredited (AACSB and WASC) DBA will develop the ability to conduct new research and share your insights through intensive residential sessions at our Malibu campus, as well as:</p><p class=""spinmail-quill-editor__spin-break""><br></p><ul><li>A research based, hybrid curriculum lead by faculty with extensive academic and professional accreditations</li><li>Collaboration with seasoned, intellectually curious professionals</li><li>Exclusive access to the annual DBA conference</li><li>Extensive global network of over 47,000+ alumni</li></ul><p class=""spinmail-quill-editor__spin-break"">Our new cohort starts in Fall 2023 with scholarships available to qualified applicants. Apply earlier for an increased award and feel free to contact me as you begin your application.&nbsp;</p><p class=""spinmail-quill-editor__spin-break""><br></p><p class=""spinmail-quill-editor__spin-break"">Sincerely,</p><p class=""spinmail-quill-editor__spin-break""><br></p><p class=""spinmail-quill-editor__spin-break"">Mike Weaver, MSOD, Ed.D.(c)&nbsp;</p><p class=""spinmail-quill-editor__spin-break"">Associate Director, Executive Programs</p><p class=""spinmail-quill-editor__spin-break"">Michael.Weaver@pepperdine.edu</p><p class=""spinmail-quill-editor__spin-break"">310-866-6109</p>","ARCHIVE",""
"2-ZTdiYjU2ZmEtZTA5Ni00MGM5LTg5YjAtOWUxMzMxMWZlN2UyXzAxMA==","Executives only: The No.13 Best Executive MBA Program","Sasha Rushman","","Jaclyn Leaver","https://www.linkedin.com/in/jaclynleaver","2022-08-06 23:49:13 UTC","","<p class=""spinmail-quill-editor__spin-break"">You know the saying: “If you’re the smartest person in the room, you need to find a new room.”</p><p class=""spinmail-quill-editor__spin-break""><br></p><p class=""spinmail-quill-editor__spin-break"">At Santa Clara University, we have a classroom that would be the perfect fit.&nbsp;</p><p class=""spinmail-quill-editor__spin-break""><br></p><p class=""spinmail-quill-editor__spin-break"">The <a rel=""noopener"" href=""https://mba.scu.edu/li-top-mba-program/"" target=""_blank"">Executive MBA program at SCU</a> is specifically designed for professionals with 10+ years of managerial experience, which means you’ll be surrounded by some of the brightest minds in Silicon Valley. Deeper and more nuanced than a traditional MBA, our program is built on foundations that the C-suite covet:&nbsp;</p><p class=""spinmail-quill-editor__spin-break""><br></p><ul><li>An Innovative and Entrepreneurial Mindset</li><li>Strategic Leadership</li><li>Analytical Aptitude</li><li>Cross-Functional Execution.&nbsp;</li></ul><p class=""spinmail-quill-editor__spin-break""><br></p><p class=""spinmail-quill-editor__spin-break"">Named the <strong>No. 13 Best Executive MBA Program</strong> by U.S. News &amp; World Report and a <strong>Top 25 Best Executive MBA Program</strong> by Fortune Magazine, this degree will be pivotal in reaching the next stage of your career.1 Not only will it help sharpen your skills and modernize your knowledge, but an EMBA will also introduce you to a whole new crop of connections, collaborators and mentors.&nbsp;</p><p class=""spinmail-quill-editor__spin-break""><br></p><p class=""spinmail-quill-editor__spin-break"">We’d love for you to join us in the next semester and start moving closer to your goals. <a rel=""noopener"" href=""https://mba.scu.edu/li-top-mba-program/"" target=""_blank"">Head to our website</a> for more information, or <a rel=""noopener"" href=""https://slate.scu.edu/portal/BUSN_mba_Appointment"" target=""_blank"">schedule time to talk with an Admissions Advisor</a> today.</p>","ARCHIVE",""
"2-M2IzYTkzMTMtOWRhZC00Y2VjLTg5ZDUtY2JiZTI2ZGMxMWY4XzAxMA==","Sponsored Conversation","LinkedIn Member","","Jaclyn Leaver","https://www.linkedin.com/in/jaclynleaver","2022-07-15 19:31:22 UTC","","Hi %FIRSTNAME%,

This year’s installment of B2B Trends for the Contrarian Marketer feature little-known best practices in strategy, creative, distribution and measurement. Are you interested in learning more to gain a competitive edge? 	","ARCHIVE",""
"2-MDI0ZjFjZWEtNTNhMi00OTc4LWIzYTMtNzQ0NTMzNmM0NWFjXzAxMA==","Sponsored Conversation","LinkedIn Member","","Jaclyn Leaver","https://www.linkedin.com/in/jaclynleaver","2022-07-07 19:16:11 UTC","","Hi %FIRSTNAME%, 

Meltwater is hosting an exclusive event Wednesday, August 10th at SHACK15 in San Francisco! Along with Director of Digital Innovation at Walton Issacson, Albert Thompson, we’ll be discussing emerging trends in social for 2023 like the rise of the virtual influencer, rebirth of UGC, future of unique identities by platform & more.   

The event will include complimentary breakfast, coffee, & great networking with like-minded marketing professionals.   

Hope to see you there!","ARCHIVE",""
"2-YTM4NGQ4MjUtZTI2Mi00ZTQ2LTljZTktZWZjMjM4YTI1ZTMzXzAxMA==","Sponsored Conversation","LinkedIn Member","","Jaclyn Leaver","https://www.linkedin.com/in/jaclynleaver","2022-06-07 19:00:39 UTC","","Hi %FIRSTNAME%! My name is Dustin Saunders and I’m the director of admissions for Kellogg's Executive MBA Program. These aren’t ordinary times, but you’re no ordinary person. If we've learned anything about the world today, it's that industry change & marketplace disruption will continue to challenge the way we think & do business. So, let's talk about how you can meet these changes head-on by investing in your personal and professional growth with an Executive MBA. Would you like to learn more?","ARCHIVE",""
"2-YjhhYzRlNzUtMGIzNC00OTQwLWI1OWEtODhhMGZhMWQxMDdhXzAxMA==","Sponsored Conversation","LinkedIn Member","","Jaclyn Leaver","https://www.linkedin.com/in/jaclynleaver","2022-05-16 14:47:30 UTC","","Hi %FIRSTNAME%,

Did you know that you can post a job on LinkedIn for free? LinkedIn Jobs can help you find the people you want to interview, faster. 

If you're hiring, we have some helpful resources to share with you:

- Post a free job
- Learn how to attract more quality applicants
- Discover best practices for finding the right hire

Where would you like to start?","ARCHIVE",""
"2-MGYwZDVmZGItNGYxNC00ZTJiLWIwOGEtMjhkM2M3MTgxMmU0XzAxMA==","Online Executive Master of Urban Planning","Liz Falletta","","Jaclyn Leaver","https://www.linkedin.com/in/jaclynleaver","2022-05-08 01:55:34 UTC","","<p class=""spinmail-quill-editor__spin-break"">Hi Jaclyn,&nbsp;</p><p class=""spinmail-quill-editor__spin-break"">&nbsp;</p><p class=""spinmail-quill-editor__spin-break"">My name is Liz Falletta, and I am the Vice-Chair of the Department of Urban Planning and Spatial Analysis at the USC Sol Price School of Public Policy. Looking at your achievements and experience, I think you could be an excellent fit for the University of Southern California’s <a rel=""noopener"" href=""https://priceonline.usc.edu/executive-master-urban-planning-online?utm_source=linkedin&amp;utm_medium=social&amp;utm_campaign=BB-Online-EMUP-InMail&amp;utm_content=InMailLinkInText&li_fat_id=bf1812c4-bb36-4500-8ae0-6230abe44776"" target=""_blank"">Executive Master of Urban Development</a> online (EMUP) program, and would like to invite you to a <a rel=""noopener"" href=""https://priceonline.usc.edu/admissions/?li_fat_id=bf1812c4-bb36-4500-8ae0-6230abe44776#info-sessions"" target=""_blank"">virtual information session</a>. The EMUP program merges urban planning and real estate development, building on decades of USC Price leadership and expertise in both fields.&nbsp;&nbsp;&nbsp;</p><p class=""spinmail-quill-editor__spin-break"">&nbsp;</p><p class=""spinmail-quill-editor__spin-break"">USC Price is ranked #2 in the nation for urban policy (<em>U.S. News &amp; World Report</em>), and the EMUP program is designed for seasoned professionals who are passionate about improving their communities and ready to take leadership positions that will make our cities more vibrant, sustainable and just. The degree can be completed in 16 months, and no GRE/GMAT is required to apply.&nbsp;</p><p class=""spinmail-quill-editor__spin-break"">&nbsp;</p><p class=""spinmail-quill-editor__spin-break"">You can build on your experience (whether or not in the planning or real estate fields) to learn key aspects of public/private sector planning goals, finance, economics, politics, engaging stakeholders, modern data techniques and how to put it all in a leadership context.&nbsp;&nbsp;</p><p class=""spinmail-quill-editor__spin-break"">&nbsp;</p><p class=""spinmail-quill-editor__spin-break"">Jaclyn, you can click the link below to learn more and please feel free to fill out the form there to connect with us. You can also reach out to me directly at <em>emup@usc.edu</em> for more information.&nbsp;</p><p class=""spinmail-quill-editor__spin-break"">&nbsp;&nbsp;</p><p class=""spinmail-quill-editor__spin-break"">All the best,&nbsp;</p><p class=""spinmail-quill-editor__spin-break"">&nbsp;</p><p class=""spinmail-quill-editor__spin-break"">Liz Falletta&nbsp;</p><p class=""spinmail-quill-editor__spin-break"">Vice Chair, Department of Urban Planning and Spatial Analysis&nbsp;</p><p class=""spinmail-quill-editor__spin-break"">USC Sol Price School of Public Policy&nbsp;</p>","ARCHIVE",""
"2-YWU5OTNkMzYtYjA4YS00NzU0LWEwNzktZTMxZTM0YmE2Y2E3XzAxMA==","Sponsored Conversation","LinkedIn Member","","Jaclyn Leaver","https://www.linkedin.com/in/jaclynleaver","2022-04-08 00:41:49 UTC","","Hi %First Name%! We thought you might be interested in learning more about the work we are doing to target diseases that disproportionately affect women.
","ARCHIVE",""
"2-OTc5YTM3M2EtMGQxYi00MmE4LWJiNzAtODM4MzYyZDhlMTU3XzAxMA==","Meaningful hires start with meaningful conversations.","Shana McFadden from LinkedIn","","Jaclyn Leaver","https://www.linkedin.com/in/jaclynleaver","2022-03-16 22:58:48 UTC","","<p class=""spinmail-quill-editor__spin-break"">Dear Jaclyn,</p><p class=""spinmail-quill-editor__spin-break""><br></p><p class=""spinmail-quill-editor__spin-break"">When you interview the right people, good things happen. That’s why LinkedIn Jobs helps you start more of those conversations worth having, sooner—with every job you post.&nbsp;</p><p class=""spinmail-quill-editor__spin-break""><br></p><ul><li><strong>Find the right people for free.</strong></li></ul><p class=""spinmail-quill-editor__spin-break"">Post a free job and tap into a network of over 770 million professionals.&nbsp;</p><p class=""spinmail-quill-editor__spin-break""><br></p><ul><li><strong>Prioritize the most qualified.&nbsp;</strong></li></ul><p class=""spinmail-quill-editor__spin-break"">Simple tools like screening questions and candidate rating help you quickly filter and prioritize who you should be talking to.</p><p class=""spinmail-quill-editor__spin-break""><br></p><ul><li><strong>Choose who’s right for you.</strong></li></ul><p class=""spinmail-quill-editor__spin-break"">We can get you to the right people, but only you know the right choice for your business.</p><p class=""spinmail-quill-editor__spin-break""><br></p><p class=""spinmail-quill-editor__spin-break""><a rel=""noopener"" href=""https://www.linkedin.com/talent/post-a-job?src=li-in&amp;trk=spinml_mktg_job_lts_ss_NAMER_US_EN_50M_MeaningfulGreen&amp;utm_source=linkedin&amp;utm_medium=inmail&amp;utm_campaign=LTS_SS_ACQ_SM_MA_NAMER_US_EN_50M_WOW_1400_Website_Conversions_BAU_FREE_ACCN&li_fat_id=536f8a99-1128-4362-9b3e-b3e8f2dac876"" target=""_blank""><strong>Post a free job</strong></a></p><p class=""spinmail-quill-editor__spin-break""><br></p><p class=""spinmail-quill-editor__spin-break"">Sincerely,</p><p class=""spinmail-quill-editor__spin-break"">Shana from LinkedIn Jobs</p>","ARCHIVE",""
"2-YzgyYTMyNmUtMzM4ZC00NDc4LTg4NTQtM2IxMDIyYzNkZTE2XzAxMA==","Sponsored Conversation","LinkedIn Member","","Jaclyn Leaver","https://www.linkedin.com/in/jaclynleaver","2022-03-09 00:39:47 UTC","","Hello%FIRSTNAME%,

My name is Joshua Rosenthal, and I’m the Director of Admissions at Saint Mary's College of California. Have you desired to be a thought leader in your field, or dream to build your own consulting service? Our AACSB-accredited EDBA is designed for working professionals like you, to equip you with the skills to become a scholarly practitioner. Are you interested in learning more about EDBA at Saint Mary's College of California?
 
","ARCHIVE","https://www.linkedin.com/dms/prv/vid/v2/C4E06AQGdViv5twKFfA/messaging-attachmentFile/messaging-attachmentFile/0/1630379283446?m=AQLnWJsTlDsWSwAAAZ1k5f5V5W8PRMfdoD9OTS-6aDoWeiXkiQBQNn_i&ne=1&v=beta&t=0ms8FTpEpvXQ6WR7wzSAgqMlxbKSF2CT9QrDcKwXl7o"
"2-NjkzZmFmMWYtNjhiZS00YWNlLTg1ZDAtZTY4N2Q1N2FmNzYxXzAxMA==","Your area has a new franchise opportunity. A proven winner. ","Zach Luffman","","Jaclyn Leaver","https://www.linkedin.com/in/jaclynleaver","2022-02-06 17:02:50 UTC","","<p class=""spinmail-quill-editor__spin-break"">I hope this finds you well and ready for new opportunities. I’m reaching out to share a great one in your area — an opening to be a successful business owner as a member of the <a rel=""noopener"" href=""https://www.windowworldfranchise.com/?li_fat_id=a4416557-60d9-47c0-80c0-5eba82072ff1"" target=""_blank"">Window World</a> team.&nbsp;</p><p class=""spinmail-quill-editor__spin-break"">&nbsp;</p><p class=""spinmail-quill-editor__spin-break"">We are America’s largest exterior home remodeler with a 25-year track record of excellence and integrity. We have recently targeted your area for growth. The home remodeling industry is a profitable one with huge market potential. Just think about how many windows and doors there are in your area!</p><p class=""spinmail-quill-editor__spin-break"">&nbsp;</p><p class=""spinmail-quill-editor__spin-break"">Window World’s proven sales model and reliable support system makes this a wise franchise investment for you to consider. The Good Housekeeping Seal for quality products adds further assurance and credibility. Conservative estimates for net profit over the first three years are $200K to $400K, depending on market size.</p><p class=""spinmail-quill-editor__spin-break"">&nbsp;</p><p class=""spinmail-quill-editor__spin-break"">Opportunity is knocking. It’s time to open the door (and window!) I’m ready to discuss your future as part of the Window World family. I look forward to hearing from you.</p><p class=""spinmail-quill-editor__spin-break"">&nbsp;</p><p class=""spinmail-quill-editor__spin-break"">Sincerely,</p><p class=""spinmail-quill-editor__spin-break"">&nbsp;</p><p class=""spinmail-quill-editor__spin-break"">Zach Luffman</p><p class=""spinmail-quill-editor__spin-break"">Director of Franchising</p><p class=""spinmail-quill-editor__spin-break""><a rel=""noopener"" href=""http://mailto:ZLuffman@windowworld.com?li_fat_id=a4416557-60d9-47c0-80c0-5eba82072ff1"" target=""_blank"">ZLuffman@windowworld.com</a></p><p class=""spinmail-quill-editor__spin-break"">336-651-4740</p>","ARCHIVE",""
"2-OTg2NDE4OTctYjdkZi00YTE4LWE4M2UtYmJiYTA5ZDQwOWI2XzAxMA==","Learn why healthcare marketers are using LinkedIn","Deserrie (Forte) Perez (She/Her)","","Jaclyn Leaver","https://www.linkedin.com/in/jaclynleaver","2022-01-15 00:31:17 UTC","","<p class=""spinmail-quill-editor__spin-break"">Hi Jaclyn,</p><p class=""spinmail-quill-editor__spin-break""><br></p><p class=""spinmail-quill-editor__spin-break"">Do you want to reach Healthcare professionals in a new and unique way on LinkedIn?</p><p class=""spinmail-quill-editor__spin-break""><br></p><p class=""spinmail-quill-editor__spin-break"">Here's an article<strong> </strong><a rel=""noopener"" href=""https://www.linkedin.com/business/marketing/blog/customer-stories/how-pharma-brands-are-reaching-physicians-on-linkedin?src=li-in&amp;veh=FxENTxCUSTxSMxMAxNAMERxENxBlogx202110xHiFiAstraZenecaSocialxENTHealthcarex1505xVisitsxv1a&li_fat_id=a4416557-60d9-47c0-80c0-5eba82072ff1"" target=""_blank""><strong>""3 impactful ways Pharma Brands are reaching physicians on LinkedIn""</strong></a><strong> </strong>with innovative ways pharma brand marketers are breaking through the noise to educate physicians and consumers on LinkedIn.</p><p class=""spinmail-quill-editor__spin-break""><br></p><p class=""spinmail-quill-editor__spin-break"">Read and share these best practices with your colleagues and visit our<a rel=""noopener"" href=""https://business.linkedin.com/marketing-solutions/healthcare?li_fat_id=a4416557-60d9-47c0-80c0-5eba82072ff1"" target=""_blank""><strong> </strong></a><a rel=""noopener"" href=""https://business.linkedin.com/marketing-solutions/healthcare?src=li-in&amp;veh=FxENTxCUSTxSMxMAxNAMERxENxPDx202110xHiFiAstraZenecaSocialxENTHealthcarex1505xVisitsxv1a&li_fat_id=a4416557-60d9-47c0-80c0-5eba82072ff1"" target=""_blank""><strong>Healthcare Hub</strong></a><strong> </strong>for more info.</p><p class=""spinmail-quill-editor__spin-break""><br></p><p class=""spinmail-quill-editor__spin-break"">Warmest Regards,</p><p class=""spinmail-quill-editor__spin-break"">Deserrie Perez</p><p class=""spinmail-quill-editor__spin-break"">Head of Healthcare Marketing</p><p class=""spinmail-quill-editor__spin-break"">LinkedIn Marketing Solutions</p>","ARCHIVE",""
"2-ZWFjOTY1ZTYtOWZhZi00MTA5LWEzODUtZTY3ZjA0NTgxYjFlXzAxMA==","Sponsored Conversation","LinkedIn Member","","Jaclyn Leaver","https://www.linkedin.com/in/jaclynleaver","2022-01-07 06:36:01 UTC","","Hi %FIRSTNAME%,

As you know, government agencies need to communicate with complete security in order to remain protected from both foreign and domestic cyber threats. These threats have only increased as more employees have begun working remotely.

Wickr recognizes those threats and provides complete security for all of your collaboration needs. Would you be interested in learning more?","ARCHIVE",""
"2-MTJjZTY1M2MtYTA1MC00OTczLTlhYzAtM2JkMDQ0ODlhMWU3XzAxMA==","You + Brandzooka","Kyle McBride","","Jaclyn Leaver","https://www.linkedin.com/in/jaclynleaver","2021-12-08 02:03:21 UTC","","<p class=""spinmail-quill-editor__spin-break"">Hey Jaclyn,</p><p class=""spinmail-quill-editor__spin-break"">&nbsp;</p><p class=""spinmail-quill-editor__spin-break"">Reaching out from <a rel=""noopener"" href=""https://brandzooka.com/platform?utm_source=linkedin&amp;utm_medium=cpc&amp;utm_campaign=inmail-1----company-size-2-10&amp;utm_term=audience-targeting-&amp;utm_content=20210908-kyle-mcbride&li_fat_id=60d90064-f496-4411-8af3-7d7131e2940f"" target=""_blank"">Brandzooka</a> -- Are you currently running any digital ads? Our self-service platform enables brands and agencies to place ads across premium Display, Video, Audio and Connected TV inventory with no minimums or seat fees.</p><p class=""spinmail-quill-editor__spin-break"">&nbsp;</p><p class=""spinmail-quill-editor__spin-break"">Would love to connect for a <a rel=""noopener"" href=""https://go.brandzooka.com/learn-more?li_fat_id=60d90064-f496-4411-8af3-7d7131e2940f"" target=""_blank"">platform demo</a> and learn more about your current marketing strategies!&nbsp;</p><p class=""spinmail-quill-editor__spin-break"">&nbsp;</p><p class=""spinmail-quill-editor__spin-break"">Feel free to head over to <a rel=""noopener"" href=""https://brandzooka.com/platform?utm_source=linkedin&amp;utm_medium=cpc&amp;utm_campaign=inmail-1----company-size-2-10&amp;utm_term=audience-targeting-&amp;utm_content=20210908-kyle-mcbride&li_fat_id=60d90064-f496-4411-8af3-7d7131e2940f"" target=""_blank"">Brandzooka</a> to learn more about our platform.&nbsp;</p><p class=""spinmail-quill-editor__spin-break"">&nbsp;</p><p class=""spinmail-quill-editor__spin-break"">Kyle McBride, Account Executive</p><p class=""spinmail-quill-editor__spin-break"">kmcbride@brandzooka.com | 720.939.4789</p><p class=""spinmail-quill-editor__spin-break"">Let's connect or<a rel=""noopener"" href=""https://app.grooveapp.com/meetings/kmcbride?li_fat_id=60d90064-f496-4411-8af3-7d7131e2940f"" target=""_blank""> schedule a meeting here</a>.</p>","ARCHIVE",""
"2-NDZiZTRjOTQtYzAyYy00ZTVlLTkxYjYtZWNlZjQyYmM5YmE5XzAxMA==","Learn 3 tips for reaching physicians on LinkedIn","Deserrie (Forte) Perez (She/Her)","","Jaclyn Leaver","https://www.linkedin.com/in/jaclynleaver","2021-11-15 22:47:06 UTC","","<p class=""spinmail-quill-editor__spin-break"">Hi Jaclyn,</p><p class=""spinmail-quill-editor__spin-break""><br></p><p class=""spinmail-quill-editor__spin-break"">Do you want to reach Healthcare professionals in a new and unique way on LinkedIn?</p><p class=""spinmail-quill-editor__spin-break""><br></p><p class=""spinmail-quill-editor__spin-break"">Here's an article <a rel=""noopener"" href=""https://www.linkedin.com/business/marketing/blog/customer-stories/how-pharma-brands-are-reaching-physicians-on-linkedin?src=li-in&amp;veh=FxENTxCUSTxSMxMAxNAMERxENxBlogx202110xHiFiAstraZenecaSocialxENTHealthcarex1505xVisitsxv2a&li_fat_id=60d90064-f496-4411-8af3-7d7131e2940f"" target=""_blank""><strong>""3 impactful ways Pharma Brands are reaching physicians on LinkedIn""</strong></a><strong> </strong>with innovative ways pharma brand marketers are breaking through the noise to educate physicians and consumers on LinkedIn.</p><p class=""spinmail-quill-editor__spin-break""><br></p><p class=""spinmail-quill-editor__spin-break"">Read and share these best practices with your colleagues and visit our<a rel=""noopener"" href=""https://business.linkedin.com/marketing-solutions/healthcare?li_fat_id=60d90064-f496-4411-8af3-7d7131e2940f"" target=""_blank""><strong> </strong></a><a rel=""noopener"" href=""https://business.linkedin.com/marketing-solutions/healthcare?src=li-in&amp;veh=FxENTxCUSTxSMxMAxNAMERxENxPDx202110xHiFiAstraZenecaSocialxENTHealthcarex1505xVisitsxv2a&li_fat_id=60d90064-f496-4411-8af3-7d7131e2940f"" target=""_blank""><strong>Healthcare Hub</strong></a><strong> </strong>for more info.</p><p class=""spinmail-quill-editor__spin-break""><br></p><p class=""spinmail-quill-editor__spin-break"">Warmest Regards,</p><p class=""spinmail-quill-editor__spin-break"">Deserrie Perez</p><p class=""spinmail-quill-editor__spin-break"">Head of Healthcare Marketing</p><p class=""spinmail-quill-editor__spin-break"">LinkedIn Marketing Solutions</p>","ARCHIVE",""
"2-ZWE3ZmY0MzEtNmM1Mi00ZWFkLWFjZTAtMGIyMjkyMTE2YTFjXzAxMA==","An Executive MBA that fits your schedule","Melissa (Smith) Rapp","","Jaclyn Leaver","https://www.linkedin.com/in/jaclynleaver","2021-11-07 16:55:32 UTC","","<p class=""spinmail-quill-editor__spin-break"">Hi&nbsp;Jaclyn,</p><p class=""spinmail-quill-editor__spin-break""><br></p><p class=""spinmail-quill-editor__spin-break"">In times of economic uncertainty, it’s critical to take steps to set yourself apart. New skills create new opportunities. If you’re a working professional looking to future-proof your career, Emory’s Executive MBA may be right for you.</p><p class=""spinmail-quill-editor__spin-break""><br></p><p class=""spinmail-quill-editor__spin-break"">Designed to be both family and work-friendly, you can choose to take on-campus classes every other weekend or a mix of online and on-campus weekend classes. Expand your breadth of skills in our flexible and customizable Executive MBA program.</p><p class=""spinmail-quill-editor__spin-break""><br></p><p class=""spinmail-quill-editor__spin-break"">·&nbsp;&nbsp;#11 EMBA in the U.S. &amp; #1 in Georgia (<em>U.S. News &amp; World Report, 2020</em>)</p><p class=""spinmail-quill-editor__spin-break"">·&nbsp;&nbsp;42% average increase in salary growth</p><p class=""spinmail-quill-editor__spin-break"">·&nbsp;&nbsp;100% students with a personal career coach</p><p class=""spinmail-quill-editor__spin-break"">·&nbsp;&nbsp;141,000 worldwide alumni network</p><p class=""spinmail-quill-editor__spin-break"">·&nbsp;&nbsp;Flexible formats: on-campus and hybrid</p><p class=""spinmail-quill-editor__spin-break""><br></p><p class=""spinmail-quill-editor__spin-break"">Learn more about Emory’s Executive MBA today.</p><p class=""spinmail-quill-editor__spin-break""><br></p><p class=""spinmail-quill-editor__spin-break"">Sincerely,</p><p class=""spinmail-quill-editor__spin-break"">Melissa Rapp</p><p class=""spinmail-quill-editor__spin-break"">Emory Goizueta MBA Admissions</p>","ARCHIVE",""
"2-YTg0Zjk0Y2ItOGE4Yy00MzVlLTgxYjktYzAyNWIxZjA2YTJhXzAxMw==","Sponsored Conversation","LinkedIn Member","","Jaclyn Leaver","https://www.linkedin.com/in/jaclynleaver","2021-10-08 16:14:43 UTC","","Hi there %FIRSTNAME%! 

The University of Arizona Online offers students an exciting experience that sets them up for future success. We were impressed by your profile and think you would make a great fit for our International Security master’s program. You can enjoy an exciting career protecting the United States against 21st Century security threats and issues. Would you like to learn more about the program?","ARCHIVE",""
"2-ZTk2YmI1OGItOWVmNi00NzI2LWE4ZjMtNWZlNzA3YjllNmRkXzAxMA==","Get the applicants you need for free","Janice from LinkedIn","","Jaclyn Leaver","https://www.linkedin.com/in/jaclynleaver","2021-09-16 22:30:46 UTC","","<p class=""spinmail-quill-editor__spin-break"">Hi Jaclyn,</p><p class=""spinmail-quill-editor__spin-break""><br></p><p class=""spinmail-quill-editor__spin-break"">Businesses around the world are grappling with these challenging times. If hiring is a priority for your business, LinkedIn Jobs can help.</p><p class=""spinmail-quill-editor__spin-break""><br></p><p class=""spinmail-quill-editor__spin-break"">Why should you post a job on LinkedIn?</p><p class=""spinmail-quill-editor__spin-break""><br></p><ul><li><strong>Our community is active and engaged:</strong>&nbsp;On LinkedIn, people are applying to the jobs they need.</li><li><strong>LinkedIn learns who's right for your job:</strong>&nbsp;As people share and update their experience, skills, and aspirations.</li><li><strong>Get qualified applicants when you need them:</strong>&nbsp;LinkedIn encourages the right people to apply for your job.</li></ul><p class=""spinmail-quill-editor__spin-break""><a rel=""noopener"" href=""https://www.linkedin.com/talent/post-a-job?src=li-in&amp;trk=spinml_mktg_job_lts_ss_NAMER_US_EN_SMBOwners_TEXT_GetTheApplicantsGreen&amp;utm_source=linkedin&amp;utm_medium=inmail&amp;utm_campaign=LTS_SS_ACQ_SM_MA_NAMER_US_EN_SMBOwners_WOW_1075_Website_Visits_BAU_FREE_ACCN&amp;mcid=6732255602355052576&li_fat_id=343f4485-2d1a-4a15-9b90-6a10e8c4af4f"" target=""_blank"">Post a job for free.</a></p><p class=""spinmail-quill-editor__spin-break""><br></p><p class=""spinmail-quill-editor__spin-break"">Best,</p><p class=""spinmail-quill-editor__spin-break"">Janice</p>","ARCHIVE",""
"2-NzQ5ZWJhZjQtNmVhMi00MWJhLWJhYWUtYWY4ZWI1ZWU3YmYzXzAxMA==","G6 Hospitality’s Newest Brand Extension","Rip Patel","","Jaclyn Leaver","https://www.linkedin.com/in/jaclynleaver","2021-09-08 04:01:34 UTC","","<p class=""spinmail-quill-editor__spin-break"">Hi Jaclyn,&nbsp;</p><p class=""spinmail-quill-editor__spin-break"">&nbsp;</p><p class=""spinmail-quill-editor__spin-break"">Looking to break into the hospitality industry, but don’t know where to start? The extended stay segment consistently outperforms U.S. hotel averages, bringing consumer demand to an all-time high as essential travelers and local community members continue to rise.&nbsp;</p><p class=""spinmail-quill-editor__spin-break"">&nbsp;</p><p class=""spinmail-quill-editor__spin-break"">Our recently launched, Studio 6® Suites brand extension has been strategically designed to meet changing customer needs and complement your portfolio with cost-effective&nbsp;opportunities.&nbsp;</p><p class=""spinmail-quill-editor__spin-break""><br></p><p class=""spinmail-quill-editor__spin-break"">We’re happy to provide more information about G6 Hospitality’s “suite” new franchising opportunity. Click “learn more” below to be contacted by one of our representatives.</p><p class=""spinmail-quill-editor__spin-break""><br></p><p class=""spinmail-quill-editor__spin-break"">- Rip Patel</p><p class=""spinmail-quill-editor__spin-break"">Regional Vice President — Western at G6 Hospitality LLC</p>","ARCHIVE",""
"2-OTliNDY2NmEtZDZkNS00Y2U1LWEwODgtMWQ5NzUwMDJjYjg3XzAxMA==","Use LinkedIn Ads to reach your target audience","Sayaka at LinkedIn","","Jaclyn Leaver","https://www.linkedin.com/in/jaclynleaver","2021-07-18 21:17:29 UTC","","<p class=""spinmail-quill-editor__spin-break"">Hi Jaclyn,&nbsp;</p><p class=""spinmail-quill-editor__spin-break""><br></p><p class=""spinmail-quill-editor__spin-break"">With LinkedIn advertising, you can share what matters most to your organization to a professional audience.</p><p class=""spinmail-quill-editor__spin-break"">&nbsp;</p><p class=""spinmail-quill-editor__spin-break"">Whether you want to <strong>raise brand awareness, drive website traffic, generate leads, or just let customers know you’re there for them</strong>, LinkedIn ads can help you achieve your goals with a range of flexible pricing and format options.</p><p class=""spinmail-quill-editor__spin-break""><br></p><p class=""spinmail-quill-editor__spin-break"">Success awaits on the world’s largest professional network.</p><p class=""spinmail-quill-editor__spin-break""><br></p><p class=""spinmail-quill-editor__spin-break"">Sincerely,</p><p class=""spinmail-quill-editor__spin-break"">Sayaka &amp; the LinkedIn Marketing Solutions team</p>","ARCHIVE",""
"2-OGU0Y2ZjZTMtZTU4Ni00NzFmLTlhYjAtNzllMDk2MDY0NTU1XzAxMA==","Sponsored Conversation","LinkedIn Member","","Jaclyn Leaver","https://www.linkedin.com/in/jaclynleaver","2021-07-15 00:30:52 UTC","","Hi %FIRSTNAME%! 

After reviewing your profile, I think you'd be a great fit for our 100% online Master of Healthcare Leadership program.

You'll benefit from: 
-Studying at a university that is ranked #28 in the nation
-World-class reputation and curriculum 
-No standardized testing req
-Program completion in as few as 20 months
-11:1 faculty ratio
-Networking with industry leaders in healthcare

We're accepting applications for the Fall 2021 term until August 1. Ready to transform health care?","ARCHIVE",""
"2-MTcyYmNmMDktOTY0NC00OTZkLWEwNDEtNDAzZGQ0OTgyOWY1XzAxMA==","Earn an MBA Designed for the C-Suite at Pepperdine","Pearl Quintana","","Jaclyn Leaver","https://www.linkedin.com/in/jaclynleaver","2021-06-15 00:16:14 UTC","","<p class=""spinmail-quill-editor__spin-break"">Hi Jaclyn,</p><p class=""spinmail-quill-editor__spin-break""><br></p><p class=""spinmail-quill-editor__spin-break"">You’re part of a select group I’m contacting about Pepperdine Graziadio’s Presidents and Key Executives MBA, the only <strong>15-month</strong> MBA program in the world designed specifically for top-level executives and business owners. This unique program challenges executives to transform their organizational and leadership skills to make a direct impact on value creation for their business.&nbsp;&nbsp;</p><p class=""spinmail-quill-editor__spin-break""><br></p><p class=""spinmail-quill-editor__spin-break"">In the PKE MBA program, you’ll capitalize on:&nbsp;</p><p class=""spinmail-quill-editor__spin-break""><br></p><ul><li>A<strong> convenient schedule</strong> for senior executives, meeting in-person once a month&nbsp;</li><li><strong>Intimate boardroom</strong> class setting with a cohort of peers from diverse industries</li><li>Learning new <strong>leadership strategies </strong>designed for bottom-line decision-makers</li><li>Executive workshops and the development of a <strong>live case study </strong>that can be directly applied to your business&nbsp;</li><li>A global <strong>alumni network</strong> of 43,000&nbsp;</li></ul><p class=""spinmail-quill-editor__spin-break""><br></p><p class=""spinmail-quill-editor__spin-break"">There are scholarships available for exceptional candidates – reach out today to discuss your candidacy for the program.&nbsp;</p><p class=""spinmail-quill-editor__spin-break""><br></p><p class=""spinmail-quill-editor__spin-break"">I look forward to connecting with you!&nbsp;&nbsp;</p><p class=""spinmail-quill-editor__spin-break""><br></p><p class=""spinmail-quill-editor__spin-break"">Sincerely,&nbsp;</p><p class=""spinmail-quill-editor__spin-break""><br></p><p class=""spinmail-quill-editor__spin-break"">Pearl Quintana</p><p class=""spinmail-quill-editor__spin-break"">Senior Executive Advisor</p><p class=""spinmail-quill-editor__spin-break"">Presidents and Key Executives MBA Program</p><p class=""spinmail-quill-editor__spin-break"">323.901.3109 </p><p class=""spinmail-quill-editor__spin-break"">pearl.quintana@pepperdine.edu</p>","ARCHIVE",""
"2-YTU2ZTRjMmUtMDRmOC00MjE0LWI5NGEtMDdmYWE4ZjliMmViXzAxMA==","Paid Consultancy Opportunity","Filipa Filipe","","Jaclyn Leaver","https://www.linkedin.com/in/jaclynleaver","2021-05-15 00:52:37 UTC","","<p class=""spinmail-quill-editor__spin-break"">Dear Jaclyn,</p><p class=""spinmail-quill-editor__spin-break""><br></p><p class=""spinmail-quill-editor__spin-break"">We are contacting you from Grapedata,&nbsp;a consulting start-up specialised in&nbsp;collecting industry insight.</p><p class=""spinmail-quill-editor__spin-break""><br></p><p class=""spinmail-quill-editor__spin-break"">You showed up in our research&nbsp;as a great match for one of our projects related to former civil servants of the federal government.</p><p class=""spinmail-quill-editor__spin-break""><br></p><p class=""spinmail-quill-editor__spin-break"">This survey will take 20 minutes of your time and we will reward you with $250 for a successful submission! You will also be able to refer any contacts you have with the same profile, with a reward of $50 per referral.</p><p class=""spinmail-quill-editor__spin-break""><br></p><p class=""spinmail-quill-editor__spin-break"">Please follow the below steps in order to get access to the assignment we have for you:&nbsp;</p><p class=""spinmail-quill-editor__spin-break"">&nbsp;</p><p class=""spinmail-quill-editor__spin-break"">1. Create an account by clicking&nbsp;<a rel=""noopener"" href=""https://user-app.grape-data.com/signup?lang=en&amp;utm_medium=social&amp;utm_source=linkedin&amp;utm_campaign=MAPauditorsUS_InText&amp;li_fat_id=UsRacilEqui"" target=""_blank"">here</a></p><p class=""spinmail-quill-editor__spin-break"">2. Receive a confirmation text on your phone</p><p class=""spinmail-quill-editor__spin-break"">3. Log in</p><p class=""spinmail-quill-editor__spin-break"">4. Complete your profiling survey&nbsp;</p><p class=""spinmail-quill-editor__spin-break"">5. Go on your dashboard and browse through the project(s) you would like to accomplish</p><p class=""spinmail-quill-editor__spin-break"">6. Get paid</p><p class=""spinmail-quill-editor__spin-break""><br></p><p class=""spinmail-quill-editor__spin-break"">Best regards,</p><p class=""spinmail-quill-editor__spin-break"">Filipa</p>","ARCHIVE",""
"2-YWQ5N2MzMDgtZGM3ZS00OTI0LTlhY2MtMjNkYTc0ZTE4MzQ4XzAxMA==","How to build an always-on marketing strategy","Renee Lowe","","Jaclyn Leaver","https://www.linkedin.com/in/jaclynleaver","2021-05-11 00:40:47 UTC","","<p class=""spinmail-quill-editor__spin-break"">Hi Jaclyn,</p><p class=""spinmail-quill-editor__spin-break""><br></p><p class=""spinmail-quill-editor__spin-break"">Always-on marketing is becoming increasingly more important to get right. We see that brands doing always-on marketing well are more recognizable and relevant.</p><p class=""spinmail-quill-editor__spin-break""><br></p><p class=""spinmail-quill-editor__spin-break"">Join us for our webinar, Building an Always-On Marketing Strategy, where you'll learn:</p><ul><li>What is Always-On Marketing?</li><li>Importance of Always-On Marketing</li><li>Designing Content for an Always-On Strategy</li><li>How to Distribute Content Across the Buying Journey with LinkedIn Ads</li><li>Measuring Performance</li></ul><p class=""spinmail-quill-editor__spin-break"">Hope to see you there!</p><p class=""spinmail-quill-editor__spin-break""><br></p><p class=""spinmail-quill-editor__spin-break"">Sincerely,</p><p class=""spinmail-quill-editor__spin-break"">Renee Lowe</p><p class=""spinmail-quill-editor__spin-break"">LinkedIn Marketing Solutions</p>","ARCHIVE",""
"2-NTVkYzVhYzQtOTY0OS00OTUxLWI5OWUtODI2Y2ZlZmM4ZmU0XzAxMw==","Online MBA: Prepare to Lead with Integrity","Pepperdine Business Online","","Jaclyn Leaver","https://www.linkedin.com/in/jaclynleaver","2021-04-14 21:20:24 UTC","","<p class=""spinmail-quill-editor__spin-break"">Jaclyn,</p><p class=""spinmail-quill-editor__spin-break""><br></p><p class=""spinmail-quill-editor__spin-break"">At&nbsp;<a rel=""noopener"" href=""https://requestinfo.onlinebusiness.pepperdine.edu/mba.html?s=LinkedIncpmInMail&amp;l=L8887A_IM_PMB_PST_Tier1_A_A_-_SKL_BRO_-_-_CPM&amp;c=Copy7_Image1_IM_&amp;utm_source=linkedincpminmail&amp;utm_campaign=l8887a_im_pmb_pst_tier1_a_a_-_skl_bro_-_-_cpm&amp;utm_content=copy7_image1_im_&amp;utm_medium=banner&amp;li_fat_id=91224a81-c30a-4e50-84cb-687be09c1a1d&li_fat_id=1df974e4-cab1-46c9-9824-9f6efcbe74d0"" target=""_blank"">Pepperdine Graziadio Business School</a>, we don’t simply produce executives who are some of the best in the world—we prepare leaders who are best&nbsp;<em>for&nbsp;</em>the world.</p><p class=""spinmail-quill-editor__spin-break""><br></p><p class=""spinmail-quill-editor__spin-break""><strong>Our top-ranked online MBA is designed to help you give back and drive meaningful change through business operations and ethics.</strong>&nbsp;While enabling you to master the fundamentals, we also place a special focus on tech and innovation. As a student, you can choose from five concentrations and graduate ready to bring values-based leadership to any field.</p><p class=""spinmail-quill-editor__spin-break""><br></p><p class=""spinmail-quill-editor__spin-break"">✅&nbsp; No GMAT Required</p><p class=""spinmail-quill-editor__spin-break"">✅&nbsp; Earn Your MBA in as Few as 20 Months</p><p class=""spinmail-quill-editor__spin-break"">✅  Scholarships Available</p><p class=""spinmail-quill-editor__spin-break"">&nbsp;</p><p class=""spinmail-quill-editor__spin-break""><strong>The Pepperdine Graziadio Network</strong></p><p class=""spinmail-quill-editor__spin-break"">&nbsp;</p><p class=""spinmail-quill-editor__spin-break"">Join more than 40,000 ambitious students and alumni who are dedicated to finding ethical business strategies. Through live, discussion-based class sessions and collaborative assignments, you’ll make strong connections with classmates and expert faculty.</p><p class=""spinmail-quill-editor__spin-break"">&nbsp;</p><p class=""spinmail-quill-editor__spin-break""><strong>Lead in Your Area of Interest</strong></p><p class=""spinmail-quill-editor__spin-break"">&nbsp;</p><p class=""spinmail-quill-editor__spin-break"">Customize our program to your goals. You can focus your studies with a concentration in finance, marketing, business analytics, digital innovation, or leadership.</p><p class=""spinmail-quill-editor__spin-break""><br></p><p class=""spinmail-quill-editor__spin-break""><strong>Add Impressive Brands to Your Resume</strong></p><p class=""spinmail-quill-editor__spin-break""><br></p><p class=""spinmail-quill-editor__spin-break"">Our program enables you to apply new practices to your current work—and build a resume for your future. In the experiential component of our MBA, the Education to Business program, you’ll gain real-world skills by developing solutions for big-name companies like Bank of America and Coca-Cola.</p><p class=""spinmail-quill-editor__spin-break""><br></p><p class=""spinmail-quill-editor__spin-break""><strong>Ready to chart a purposeful career path? Our next cohort starts in May 2021.&nbsp;</strong><a rel=""noopener"" href=""https://requestinfo.onlinebusiness.pepperdine.edu/mba.html?s=LinkedIncpmInMail&amp;l=L8887A_IM_PMB_PST_Tier1_A_A_-_SKL_BRO_-_-_CPM&amp;c=Copy7_Image1_IM_&amp;utm_source=linkedincpminmail&amp;utm_campaign=l8887a_im_pmb_pst_tier1_a_a_-_skl_bro_-_-_cpm&amp;utm_content=copy7_image1_im_&amp;utm_medium=banner&amp;li_fat_id=91224a81-c30a-4e50-84cb-687be09c1a1d&li_fat_id=1df974e4-cab1-46c9-9824-9f6efcbe74d0"" target=""_blank""><strong>Learn more now.</strong></a></p><p class=""spinmail-quill-editor__spin-break""><br></p><p class=""spinmail-quill-editor__spin-break"">Sincerely,</p><p class=""spinmail-quill-editor__spin-break""><br></p><p class=""spinmail-quill-editor__spin-break"">Online MBA at Pepperdine</p><p class=""spinmail-quill-editor__spin-break"">Pepperdine Graziadio Business School</p><p class=""spinmail-quill-editor__spin-break"">844-768-2808 | admissions@onlinebusiness.pepperdine.edu</p><p class=""spinmail-quill-editor__spin-break"">onlinegrad.pepperdine.edu</p>","ARCHIVE",""
"2-YzgxYzVlYmUtYWNlYy00NTkzLTliNGItMGVkMWNkNjlkYTE3XzAxMA==","I think you could be earning more","Daniel Filous","","Jaclyn Leaver","https://www.linkedin.com/in/jaclynleaver","2021-03-15 18:55:28 UTC","","<p class=""spinmail-quill-editor__spin-break"">Hey Jaclyn,</p><p class=""spinmail-quill-editor__spin-break""><br></p><p class=""spinmail-quill-editor__spin-break"">I know you're a Freelance Writer | Strategist | Editor at Self-Employed, but I think you would be a great fit for <a rel=""noopener"" href=""https://www.appacademy.io/?utm_source=linkedin&amp;utm_campaign=inmail&amp;utm_medium=cpc&amp;utm_content=ernmre&li_fat_id=4d374a5c-8056-4f12-9683-0d0a1d50612b"" target=""_blank"">App Academy</a>. Have you considered changing careers? We have online programs that will train and get you hired as a software developer in 16-24 weeks. Grads of App Academy earn $101,000 on average in San Francisco and over $80,000 nationally. There's no cost until you're hired, so we're invested in making sure you succeed at no risk to you.</p><p class=""spinmail-quill-editor__spin-break""><br></p><p class=""spinmail-quill-editor__spin-break"">If you think this could be a fit, let me know by completing an application <a rel=""noopener"" href=""https://application.appacademy.io/online?utm_source=linkedin&amp;utm_campaign=inmail&amp;utm_medium=cpc&amp;utm_content=ernmrel2&li_fat_id=4d374a5c-8056-4f12-9683-0d0a1d50612b"" target=""_blank"">here</a>.</p>","ARCHIVE",""
"2-OGVhMDJhN2YtNzBhNS00NTg3LWFiNzUtYjIzYTNmOTQxYjFjXzAxMA==","Reach your audience on LinkedIn","Sayaka at LinkedIn","","Jaclyn Leaver","https://www.linkedin.com/in/jaclynleaver","2021-03-11 19:53:49 UTC","","<p class=""spinmail-quill-editor__spin-break"">Hi Jaclyn,&nbsp;</p><p class=""spinmail-quill-editor__spin-break""><br></p><p class=""spinmail-quill-editor__spin-break"">With LinkedIn advertising, you can share what matters most to your organization to a professional audience.</p><p class=""spinmail-quill-editor__spin-break"">&nbsp;</p><p class=""spinmail-quill-editor__spin-break"">By launching a LinkedIn ad campaign, you can:</p><ul><li><strong>Reach over 706 million members</strong> based on job title, function, industry, and more</li><li><strong>Attract new Page followers</strong> on LinkedIn</li><li><strong>Track conversions and get insights</strong> on your website visitors</li></ul><p class=""spinmail-quill-editor__spin-break"">Success awaits on the world’s largest professional network.</p><p class=""spinmail-quill-editor__spin-break"">&nbsp;</p><p class=""spinmail-quill-editor__spin-break"">Sincerely,</p><p class=""spinmail-quill-editor__spin-break"">Sayaka &amp; the LinkedIn Marketing Solutions team</p>","ARCHIVE",""
"2-ZTg3NDI3MGEtODIyNi00MjFkLTg2ZjYtZDQ5YjMwZmZiYTY5XzAxMA==","Grow sales with Customer Journey Smarts.","Mailchimp","","Jaclyn Leaver","https://www.linkedin.com/in/jaclynleaver","2021-02-13 17:42:15 UTC","","<p class=""spinmail-quill-editor__spin-break""><a rel=""noopener"" href=""https://mailchimp.com/features/automations/customer-journey-builder/?li_fat_id=5ab19320-9330-4e2c-8074-8fab9bd5bdd1"" target=""_blank"">Customer Journey Smarts</a> guides customers to what they're more likely to buy next. Here’s how it works:</p><p class=""spinmail-quill-editor__spin-break""><br></p><ul><li>Starting points kick everything off in your automated journey, so no matter what conversation you want to have with a customer, we'll help get it started.&nbsp;</li><li>You can then assign rules like branching points and delays help deliver relevant messages to your customers based on their interactions and behaviors.&nbsp;</li><li>Finally, we'll automatically send beautiful, personalized emails when the moment is right, so you can get back to running your business.&nbsp;</li></ul><p class=""spinmail-quill-editor__spin-break""><br></p><p class=""spinmail-quill-editor__spin-break"">It's like setting up a design path to take customers from prospect to purchase. <a rel=""noopener"" href=""https://mailchimp.com/features/automations/customer-journey-builder/?li_fat_id=5ab19320-9330-4e2c-8074-8fab9bd5bdd1"" target=""_blank"">Try it starting at $14.99+/mo.</a></p>","ARCHIVE",""
"2-YWQzMjcxODMtZTA1Zi00OTljLTlmZWItOGE4YzA0YTVmZjk4XzAxMA==","Earn an MBA Designed for the C-Suite at Pepperdine","Pearl Quintana","","Jaclyn Leaver","https://www.linkedin.com/in/jaclynleaver","2021-01-14 06:29:14 UTC","","<p class=""spinmail-quill-editor__spin-break"">Hi Jaclyn,</p><p class=""spinmail-quill-editor__spin-break""><br></p><p class=""spinmail-quill-editor__spin-break"">You’re part of a select group of professionals I’m contacting about Pepperdine Graziadio’s Presidents and Key Executives MBA program, the only MBA program in the world designed specifically for top-level executives and business owners. Led by distinguished faculty with both academic and business credentials, the transformational degree program offers boardroom style classes that foster critical thinking and facilitate meaningful conversation in a cohort of executive-level peers.&nbsp;</p><p class=""spinmail-quill-editor__spin-break""><br></p><p class=""spinmail-quill-editor__spin-break"">In the PKE MBA program, you’ll capitalize on:&nbsp;</p><p class=""spinmail-quill-editor__spin-break""><br></p><ul><li>A schedule set for senior executives, meeting in person once a month&nbsp;</li><li>Networking with thought leaders and trailblazers from diverse industries&nbsp;</li><li>Learning new leadership strategies designed for bottom-line decision-makers</li><li>Executive workshops and the development of a live case study that can be directly applied to your business&nbsp;</li></ul><p class=""spinmail-quill-editor__spin-break""><br></p><p class=""spinmail-quill-editor__spin-break"">Please feel free to contact me directly so I can assist you through the application process. I look forward to connecting!</p><p class=""spinmail-quill-editor__spin-break""><br></p><p class=""spinmail-quill-editor__spin-break"">Sincerely, </p><p class=""spinmail-quill-editor__spin-break""><br></p><p class=""spinmail-quill-editor__spin-break"">Pearl Quintana</p><p class=""spinmail-quill-editor__spin-break"">Senior Executive Advisor</p><p class=""spinmail-quill-editor__spin-break"">Presidents and Key Executives MBA Program</p><p class=""spinmail-quill-editor__spin-break"">323.901.3109</p><p class=""spinmail-quill-editor__spin-break"">pearl.quintana@pepperdine.edu</p>","ARCHIVE",""
"2-MGFlNWNlNWEtNjAyYi00NzIyLWEzMjQtZGE4NWYyNTA3YjY5XzAxMA==","Sponsored Conversation","LinkedIn Member","","Jaclyn Leaver","https://www.linkedin.com/in/jaclynleaver","2021-01-10 19:06:26 UTC","","Hi %FIRSTNAME%,    

The importance of trust in healthcare is critical and businesses everywhere are prioritizing the well-being of their communities.  We recently provided insights we are seeing on LinkedIn for healthcare marketing professionals. Are you interested in learning more about these best practices and how to use them to build advanced healthcare marketing strategies?","ARCHIVE",""
"2-YjQyODRkMWItMDExZS00NmNhLWJiYWQtNzRkZTk3NjA1ZTUzXzAxMA==","Sunknowledge: A Cost Effective Prior Authorization Solution","Shaikh Abbas (Ronnie,H)","","Jaclyn Leaver","https://www.linkedin.com/in/jaclynleaver","2020-12-09 00:19:21 UTC","","<p class=""spinmail-quill-editor__spin-break"">Hi Jaclyn,</p><p class=""spinmail-quill-editor__spin-break""><br></p><p class=""spinmail-quill-editor__spin-break"">Focusing on closing all the prior authorization gaps faster and efficiently Sunknowledge Services&nbsp;Inc is the perfect one-stop prior authorization destination, ensuring 100% prior authorization submission on the same day.</p><p class=""spinmail-quill-editor__spin-break""><br></p><p class=""spinmail-quill-editor__spin-break"">Eliminating all the complication in the authorization processes, Sunknowledge Services Inc in fact, with a smooth process transition has the best prior authorization plan in the market for all DME, HME, orthotics and prosthetics, infusion, gastroenterology billing and other specialties too.</p><p class=""spinmail-quill-editor__spin-break"">&nbsp;</p><p class=""spinmail-quill-editor__spin-break"">Taking care of your complete prior authorization services starting from prior authorization initiation, follow-up and approval, our expert ensure complete responsibility for:</p><p class=""spinmail-quill-editor__spin-break"">&nbsp;</p><ul><li>Gathering of vital information on medical procedure, patient, and provider</li><li>Verify and validate prior auth request with effective payer side communication</li><li>Check the patient’s eligibility</li><li>Initiate the auth request based on the payer mandates</li><li>Checking of the authorization status</li><li>Collating relevant documents from the ordering physicians / follow up</li><li>Providing additional documents as requested by payer </li><li>Update the auth outcome in the client PM/Billing system</li></ul><p class=""spinmail-quill-editor__spin-break"">Being one of the leading RCM organization with 100s of excellent industry references, we also&nbsp;help in increasing the authorization rate by 1.5 – 2x. Furthermore, assisting you with a seamless and faster prior authorization process, we also have additional benefits of:</p><p class=""spinmail-quill-editor__spin-break"">&nbsp;</p><ul><li>99.9% accuracy rate in all the billing and coding process</li><li>Helps in reducing your current operational cost down by 75%</li><li>We have the highest productivity metrics in the business.</li><li>20 % internal audits conducted regularly without any additional charges for the services.</li><li>No cost dedicated account manager&nbsp;</li><li>customized reporting&nbsp;</li><li>Our experts are equally proficient in different billing software including&nbsp;Brightree, Fastrack, CPR +, Team DME, DME Works, Bonafide, Universal etc</li><li>Liability insurance coverage of 2 Million Dollars, with a million dollar coverage per incident</li><li>No binding contract with first thirty days of a free trial</li></ul><p class=""spinmail-quill-editor__spin-break"">So, if you are stuck with your prior authorization problems and looking for a strong strategic partnership at a cost effective rate, Sunknowledge Services Inc is the perfect destination helping you with seamless prior authorization process and efficient cash flow at $7 per hour.</p><p class=""spinmail-quill-editor__spin-break""><br></p><p class=""spinmail-quill-editor__spin-break"">Best Regards,</p><p class=""spinmail-quill-editor__spin-break"">Ronnie Hastings</p><p class=""spinmail-quill-editor__spin-break"">Director of Business Development</p><p class=""spinmail-quill-editor__spin-break"">Sunknowledge Services Inc.</p><p class=""spinmail-quill-editor__spin-break"">Ph: (646) 661-7853 | Fax: 646 871 0044</p>","ARCHIVE",""
"2-YmM3ODA2ZWQtN2E2Zi00YjhmLTljNzQtZjMyYTNjZDBhMGVkXzAxMA==","Use LinkedIn Ads to reach your target audience","Sayaka at LinkedIn","","Jaclyn Leaver","https://www.linkedin.com/in/jaclynleaver","2020-11-11 18:42:01 UTC","","<p class=""spinmail-quill-editor__spin-break"">Hi Jaclyn,&nbsp;</p><p class=""spinmail-quill-editor__spin-break""><br></p><p class=""spinmail-quill-editor__spin-break"">With LinkedIn advertising, you can share what matters most to your organization to a professional audience.</p><p class=""spinmail-quill-editor__spin-break"">&nbsp;</p><p class=""spinmail-quill-editor__spin-break"">By launching a LinkedIn ad campaign, you can:</p><ul><li><strong>Reach over 706 million members</strong> based on job title, function, industry, and more</li><li><strong>Attract new Page followers</strong> on LinkedIn</li><li><strong>Track conversions and get insights</strong> on your website visitors</li></ul><p class=""spinmail-quill-editor__spin-break"">Success awaits on the world’s largest professional network.</p><p class=""spinmail-quill-editor__spin-break""><br></p><p class=""spinmail-quill-editor__spin-break"">Sincerely,</p><p class=""spinmail-quill-editor__spin-break"">Sayaka &amp; the LinkedIn Marketing Solutions team</p>","ARCHIVE",""
"2-NjZjMTQ4ZWQtNzk5NC00ODZkLTg1ZTItYTE3MmVhYWFmODMyXzAxMA==","Real Steps Up When the World Shuts Down  ","John F. Stack, Jr.","","Jaclyn Leaver","https://www.linkedin.com/in/jaclynleaver","2020-11-08 18:11:12 UTC","","<p class=""spinmail-quill-editor__spin-break"">At a time when the world faces one of the greatest economic and public health challenges in history, the Steven J. Green School of International &amp; Public Affairs is committed to doing what we do best.&nbsp;&nbsp;</p><p class=""spinmail-quill-editor__spin-break""><br></p><p class=""spinmail-quill-editor__spin-break"">We are marshalling our resources to provide the kind of research and analysis that can help public officials, policymakers and local leaders make the best decisions during these difficult times.&nbsp;&nbsp;</p><p class=""spinmail-quill-editor__spin-break""><br></p><p class=""spinmail-quill-editor__spin-break"">Our economics experts are&nbsp;<a rel=""noopener"" href=""https://news.fiu.edu/2020/fiu-professor-works-with-world-bank-to-track-covid-19-outbreak?li_fat_id=75ba1a18-a445-4936-9afc-3c8c3c1b7a0e"" target=""_blank"">working with the World Bank to track the outbreak</a>&nbsp;using migration data. Others in public policy are assessing the&nbsp;<a rel=""noopener"" href=""https://metropolitan.fiu.edu/covid-19/?li_fat_id=75ba1a18-a445-4936-9afc-3c8c3c1b7a0e"" target=""_blank"">economic fallout and charting plans</a>&nbsp;for South Florida’s recovery.&nbsp;&nbsp;</p><p class=""spinmail-quill-editor__spin-break""><br></p><p class=""spinmail-quill-editor__spin-break"">Our faculty are providing the&nbsp;<a rel=""noopener"" href=""https://www.youtube.com/playlist?list=PLuhAUEZ74hwsJXdtIfN_Phy7zc0IE7NVr&li_fat_id=75ba1a18-a445-4936-9afc-3c8c3c1b7a0e"" target=""_blank"">critical analysis</a>&nbsp;needed to move the world from crisis into resilience in places like France, Germany, the Middle East, Cuba and Venezuela. Others are assessing the&nbsp;<a rel=""noopener"" href=""https://news.fiu.edu/2020/experts-discuss-surveillance-and-intelligence-during-covid-19?li_fat_id=75ba1a18-a445-4936-9afc-3c8c3c1b7a0e"" target=""_blank"">impact on the geopolitical environment</a>&nbsp;and global security.&nbsp;&nbsp;</p><p class=""spinmail-quill-editor__spin-break""><br></p><p class=""spinmail-quill-editor__spin-break"">At the Green School we are committed to providing our students with the tools they need to transform themselves and our fragile world.&nbsp;We are creating&nbsp;<a rel=""noopener"" href=""https://news.fiu.edu/2020/fiu-program-inspires-public-service-and-leadership-in-south-florida-and-beyond?utm_source=tag&amp;utm_medium=feed&amp;utm_campaign=newsroom-referrals&amp;utm_term=Steven%20J.%20Green%20School%20of%20International%20and%20Public%20Affairs&li_fat_id=75ba1a18-a445-4936-9afc-3c8c3c1b7a0e"" target=""_blank"">new hybrid programs to inspire public service</a>&nbsp;and leadership&nbsp;in this new virtual world.&nbsp;&nbsp;</p><p class=""spinmail-quill-editor__spin-break""><br></p><p class=""spinmail-quill-editor__spin-break"">We thank you for your interest as we navigate these new realities and work to create a more just, peaceful and prosperous world!&nbsp;&nbsp;</p><p class=""spinmail-quill-editor__spin-break""><br></p><p class=""spinmail-quill-editor__spin-break"">Best,&nbsp;&nbsp;</p><p class=""spinmail-quill-editor__spin-break""><br></p><p class=""spinmail-quill-editor__spin-break"">John F. Stack, Jr.&nbsp;&nbsp;</p><p class=""spinmail-quill-editor__spin-break"">Founding Dean&nbsp;&nbsp;</p><p class=""spinmail-quill-editor__spin-break"">Steven J. Green School of International and Public Affairs&nbsp;</p><p class=""spinmail-quill-editor__spin-break"">Florida International University&nbsp;&nbsp;</p>","ARCHIVE",""
"2-NTIxMmYwNTUtZjdhNy00NGRlLThiZDUtY2EyZGViNWNiMmI4XzAxMA==","Online MBA International Relations and Diplomacy","Prof. David Costa","","Jaclyn Leaver","https://www.linkedin.com/in/jaclynleaver","2020-10-08 13:30:44 UTC","","<p class=""spinmail-quill-editor__spin-break"">Hello Jaclyn,</p><p class=""spinmail-quill-editor__spin-break"">I am pleased to invite you to explore the University of Cumbria Online MBA International Relations and Diplomacy: you can now <a rel=""noopener"" href=""https://rkc.swiss/catalogue?r=mbaIRD&amp;j=lkdIRDinmailUn"" target=""_blank"">complete your MBA 100% Online in 1 Year</a>.</p><p class=""spinmail-quill-editor__spin-break""><br></p><p class=""spinmail-quill-editor__spin-break"">The MBA programmes are offered online in exclusive partnership between Robert Kennedy College and the University of Cumbria, UK.</p><p class=""spinmail-quill-editor__spin-break""><br></p><p class=""spinmail-quill-editor__spin-break"">The University of Cumbria has been <strong>ranked number 8 in the world for quality education</strong>, according to the&nbsp;<em>Times Higher Education (THE)</em>&nbsp;Impact Rankings.</p><p class=""spinmail-quill-editor__spin-break""><br></p><p class=""spinmail-quill-editor__spin-break""><a rel=""noopener"" href=""https://rkc.swiss/catalogue?r=mbaIRD&amp;j=lkdIRDinmailUn"" target=""_blank"">Please request our course catalogue</a>&nbsp;for more information about our programmes.</p><p class=""spinmail-quill-editor__spin-break""><br></p><p class=""spinmail-quill-editor__spin-break"">Best Regards,</p><p class=""spinmail-quill-editor__spin-break"">Dr. iur. David Costa, LL.M, MBA, PhD</p><p class=""spinmail-quill-editor__spin-break"">University of Cumbria Master Programmes</p><p class=""spinmail-quill-editor__spin-break"">in Exclusive Partnership with</p><p class=""spinmail-quill-editor__spin-break"">Robert Kennedy College</p><p class=""spinmail-quill-editor__spin-break"">Technoparkstrasse 1 8005 Zürich</p><p class=""spinmail-quill-editor__spin-break"">Tel. +41 844 007 007</p>","ARCHIVE",""
"2-MzFlZTQxMmEtYzc5Zi00YTdmLTgzMzctMTIxYmIzZTE0MDIyXzAxMA==","Thanks for being a valued member","Liza from LinkedIn Premium","","Jaclyn Leaver","https://www.linkedin.com/in/jaclynleaver","2020-09-11 20:03:12 UTC","","<p class=""spinmail-quill-editor__spin-break"">Hi Jaclyn,</p><p class=""spinmail-quill-editor__spin-break""><br></p><p class=""spinmail-quill-editor__spin-break"">I'd like to offer you a <a rel=""noopener"" href=""https://www.linkedin.com/premium/products?displayProducts=&amp;family=jss&amp;_ed=0_bvLJH59RTSY-u5c6PMUa4KEu5jfk9zYfhiTEOmBlPTY&amp;type=premium&amp;src=li-in&amp;trk=spinml_mktg_jss_ha_c_JSS_C_GLOBAL_EN_SPIN_CHOOSER_MarketingJS1_V2_CD19&amp;mcid=6653716922141679616"" target=""_blank"">free trial of LinkedIn Premium Career</a>. LinkedIn Premium gives you access to the following benefits:</p><p class=""spinmail-quill-editor__spin-break""><br></p><ul><li><strong>LinkedIn Learning Courses</strong> so you can sharpen your skills with 15,000+ expert-led video courses.</li><li><strong>InMail Messaging</strong> so you can contact anyone, even if you’re not connected.</li><li><strong>Who's Viewed Your Profile</strong>, to see everyone who viewed your profile over the last 90 days.</li><li><strong>Top Applicant</strong> to see a list of jobs where you’re a great fit.</li><li><strong>Competitive Insights</strong> on people who are applying to the same job as you.</li></ul><p class=""spinmail-quill-editor__spin-break""><br></p><p class=""spinmail-quill-editor__spin-break"">Start your 1 month free trial today.</p><p class=""spinmail-quill-editor__spin-break""><br></p><p class=""spinmail-quill-editor__spin-break"">Sincerely,&nbsp;</p><p class=""spinmail-quill-editor__spin-break""><br></p><p class=""spinmail-quill-editor__spin-break"">Liza &amp; the LinkedIn Premium Team&nbsp;</p>","ARCHIVE",""
"2-YTkxNjFhMjctODI5ZS00MWY4LWJjZTgtODgwZTQ3OTg3MGY2XzAxMA==","Introducing Disney CreativeWorks","Lisa Valentino","","Jaclyn Leaver","https://www.linkedin.com/in/jaclynleaver","2020-09-08 09:10:51 UTC","","<p class=""spinmail-quill-editor__spin-break"">Dear Friends,</p><p class=""spinmail-quill-editor__spin-break"">&nbsp;</p><p class=""spinmail-quill-editor__spin-break"">I hope you and your&nbsp;loved ones&nbsp;are safe and enjoying the summer.&nbsp;</p><p class=""spinmail-quill-editor__spin-break"">&nbsp;</p><p class=""spinmail-quill-editor__spin-break"">I know you’ll agree that we’ve all been put to the test over the past few months. But I believe that these circumstances have made us all so much more&nbsp;nimble and creative, and that this experience will be transformative for all of us in a very positive way.</p><p class=""spinmail-quill-editor__spin-break"">&nbsp;</p><p class=""spinmail-quill-editor__spin-break"">In that spirit, I wanted to share a few examples of what Disney Advertising Sales has been up to recently on the creative front.</p><p class=""spinmail-quill-editor__spin-break"">&nbsp;</p><p class=""spinmail-quill-editor__spin-break"">Last week we launched a new campaign for&nbsp;<a rel=""noopener"" href=""https://disneyadsales.com/disneycreativeworks/?li_fat_id=48d5b2c0-98ee-407e-8ac9-7d6af31897ff"" target=""_blank"">Disney CreativeWorks</a>, our newly consolidated creative studio that makes mind-blowing&nbsp;custom content -- reaching anyone and reflecting everyone – all through the incredible power of the Disney portfolio.</p><p class=""spinmail-quill-editor__spin-break"">&nbsp;</p><p class=""spinmail-quill-editor__spin-break"">Last month, DCW produced stunning work for the worldwide reveal of the Ford Bronco.&nbsp;We couldn’t be more proud of it, and the metrics are off the charts. Take a look&nbsp;<a rel=""noopener"" href=""https://disneyadsales.com/disneycreativeworks/built-wild-ford-bronco/?li_fat_id=48d5b2c0-98ee-407e-8ac9-7d6af31897ff"" target=""_blank"">here</a>.</p><p class=""spinmail-quill-editor__spin-break"">&nbsp;</p><p class=""spinmail-quill-editor__spin-break"">And it goes without saying that it’s long overdue for advertising to reflect the next generation of consumers. We have a responsibility to provide more diverse, inclusive&nbsp;and relevant marketing solutions for our brand partners. Not only because it’s the right thing to do, but because our audiences are demanding it. We’ve partnered with&nbsp;<a rel=""noopener"" href=""https://translationllc.com/?li_fat_id=48d5b2c0-98ee-407e-8ac9-7d6af31897ff"" target=""_blank"">Translation</a>, an agency founded and led by Steve Stoute, to build THE preeminent way for your brand to connect with diverse audiences by tapping the power of our combined cultural capital and massive distribution network. The insights, creative chops and strategic talents of this team are simply unmatched, and I invite you to reach out to me to learn more.</p><p class=""spinmail-quill-editor__spin-break"">&nbsp;</p><p class=""spinmail-quill-editor__spin-break"">So as we move into the dog days of summer, please know that when it comes to creative impact: Wishing upon a star is one way. Disney CreativeWorks is another!</p><p class=""spinmail-quill-editor__spin-break"">&nbsp;</p><p class=""spinmail-quill-editor__spin-break"">Warm regards,</p><p class=""spinmail-quill-editor__spin-break"">LV</p>","ARCHIVE",""
"2-ODUzMWNmYjktYzRjMy01NWJhLTljZWEtMGRlYTFhNjA5OTM0XzAxMA==","","Juan-David Rodriguez","","Jaclyn Leaver","https://www.linkedin.com/in/jaclynleaver","2020-08-08 12:31:15 UTC","","<p class=""spinmail-quill-editor__spin-break"">Hey Jaclyn,</p><p class=""spinmail-quill-editor__spin-break"">&nbsp;</p><p class=""spinmail-quill-editor__spin-break"">Juan-David, Admissions Manager at Springboard here!</p><p class=""spinmail-quill-editor__spin-break"">&nbsp;</p><p class=""spinmail-quill-editor__spin-break"">After checking your LinkedIn profile, I noticed that your background could make you a potential candidate for our <a rel=""noopener"" href=""https://www.springboard.com/workshops/data-science-career-track/?utm_source=linkedin&amp;utm_medium=inmail&amp;utm_campaign=DSC-SoftCommitment-Cold-InmailTraffic&amp;utm_content=career-next-level&amp;utm_term=hyperlink"" target=""_blank"">Data Science Career Development Program.</a>&nbsp;</p><p class=""spinmail-quill-editor__spin-break"">&nbsp;</p><p class=""spinmail-quill-editor__spin-break"">All our programs have a job-offer guarantee. This means if you do not get a job offer in the data science industry after completing the program, you do not need to pay for it.</p><p class=""spinmail-quill-editor__spin-break"">&nbsp;</p><p class=""spinmail-quill-editor__spin-break"">Our graduates are well-equipped to:</p><p class=""spinmail-quill-editor__spin-break""><br></p><ul><li>Analyze data, build predictive models and generate insights</li><li>Present insights effectively to business stakeholders</li><li>Work with engineers to implement models</li><li>Use a machine learning Python DS stack including Pandas, stats models and scikit-learn</li></ul><p class=""spinmail-quill-editor__spin-break"">&nbsp;</p><p class=""spinmail-quill-editor__spin-break"">Most notably – through our 100% online, 6-month, part-time curriculum, you’ll get hands-on data science experience and build out your very own portfolio of data science projects.&nbsp;</p><p class=""spinmail-quill-editor__spin-break"">&nbsp;</p><p class=""spinmail-quill-editor__spin-break"">I’m currently on the lookout for highly qualified candidates like yourself who see Data Science as their next step in their career. Let me know if you’re interested in learning more, and I’ll personally help you fast-track your application directly to our admissions committee.&nbsp;</p><p class=""spinmail-quill-editor__spin-break"">&nbsp;</p><p class=""spinmail-quill-editor__spin-break"">Applications are now open, they are free and only take 10 minutes. Please keep in mind spaces are limited, and we’ve filled all available spots the previous cycles due to strong demand.&nbsp;</p><p class=""spinmail-quill-editor__spin-break"">&nbsp;</p><p class=""spinmail-quill-editor__spin-break"">Regards,</p><p class=""spinmail-quill-editor__spin-break"">&nbsp;</p><p class=""spinmail-quill-editor__spin-break"">Juan-David Rodriguez</p>","ARCHIVE",""
"2-MzkxMzI4MmQtYTM2NS01NjdkLTk2ZDgtYTFjM2Y4ZTBlYjY1XzAxMA==","","Clayton from LinkedIn ProFinder","","Jaclyn Leaver","https://www.linkedin.com/in/jaclynleaver","2020-07-13 17:48:36 UTC","","<p class=""spinmail-quill-editor__spin-break"">Hi Jaclyn,</p><p class=""spinmail-quill-editor__spin-break""><br></p><p class=""spinmail-quill-editor__spin-break"">Need some outside help to get your projects done? Find and <a rel=""noopener"" href=""https://www.linkedin.com/profinder/?trk=lol_namer_profinder_inmail_mad_2&amp;mcid=6588468804681076736&amp;utm_campaign=mad&amp;utm_medium=display&amp;utm_source=linkedin&amp;utm_content=get%20more%20done%20inmail"" target=""_blank"">hire a freelancer</a>&nbsp;with LinkedIn ProFinder in three simple steps:</p><p class=""spinmail-quill-editor__spin-break""><br></p><ol><li><strong>Tell us what you need</strong>: Answer a few questions about your specific needs and we'll share it with qualified pros.</li><li><strong>Get free proposals, fast</strong>: Get up to 5 proposals within one business day. Review freelancer profiles to find the right fit.</li><li><strong>Hire with confidence</strong>: Select the freelancer who best meets your needs. If you have questions, our dedicated concierge service is here to help.</li></ol><p class=""spinmail-quill-editor__spin-break"">And that's it: simple, efficient, and trustworthy. Start crossing things off your list today.</p><p class=""spinmail-quill-editor__spin-break""><br></p>","ARCHIVE",""
"2-YTM1Yjk5YTYtOWRmOS01ZWI1LWEwYTUtNTYyZGJlMTdjN2I2XzAxMA==","","Clara Piloto","","Jaclyn Leaver","https://www.linkedin.com/in/jaclynleaver","2020-06-25 15:20:25 UTC","","<p class=""spinmail-quill-editor__spin-break"">Hello Jaclyn,</p><p class=""spinmail-quill-editor__spin-break"">&nbsp;</p><p class=""spinmail-quill-editor__spin-break"">My name is Clara&nbsp;Piloto, and I am Director of Global Programs for&nbsp;<strong>MIT Professional Education</strong>.&nbsp;&nbsp;</p><p class=""spinmail-quill-editor__spin-break"">&nbsp;</p><p class=""spinmail-quill-editor__spin-break"">According to an article by Bhaskar Pant, Cultural Awareness lecturer and Executive Director of MIT Professional Education, “we all have the tendency to look at other cultures through the lens of our own.” He adds that “while this is natural, it can lead to misunderstandings when communicating with, and managing,<strong> colleagues from around the world</strong>.”</p><p class=""spinmail-quill-editor__spin-break"">&nbsp;</p><p class=""spinmail-quill-editor__spin-break"">With this in mind, MIT Professional education has designed the <strong>Cultural Awareness for Global Business</strong> program which aims to help professionals improve their intercultural and global leadership skills so that they can succeed in today’s multicultural business environments.</p><p class=""spinmail-quill-editor__spin-break"">&nbsp;</p><p class=""spinmail-quill-editor__spin-break"">Our <strong>five-week</strong> Cultural Awareness for Global Business program is <strong>100% online</strong> and is available in both English and Spanish.&nbsp;</p><p class=""spinmail-quill-editor__spin-break"">&nbsp;</p><p class=""spinmail-quill-editor__spin-break"">At MIT Professional Education, we bet on the&nbsp;expansion of knowledge&nbsp;as a means of contributing to a better society, and we invite you to join us in our mission.&nbsp;&nbsp;</p><p class=""spinmail-quill-editor__spin-break"">&nbsp;</p><p class=""spinmail-quill-editor__spin-break"">We look forward to hearing from you.&nbsp;&nbsp;</p><p class=""spinmail-quill-editor__spin-break"">&nbsp;</p><p class=""spinmail-quill-editor__spin-break"">Sincerely,&nbsp;</p><p class=""spinmail-quill-editor__spin-break"">Clara&nbsp;Piloto&nbsp;</p>","ARCHIVE",""
"2-MjIwNzFlZjQtYTk2Ny01OWM1LWFhYTQtMGNhZjQ0NTVhZDE1XzAxMw==","","LinkedIn Marketing Solutions","","Jaclyn Leaver","https://www.linkedin.com/in/jaclynleaver","2020-05-14 10:14:21 UTC","","<p>Jaclyn,</p><p>With LinkedIn advertising you can engage with business leaders and decision makers, all in one place.</p><p>By launching a LinkedIn ad, you can:</p><ul><li><strong>Reach over 550 million members</strong> based on job title, function, industry, and more</li><li><strong>Generate leads<span> from LinkedIn and across the web</span></strong></li><li><strong>Track conversions </strong>and get insights on your website visitors</li></ul><p><strong><a rel=""noopener"" href=""https://business.linkedin.com/marketing-solutions/cx/17/04/sponsored-inmail-ads-promo?src=li-in&amp;veh=lppromo&li_fat_id=d0ed4682-64ec-4e34-b036-14e76cefd288"" target=""_blank"">Claim your $50 ad credit</a> to get started today.</strong></p><p>Success awaits on the world&rsquo;s largest professional network.</p><p>Sincerely,<br>LinkedIn Marketing Solutions</p>","ARCHIVE",""
"2-OWJhODQ5ZmUtNTY2MS00MGVjLTkzYmItMjc3ODQ0MjJjNDlmXzAxMw==","","LinkedIn Member","","Jaclyn Leaver","https://www.linkedin.com/in/jaclynleaver","2020-05-11 02:28:07 UTC","","","ARCHIVE",""
"2-YjFhZWY2MzMtM2VkYi01ODFkLWJmODItM2EyNDczMjY5NGMwXzAxMw==","","Jeffrey Suffin","","Jaclyn Leaver","https://www.linkedin.com/in/jaclynleaver","2020-03-27 00:09:50 UTC","","<p class=""spinmail-quill-editor__spin-break"">Hi Jaclyn,</p><p class=""spinmail-quill-editor__spin-break""><br></p><p class=""spinmail-quill-editor__spin-break"">Whiz, our autonomous commercial vacuum sweeper,&nbsp;<u>is now available in North America,</u>&nbsp;through our robotics-as-a-service subscription model.&nbsp;</p><p class=""spinmail-quill-editor__spin-break""><br></p><p class=""spinmail-quill-editor__spin-break"">I'd like to schedule time to discuss how Whiz can <u>increase tenant satisfaction to reduce churn</u> and <u>team efficiency to reduce overhead </u>at Self-Employed.</p><p class=""spinmail-quill-editor__spin-break""><br></p><p class=""spinmail-quill-editor__spin-break"">You can<a rel=""noopener"" href=""https://app.hubspot.com/meetings/elina-lipkin/whiz-discovery-call"" target=""_blank"">&nbsp;</a><a rel=""noopener"" href=""https://app.hubspot.com/meetings/jeffrey-suffin"" target=""_blank"">click here</a>&nbsp;to choose a day and time that works best for you or email me at jeffrey.suffin@softbankrobotics.com.</p><p class=""spinmail-quill-editor__spin-break""><br></p><p class=""spinmail-quill-editor__spin-break"">Looking forward to connecting!</p><p class=""spinmail-quill-editor__spin-break""><br></p><p class=""spinmail-quill-editor__spin-break""><strong>Jeffrey Suffin&nbsp;|&nbsp;Sales</strong></p><p class=""spinmail-quill-editor__spin-break""><strong>SoftBank Robotics America</strong></p><p class=""spinmail-quill-editor__spin-break""><strong>cell:</strong>&nbsp;(415) 987-7439</p><p class=""spinmail-quill-editor__spin-break""><strong>email:</strong> jeffrey.suffin@softbankrobotics.com</p><p class=""spinmail-quill-editor__spin-break""><br></p><p class=""spinmail-quill-editor__spin-break""><a rel=""noopener"" href=""https://www.softbankrobotics.com/us/roicalc"" target=""_blank"">Use our ROI calculator to see how much you can save with Whiz.</a></p>","ARCHIVE",""
"2-YjYyOTBkNzAtNjY5OS01OGE4LThjZDMtYTYxNWFmNWI5ZTFhXzAxMw==","","LinkedIn Marketing Solutions","","Jaclyn Leaver","https://www.linkedin.com/in/jaclynleaver","2020-03-12 15:33:30 UTC","","<p>Jaclyn,</p><p>With LinkedIn advertising you can engage with business leaders and decision makers, all in one place.</p><p>By launching a LinkedIn ad, you can:</p><ul><li><strong>Reach over 550 million members</strong> based on job title, function, industry, and more</li><li><strong>Generate leads<span> from LinkedIn and across the web</span></strong></li><li><strong>Track conversions </strong>and get insights on your website visitors</li></ul><p><strong><a rel=""noopener"" href=""https://business.linkedin.com/marketing-solutions/cx/17/04/sponsored-inmail-ads-promo?src=li-in&amp;veh=lppromo&li_fat_id=1b48fcc2-0005-4273-8219-b05a16320c01"" target=""_blank"">Claim your $50 ad credit</a> to get started today.</strong></p><p>Success awaits on the world&rsquo;s largest professional network.</p><p>Sincerely,<br>LinkedIn Marketing Solutions</p>","ARCHIVE",""
"2-Y2Y5YTc1MWItOTJmMS01ZGVkLTgwZDgtMzYyMjA5MThlM2EzXzAxMw==","","Charlene Perilla","","Jaclyn Leaver","https://www.linkedin.com/in/jaclynleaver","2020-02-06 04:16:36 UTC","","<p class=""spinmail-quill-editor__spin-break""><br></p><p class=""spinmail-quill-editor__spin-break"">Dear Jaclyn,&nbsp;</p><p class=""spinmail-quill-editor__spin-break""><br></p><p class=""spinmail-quill-editor__spin-break"">Did you know that Columbia University has multiple formats for their Master’s in Strategic Communication?</p><p class=""spinmail-quill-editor__spin-break""><br></p><p class=""spinmail-quill-editor__spin-break""><strong>Executive Master’s in Strategic Communications</strong></p><ul><li>Part-time – This accelerated degree can be completed in 16 months with a combination of online and on-campus instruction. Ideal for experienced communication leaders who are working full time.</li></ul><p class=""spinmail-quill-editor__spin-break""><strong>Master’s in Strategic Communications</strong></p><ul><li>Full-time – Coursework can be completed over the course of 3-4 terms. For early-career communication professionals and career-changers.</li><li>Part-Time – Coursework can be completed in up to 3 years. For those who may be employed full-time and live in the NYC area.&nbsp;&nbsp;</li></ul><p class=""spinmail-quill-editor__spin-break"">Communication changes at the speed of technology, and tomorrow’s executives need to know how to navigate an advanced landscape. With a graduate degree from Columbia University, you can rise to the top of your industry.&nbsp;</p><p class=""spinmail-quill-editor__spin-break""><br></p><p class=""spinmail-quill-editor__spin-break"">Which program format is right for you?&nbsp;<a rel=""noopener"" href=""https://sps.columbia.edu/academics/masters/strategic-communication?utm_source=linkedin&amp;utm_content=ESCOM_linkedin&amp;utm_medium=social&amp;utm_campaign=ESCOM_linkedin-FY20_Inmail&li_fat_id=b0d3cbdb-9d16-4faa-b902-0b4c2a3f35db"" target=""_blank"">Get in touch</a>&nbsp;to hear more about how this program can help you take your career to the next level.</p><p class=""spinmail-quill-editor__spin-break"">&nbsp;</p><p class=""spinmail-quill-editor__spin-break"">Sincerely,</p><p class=""spinmail-quill-editor__spin-break""><br></p><p class=""spinmail-quill-editor__spin-break""><strong>Charlene Perilla | Deputy Academic Director</strong></p><p class=""spinmail-quill-editor__spin-break"">MS in Strategic Communication&nbsp;</p><p class=""spinmail-quill-editor__spin-break"">Columbia University, School of Professional Studies&nbsp;</p>","ARCHIVE",""
"2-YWY2YzY0NTMtNDk0Mi01Mjk4LTgyY2EtNWNiODc2MDE5M2ZkXzAxMw==","","LinkedIn Marketing Solutions","","Jaclyn Leaver","https://www.linkedin.com/in/jaclynleaver","2020-01-12 02:39:20 UTC","","<p>Jaclyn,</p><p>With LinkedIn advertising you can engage with business leaders and decision makers, all in one place.</p><p>By launching a LinkedIn ad, you can:</p><ul><li><strong>Reach over 550 million members</strong> based on job title, function, industry, and more</li><li><strong>Generate leads<span> from LinkedIn and across the web</span></strong></li><li><strong>Track conversions </strong>and get insights on your website visitors</li></ul><p><strong><a rel=""noopener"" href=""https://business.linkedin.com/marketing-solutions/cx/17/04/sponsored-inmail-ads-promo?src=li-in&amp;veh=lppromo&li_fat_id=73d509ca-2b9e-4973-9bf5-5388533199cd"" target=""_blank"">Claim your $50 ad credit</a> to get started today.</strong></p><p>Success awaits on the world&rsquo;s largest professional network.</p><p>Sincerely,<br>LinkedIn Marketing Solutions</p>","ARCHIVE",""
"2-NDFlNDU2NDAtZjM1OC01M2I4LTljOGYtMzE4OGQ3ODBhN2ZjXzAxMw==","","Marcio Arnecke","","Jaclyn Leaver","https://www.linkedin.com/in/jaclynleaver","2019-12-23 01:10:03 UTC","","<p class=""spinmail-quill-editor__spin-break"">Hi Jaclyn,</p><p class=""spinmail-quill-editor__spin-break""><br></p><p class=""spinmail-quill-editor__spin-break"">I am&nbsp;reaching out to you because&nbsp;we have a feeling you like making every customer interaction matter.</p><p class=""spinmail-quill-editor__spin-break""><br></p><p class=""spinmail-quill-editor__spin-break"">With Zendesk, our family of products allows companies to be more reliable, flexible, and scalable. Companies like Uber, Airbnb, and Squarespace use Zendesk to create&nbsp;engaging customer support, building lasting loyalty with their customers.&nbsp;</p><p class=""spinmail-quill-editor__spin-break"">&nbsp;</p><p class=""spinmail-quill-editor__spin-break"">I'd&nbsp;like to<a rel=""noopener"" href=""https://www.zendesk.com/demo/?utm_source=linkedin&amp;utm_medium=PaidSocial&amp;utm_campaign=SO_LI_AM_US_EN_N_Sup_Pro_Inmail-InterstsCX--_T1_A_H&amp;utm_term=Inmail-InterstsCX--&amp;utm_content=Demo_Walkthewalk_Arnecke&li_fat_id=332aa490-3cdf-4785-a8c7-3632c2c64453"" target=""_blank"">&nbsp;schedule time</a>&nbsp;with you to discuss how you can use Zendesk to be the company your customers want you to be. You can set up some time with my team by clicking the Request Demo button below</p><p class=""spinmail-quill-editor__spin-break""><br></p><p class=""spinmail-quill-editor__spin-break"">I&nbsp;look forward to hearing from you.</p><p class=""spinmail-quill-editor__spin-break""><br></p><p class=""spinmail-quill-editor__spin-break"">Sincerely,</p><p class=""spinmail-quill-editor__spin-break"">Marcio Arnecke</p><p class=""spinmail-quill-editor__spin-break"">VP of Marketing, Americas</p><p class=""spinmail-quill-editor__spin-break"">Zendesk</p>","ARCHIVE",""
"2-Yzk0MjFkNjctYTk2Yi01NjA4LWFkOTQtNTEwZTVmOWExM2RjXzAxMg==","","Cassie from LinkedIn Premium","","Jaclyn Leaver","https://www.linkedin.com/in/jaclynleaver","2019-11-13 01:08:37 UTC","","<p class=""spinmail-quill-editor__spin-break"">Hi Jaclyn,</p><p class=""spinmail-quill-editor__spin-break""><br></p><p class=""spinmail-quill-editor__spin-break"">Based on your recent activity, I’d like to offer you a special gift - a free trial of LinkedIn Premium!</p><p class=""spinmail-quill-editor__spin-break""><br></p><p class=""spinmail-quill-editor__spin-break"">LinkedIn Premium gives you the following additional features:</p><ul><li><strong>InMail Messaging&nbsp;</strong>so you can contact anyone, even if you’re not connected.</li><li><strong>Who’s Viewed Your Profile</strong>, to see everyone who viewed your profile over the last 90 days.</li><li><strong>Top Applicant&nbsp;</strong>to see a list of jobs where you’re a great fit.</li><li><strong>Competitive Insights&nbsp;</strong>on people who are applying to the same job as you.</li><li><strong>LinkedIn Learning&nbsp;</strong>so you can sharpen your skills with 10,000+ expert led video courses.</li></ul><p class=""spinmail-quill-editor__spin-break"">Start your 1 month free trial today</p><p class=""spinmail-quill-editor__spin-break""><br></p><p class=""spinmail-quill-editor__spin-break"">Sincerely,</p><p class=""spinmail-quill-editor__spin-break"">Cassie &amp; the LinkedIn Premium Team</p>","ARCHIVE",""
"2-MmRkOGMzYjEtNjhkMC01MzViLWI5MWUtOTY5NGVlMzU5OTBkXzAxMw==","","Geri Mannion","","Jaclyn Leaver","https://www.linkedin.com/in/jaclynleaver","2019-11-07 06:41:00 UTC","","<p class=""spinmail-quill-editor__spin-break"">Dear Jaclyn,</p><p class=""spinmail-quill-editor__spin-break""><br></p><p class=""spinmail-quill-editor__spin-break"">This week marks one year until the 2020 U.S. Presidential elections, but for groups that protect our democracy and the voting rights of eligible citizens it is a year-round nonstop effort —especially with suppression tactics on the rise following the Supreme Court's 2013 decision in&nbsp;<em>Shelby County v Holder</em>.</p><p class=""spinmail-quill-editor__spin-break""><br></p><p class=""spinmail-quill-editor__spin-break"">To urge foundations to join this important effort now, Carnegie Corporation is releasing a <a rel=""noopener"" href=""https://carnegie.io/32kF8rx"" target=""_blank"">brand-new report</a>&nbsp;that examines the important, evolving role of voting rights groups and specifically how philanthropies can help.&nbsp;I think you’ll be surprised by the findings, and I hope you share with colleagues and friends.</p><p class=""spinmail-quill-editor__spin-break""><br></p><p class=""spinmail-quill-editor__spin-break"">All the best,</p><p class=""spinmail-quill-editor__spin-break""><br></p><p class=""spinmail-quill-editor__spin-break""><strong><em>Geri</em></strong></p><p class=""spinmail-quill-editor__spin-break"">Program Director, U.S. Democracy</p><p class=""spinmail-quill-editor__spin-break"">Carnegie Corporation of New York</p>","ARCHIVE",""
"2-YTU5YmY3NzAtM2FhMC01ZTA3LThiMzktOWQ3YTJmNjI4MGMwXzAxMw==","","Allison Robinson","","Jaclyn Leaver","https://www.linkedin.com/in/jaclynleaver","2019-09-22 21:27:52 UTC","","<p class=""spinmail-quill-editor__spin-break"">Hi Jaclyn,&nbsp;</p><p class=""spinmail-quill-editor__spin-break""><br></p><p class=""spinmail-quill-editor__spin-break"">My name is&nbsp;Allison Robinson and I am the&nbsp;Founder &amp; CEO of&nbsp;<a rel=""noopener"" href=""http://www.themomproject.com/?li_fat_id=f0484927-ebb7-4f75-9696-13db1d331a2d&li_fat_id=f0a0bc5e-f75e-4c88-9e30-f10187379263"" target=""_blank"">The Mom Project</a>, the leading career platform for women and mothers to&nbsp;find&nbsp;work&nbsp;opportunities with&nbsp;awesome brands that&nbsp;support and respect work/life integration&nbsp;...and working families!</p><p class=""spinmail-quill-editor__spin-break""><br></p><p class=""spinmail-quill-editor__spin-break"">Far too many women end up opting out of the workforce because the way work&nbsp;has been traditionally structured simply isn’t working.&nbsp;Our platform provides a safe environment for you to share your most important work-life considerations (such as desired schedule,&nbsp;mobility preferences, travel and commute restrictions, etc) so we can connect you with&nbsp;opportunities that are customized&nbsp;to meet&nbsp;your preferences.</p><p class=""spinmail-quill-editor__spin-break""><br></p><p class=""spinmail-quill-editor__spin-break"">I hope you’ll accept my&nbsp;invitation to join our community and begin&nbsp;receiving&nbsp;relevant job matches.&nbsp;Once you complete a free profile, you'll be notified about relevant opportunities and we'll never share your info unless you express interest in a specific opportunity.&nbsp;We're also actively working on enhancing our community to provide value to our users beyond jobs, so stay tuned!</p><p class=""spinmail-quill-editor__spin-break""><br></p><p class=""spinmail-quill-editor__spin-break"">Please feel free to write us anytime at talent@themomproject.com.&nbsp;</p><p class=""spinmail-quill-editor__spin-break""><br></p><p class=""spinmail-quill-editor__spin-break"">Thanks in advance for joining in our mission to improve the workplace for women.</p><p class=""spinmail-quill-editor__spin-break""><br></p><p class=""spinmail-quill-editor__spin-break""><a rel=""noopener"" href=""https://themomproject.com/talent?li_fat_id=f0484927-ebb7-4f75-9696-13db1d331a2d&li_fat_id=f0a0bc5e-f75e-4c88-9e30-f10187379263"" target=""_blank"">https://themomproject.com/talent</a></p><p class=""spinmail-quill-editor__spin-break""><br></p><p class=""spinmail-quill-editor__spin-break"">Warmly,</p><p class=""spinmail-quill-editor__spin-break"">Allison Robinson</p>","ARCHIVE",""
"2-MTg3ZDRlOGUtMzEwMC01ZjJmLWI1ZGYtOTFmYTAyNjg5YjU0XzAxMg==","","Alexandra Rynne","","Jaclyn Leaver","https://www.linkedin.com/in/jaclynleaver","2019-09-10 05:12:22 UTC","","<p>Hi Jaclyn,</p><p>This guide is your one-stop shop for everything a sophisticated marketer needs to know about getting the most value from LinkedIn. It's not an instruction manual, but more of a strategic guide full of product tips and expert insights from our LinkedIn Marketing Solutions team on how to market to who matters.</p><p>Get ready to take your marketing to the next level and discover the vast opportunities that await – increase awareness, engage your audience, generate quality leads, and ultimately drive revenue with products that impact every stage of your funnel.</p><p><a rel=""noopener"" href=""https://business.linkedin.com/marketing-solutions/success/ebooks-and-guides/the-sophisticated-marketers-guide-to-linkedin?src=li-in&li_fat_id=f0a0bc5e-f75e-4c88-9e30-f10187379263"" target=""_blank"">Download our guide and discover:</a></p><ul><li>How to take advantage of the authentic member-generated, first party data on LinkedIn to get to the right professional audience.</li><li>How to reach the right people with quality content that motivates engagement.</li><li>How to get clear visibility into the impact of your programs throughout the purchase process with LinkedIn Conversion Tracking.</li><li>Cutting edge best practices for leveraging a mix of organic and paid tools such as LinkedIn Pages, Publishing, Sponsored Content, including Video &amp; Carousel Ads, Sponsored InMail, Lead Gen Forms, Elevate and more!</li></ul><p><br></p><p>Sincerely,</p><p>Alexandra Rynne</p><p>LinkedIn Marketing Solutions</p>","ARCHIVE",""
"2-NmU0Yzk5MDMtYzcyMS01YzlmLTg1OTctYTIyODdlZjA1YzIxXzAxMg==","","Allison Robinson","","Jaclyn Leaver","https://www.linkedin.com/in/jaclynleaver","2019-08-07 02:42:50 UTC","","<p class=""spinmail-quill-editor__spin-break"">Hi Jaclyn,&nbsp;</p><p class=""spinmail-quill-editor__spin-break""><br></p><p class=""spinmail-quill-editor__spin-break"">My name is&nbsp;Allison Robinson and I am the&nbsp;Founder &amp; CEO of&nbsp;<a rel=""noopener"" href=""http://www.themomproject.com/?li_fat_id=c2659e46-621a-416a-8ab2-45a3d2dc247f"" target=""_blank"">The Mom Project</a>, the leading career platform for women and mothers to&nbsp;find&nbsp;work&nbsp;opportunities with&nbsp;awesome brands that&nbsp;support and respect work/life integration&nbsp;...and working families!</p><p class=""spinmail-quill-editor__spin-break""><br></p><p class=""spinmail-quill-editor__spin-break"">I hope you’ll accept my&nbsp;invitation to join our community and begin&nbsp;receiving&nbsp;relevant job matches because our clients in San Francisco + nationally are adding new recruiting opportunities to our marketplace daily and your skills are in <strong>high</strong> demand!</p><p class=""spinmail-quill-editor__spin-break""><br></p><p class=""spinmail-quill-editor__spin-break"">Once you complete a free profile through The Mom Project, you'll&nbsp;begin&nbsp;receiving relevant opportunities and we'll never share your info unless you express interest in a specific opportunity.&nbsp;We're also actively working on enhancing our community to provide value to our users beyond jobs, so stay tuned-- lots of good stuff in the works!</p><p class=""spinmail-quill-editor__spin-break""><br></p><p class=""spinmail-quill-editor__spin-break"">Please feel free to write us anytime at talent@themomproject.com.&nbsp;</p><p class=""spinmail-quill-editor__spin-break"">Thanks in advance for joining in our mission to improve the workplace for women and mothers and the businesses they support.</p><p class=""spinmail-quill-editor__spin-break""><a rel=""noopener"" href=""https://themomproject.com/talent?li_fat_id=c2659e46-621a-416a-8ab2-45a3d2dc247f"" target=""_blank"">https://themomproject.com/talent</a></p><p class=""spinmail-quill-editor__spin-break""><br></p><p class=""spinmail-quill-editor__spin-break"">Warmly,</p><p class=""spinmail-quill-editor__spin-break"">Allison Robinson</p><p class=""spinmail-quill-editor__spin-break"">Founder &amp; CEO</p>","ARCHIVE",""
"2-OGE2Y2M3YjYtOWI3Yy01MWI0LTg4ZjQtY2YyZmMzZmQ2NGU0XzAxMw==","","LinkedIn Marketing Solutions","","Jaclyn Leaver","https://www.linkedin.com/in/jaclynleaver","2019-07-05 23:29:16 UTC","","<p>Jaclyn,</p><p>With LinkedIn advertising you can engage with business leaders and decision makers, all in one place.</p><p>By launching a LinkedIn ad, you can:</p><ul><li><strong>Reach over 550 million members</strong> based on job title, function, industry, and more</li><li><strong>Generate leads<span> from LinkedIn and across the web</span></strong></li><li><strong>Track conversions </strong>and get insights on your website visitors</li></ul><p><strong><a rel=""noopener"" href=""https://business.linkedin.com/marketing-solutions/cx/17/04/sponsored-inmail-ads-promo?src=li-in&amp;veh=lppromo"" target=""_blank"">Claim your $50 ad credit</a> to get started today.</strong></p><p>Success awaits on the world&rsquo;s largest professional network.</p><p>Sincerely,<br>LinkedIn Marketing Solutions</p>","ARCHIVE",""
"2-ZDA0ZGQ0OTMtZjBhZi01OGMzLWJjODItNDRmY2FhNzlkNDk4XzAxMw==","","Ravi Jain","","Jaclyn Leaver","https://www.linkedin.com/in/jaclynleaver","2019-06-22 21:00:27 UTC","","<p>Dear Jaclyn,</p><p>As a brand leader, you have relied on research to provide you with consumer insights. </p><p>These insights have powered some of your best campaigns, new product launches or market assessment and prediction.</p><p>You’d like to do more research and draw deeper insights but time, logistics, budgets are a constraint. </p><p>Auris takes that away. I run GenY Labs, which has created Auris, an AI-powered consumer insights platform. This is especially useful for consumer-facing brands.</p><p>The thought process is simple – there is a ton of data which is already out there on public platforms. You may have customer feedback in different forms internally. We churn all of this data to give you insights which are very actionable. Such insights can augment or replace some of the conventional research you might be doing today.</p><p>Our AI platform and custom AI algorithms help curate the insights that you are looking for.</p><p>I’d love to discuss the detail with you and share what we could potentially do.</p><p>Do let me know if this would be of interest and I’d be happy to jump on a brief call.</p><p>Warmly,</p><p>Ravi</p>","ARCHIVE",""
"2-ZTgyNjU5OWEtN2VjMS01ODk0LWEzOTYtN2YwYmZmZTY2NzU2XzAxMg==","","Allison Holmes","","Jaclyn Leaver","https://www.linkedin.com/in/jaclynleaver","2019-05-08 15:23:57 UTC","","Dear %FIRSTNAME%,IE University, one of the leading higher education institutions in the world, would like to invite you to our next online IE Experience 101: ""Live Q&amp;A with IE Alumnus!"".Interested in speaking with an IE alumnus to understand what IE can offer you and your future career path? This is your opportunity!&nbsp;Matt Madej, an IE MBA and Master in Advance Finance alumnus, will be hosting a Live Virtual Q&amp;A on May 16th at 12PM PST to answer your questions about the IE Experience and the journey following IE graduation. Join us to have your questions answered and learn a little bit more about what it is like to be an IE graduate student and a life-long member of the IE Family!AgendaThursday, May 16th, 2019 at 12:00 pm.IE Experience 101: ""Live Q&amp;A with IE Alumnus!""About the speakerMatt Madej currently serves as the Senior VP of FP&amp;A and Asset Management for Yes! Communities, the largest private manufactured housing REIT in the US.&nbsp;Prior to his time at Yes!, Matt helped execute nearly 20 equity raising transactions for publicly traded REITs - totaling over $10 billion in proceeds as an investment banking associate at KeyBanc Capital Markets.&nbsp;Additionally. at KeyBanc, Matt worked on the lead advisory team for 3 M&amp;A transactions, including the sale of a Bridge Property Group portfolio to Blackstone and the recapitalization of Yes! Communities by GIC. Prior to his time at Key, Matt created independent equity research on business services companies as an associate at Northcoast Research.&nbsp;Matt holds a bachelors degree in Accounting and Finance from John Carroll University (2010) and an MBA and Masters in Advanced Finance from IE Business School (2018).Please confirm your attendance as places are limited.We look forward to meeting you soon!Allison HolmesAssociate IE Director North America West Coast Regionwestcoast@ie.edu","ARCHIVE",""
"2-ZmZjYTA3ZjUtN2UzMi01YTU3LTg1Y2UtMDE5MGEwMWYwMjhkXzAxMw==","","Cassie from LinkedIn Premium","","Jaclyn Leaver","https://www.linkedin.com/in/jaclynleaver","2019-05-05 05:04:33 UTC","","Hi %FIRSTNAME%,Based on your recent activity, I’d like to offer you a special gift - a free trial of LinkedIn Premium!LinkedIn Premium gives you the following additional features:Inmail Messaging so you can contact anyone, even if you’re not connected.Who’s Viewed Your Profile, to see everyone who viewed your profile over the last 90 days.Top Applicant to see a list of jobs where you’re a great fit.Featured Applicant highlights your application to job posters.Competitive Insights on people who are applying to the same job as you.LinkedIn Learning so you can sharpen your skills with 10,000+ expert led video courses.Start your 1 month free trial todaySincerely,Cassie &amp; the LinkedIn Premium Team","ARCHIVE",""
"2-ZmI2MzFjMGItZjJhYi01MDk3LWIzODItNzM0M2RhN2I2MDUwXzAxMw==","","Arabella Pollack","","Jaclyn Leaver","https://www.linkedin.com/in/jaclynleaver","2019-03-23 07:00:18 UTC","","Dear Jaclyn,&nbsp;Did you know that Columbia University offers four flexible options in their Master’s in Strategic Communication program? This means achieving an M.S. is possible — even for busy professionals like yourself.&nbsp;Choose from one of these:&nbsp;1.&nbsp;&nbsp;&nbsp;Executive Master’s in Strategic Communication&nbsp;— ideal for experienced professionals who are working full-time&nbsp;in leadership roles. Coursework&nbsp;is&nbsp;completed in just 16 months, through a combination of online and on-campus instruction.&nbsp;2.&nbsp;&nbsp;&nbsp;M.S. Strategic Communication, Part-time NYC option —&nbsp;if you are looking for flexibility in your course load, this option allows you to vary how much you take on each semester, provided you complete within three years. You will also network face-to-face with your NYC colleagues — forming valuable relationships you can draw on in the future.&nbsp;3.&nbsp;&nbsp;&nbsp;M.S. Strategic Communication, Part-time Online/San Francisco option&nbsp;—&nbsp;perfect for those who travel regularly for work,&nbsp;this program is primarily online, with&nbsp;an&nbsp;in-person intensive&nbsp;every semester. allowing for close relationships with peers and faculty.&nbsp;4.&nbsp;&nbsp;&nbsp;M.S. Strategic Communication, Full-time option&nbsp;— for those who prefer total immersion, the full-time program provides classroom study at Columbia’s New York City campus. Your degree can be completed in as little as one year,&nbsp;and also allows for an optional internship. You’ll enjoy full access to all of Columbia’s on-campus facilities.Which path is right for you?&nbsp;Get in touch&nbsp;to hear more about this program can help you take your career to the next level.Sincerely,Arabella PollackDeputy Academic DirectorMS Strategic Communication at Columbia","ARCHIVE",""
"2-ZTI4M2ZhZGEtMTQyNi01NGEyLTlkY2ItN2JlMjQ0NDQxZWQ5XzAxMg==","","Cassie from LinkedIn Premium","","Jaclyn Leaver","https://www.linkedin.com/in/jaclynleaver","2019-03-05 19:15:56 UTC","","Hi Jaclyn,I'd like to help you grow your business with a free upgrade to LinkedIn Premium. Unlock tools that will help you connect with the right people and find new business opportunities faster.As a Premium member, you’ll get access to these features:InMail Messaging so you can reach out to anyone, including potential customers, partners, or industry leaders, even if you're not connected on LinkedIn.Unlimited Profile Browsing up to 3rd degree, so you can find the right people and grow your network to get ahead.Who’s Viewed Your Profile to see everyone who viewed your profile in the last 90 days.Exclusive Insights on Company Pages so you can stay up-to-date on competitors or other companies of your interest.I wish you the best of luck with your business. Start your free 1 month trial today.Sincerely,Cassie &amp; the LinkedIn Premium Team","ARCHIVE",""
"2-MGEwOTQzMTEtYzBkMi01MzM0LThkNjctYTk2OTVmOGViNDc5XzAxMw==","","Jose 'Caya' Cayasso","","Jaclyn Leaver","https://www.linkedin.com/in/jaclynleaver","2019-02-05 00:24:59 UTC","","Jaclyn, have you seen the&nbsp;pitch deck that launched Airbnb&rsquo;smulti-billion dollar business?&nbsp;Slidebean, the company I co-founded several years ago, makes it easy for anyone to create a beautiful Airbnb style pitch deck.&nbsp;&nbsp;&nbsp;To date, we&rsquo;ve helped 1000s of entrepreneurs raise capital from investors by giving them access to beautiful designs and robust analytics.&nbsp;If you&rsquo;re in the process of raising funding, and are looking for a replacement to your PowerPoint or Keynote presentation, check us out.&nbsp;You can try our product absolutely free at&nbsp;Slidebean.com, and as a token of my&nbsp;appreciation use this&nbsp;offer code to get 10%off your subscription.&nbsp;Kindly,Caya","ARCHIVE",""
"2-MGVkZTEwMWYtOTllZi01ODgzLWE5NDctMDlmODFjODBlZDI0XzAxMg==","","Cassandra Clark","","Jaclyn Leaver","https://www.linkedin.com/in/jaclynleaver","2019-01-03 19:14:44 UTC","","Hi&nbsp;Jaclyn,At LinkedIn Marketing Solutions, we use our own products, ‘sprinkle on our own spices’ so to speak and now we’re ready to share EXTRA HOT insider tips for effective LinkedIn campaigns.It's the same bottle, but packed with a new punch. It's a holistic, tactical look at how LinkedIn uses LinkedIn for marketing. It’s created for practitioners, by practitioners.So why is this Secret Sauce so spicy? Among the tasty additions for this extra-hot concoction:Our latest A/B tests and real results using LinkedIn Sponsored Content, InMail, Dynamic Ads, and Lead Gen FormsTactical tips on campaign naming, bidding and budget management and targetingTactics we’ve developed to maximize recently unveiled tools like LinkedIn Matched Audiences, Website Demographics and Conversion TrackingYou know what they say...if you can’t handle the heat, stay away from the fire. But if you’re ready, read on to get in the tactical trenches!","ARCHIVE",""
"2-ZThhYTI3NjItNGI1NC01NWYyLTgxMTgtZDFmYzhkN2YxYWUzXzAxMw==","","Yasmin Sharif Kovacic","","Jaclyn Leaver","https://www.linkedin.com/in/jaclynleaver","2018-12-18 16:23:22 UTC","","Are you ready to take the next step in driving your career forward?Whether you&rsquo;re looking to make a career change, fulfill a personal goal, advance within your organization or start a business, the Berkeley MBA will get you there.The journey to your Berkeley MBA degree will include the same world-renowned faculty, collaborative culture, and global alumni network whether you choose the Evening, Weekend, Executive, or Full-Time program. And although each of our students may have different dreams, cultural backgrounds, fields of work and class schedules, they&rsquo;ll all have one thing in common upon graduation: the Berkeley MBA.Interested in learning more? Compare our programs and start your path to the top-rated Berkeley MBA today.","ARCHIVE",""
"2-MDA2ZTNkNDAtOWJmMC01MGZkLWJjODYtNGVlZDA4MTZmZDg3XzAxMw==","","Basel Fakhoury","","Jaclyn Leaver","https://www.linkedin.com/in/jaclynleaver","2018-10-30 15:12:25 UTC","","Hi&nbsp;Jaclyn,My company, User Interviews,&nbsp;helps&nbsp;innovative companies like Spotify, Pinterest, Vistaprint, and Adobe find people to participate in&nbsp;their product tests and market research studies.Our client is&nbsp;looking to speak with founders, owners and other decision-makers to garner feedback on how the different types of technology your team utilizes. The interview will be conducted at your place of business.For 3&nbsp;hours of your time, you&nbsp;will receive&nbsp;a $300 Amazon Gift Card.If you're interested, click ""Sign Up""&nbsp; below to see more details and sign up.Thanks!BaselCo-founder, User Interviews","ARCHIVE",""
"2-ZDY5ODQ4NzEtYjM0NC01MjhjLTg5MDctMzdmNWNmMzZkM2RiXzAxMw==","","LinkedIn Marketing Solutions","","Jaclyn Leaver","https://www.linkedin.com/in/jaclynleaver","2018-10-25 22:05:43 UTC","","Jaclyn,With LinkedIn advertising, you can drive high-quality leads for Self-Employed.How it works:Define your audience&nbsp;based on job title, function, industry, and moreAttract new customers&nbsp;from LinkedIn and across the webSet your own budget&nbsp;and only pay for clicks, with no contracts or commitmentClaim your $50 ad credit&nbsp;to get started today.Success awaits on the world&rsquo;s largest professional network.Sincerely,LinkedIn Marketing Solutions","ARCHIVE",""
"2-YTU1MTZkZTMtNjlkNS01Y2FkLWEwOTYtODIwYWNlYWZjZjdhXzAwMA==","","Prof. David Costa","","Jaclyn Leaver","https://www.linkedin.com/in/jaclynleaver","2018-09-10 15:00:15 UTC","","Hello Jaclyn,I am pleased to invite you to explore the University of Cumbria Online MBA International Business: you can now complete your MBA Online in 1 Year.The MBA is offered online in exclusive partnership between Robert Kennedy College and the University of Cumbria.After completing the MBA, you will receive the same award as a student studying full time at the University of Cumbria, a British University founded in 1822. University of Cumbria degrees are recognised Worldwide.Download our free course catalogue&nbsp;for more information about our programmes.Best Regards,Dr. iur. David Costa, LL.M, MBA, PhDUniversity of Cumbria Master Programmesin Exclusive Partnership withRobert Kennedy CollegeTechnoparkstrasse 1 8005 Z&uuml;richTel. +41 844 007 007 Fax +41 844 007 008","ARCHIVE",""
"2-ZTRiZGE4ODYtYWM1OS01NWQxLThmMmItZjdjNDdiYWI4MzIwXzAwMA==","","LinkedIn Marketing Solutions","","Jaclyn Leaver","https://www.linkedin.com/in/jaclynleaver","2018-08-23 21:08:30 UTC","","Jaclyn,With LinkedIn advertising, you can drive high-quality leads for Self-Employed.How it works:Define your audience&nbsp;based on job title, function, industry, and moreAttract new customers&nbsp;from LinkedIn and across the webSet your own budget&nbsp;and only pay for clicks, with no contracts or commitmentClaim your $50 ad credit&nbsp;to get started today.Success awaits on the world&rsquo;s largest professional network.Sincerely,LinkedIn Marketing Solutions","ARCHIVE",""
"2-MWY0ZDFiNWMtYmNkOC01ZTM4LTgzMGMtYjJhZjQxMDkzOTVkXzAwMA==","","Alexandra McGlade","","Jaclyn Leaver","https://www.linkedin.com/in/jaclynleaver","2018-07-27 10:15:46 UTC","","Hey Jaclyn,My name is Alexandra&nbsp;and I work at Hired. I wanted to reach out and invite you to try Hired because your background and skills seem like a great fit for what a lot of the companies in our marketplace are looking for right now. We&rsquo;ve seen an influx of companies looking to hire software engineers, product managers, product designers and data scientists. So, if you&rsquo;re ready for a change, click the link below to learn more and get started.Thanks,Alexandra&nbsp;","ARCHIVE",""
"2-MDYxNGM3OTctZDc1ZS01NjY3LTg1OTctMDA1ZmQyMjRkM2Y2XzAwMA==","","LinkedIn Marketing Solutions","","Jaclyn Leaver","https://www.linkedin.com/in/jaclynleaver","2018-06-24 15:41:38 UTC","","Jaclyn,With LinkedIn advertising you can engage with business leaders and decision makers, all in one place.By launching a LinkedIn ad, you can:Reach over 550 million members based on job title, function, industry, and moreGenerate leads from LinkedIn and across the webTrack conversions and get insights on your website visitorsClaim your $50 ad credit to get started today.Success awaits on the world&rsquo;s largest professional network.Sincerely,LinkedIn Marketing Solutions","ARCHIVE",""
"2-N2NjNWY1OGItMGMxZC01N2I4LWI2OTEtZjc4MDYyY2EyOGVlXzAwMA==","","HBM Award for IPM","","Jaclyn Leaver","https://www.linkedin.com/in/jaclynleaver","2018-06-11 01:45:13 UTC","","Dear Jaclyn,The&nbsp;Hamdan Bin Mohammed Award for Innovation in Project Management was launched in 2015 under the patronage of H.H. Sheikh Hamdan bin Mohammed bin Rashid Al Maktoum, Crown Prince of Dubai and Chairman of the Dubai Executive Council, with the aim to encourage and promote the innovation culture in the project management field.It includes Four categories celebrating individuals, teams, organizations and academia, and offers Eight awards recognizing the successes of participants with cash prizes totaling $710,000.Five reasons&nbsp;why you should participate in the Hamdan Bin Mohammed Award for Innovation in Project Management?1.&nbsp;Be part the first Award of its kind to recognize the role of innovation in Project Management.2. Receive recognition for your success in developing and adopting innovative Project Management practices.3. Catch the chance to win monetary prizes ranging from $40,000 to $200,000.4.&nbsp;Attend the Middle East largest project Management conference - Dubai International Project Management Forum (DIPMF)5. Be part of the drive for advancing the field of Project Management by sharing your experience and gained knowledge.Apply now to the 2nd edition of Hamdan Bin Mohamad Award","ARCHIVE",""
"2-YjdmYjg4MTUtY2E3Mi01ZGM2LTg4NmMtNGM4ZDRkMDZjOTVlXzAwMA==","","Cassandra Clark","","Jaclyn Leaver","https://www.linkedin.com/in/jaclynleaver","2018-04-24 07:15:25 UTC","","Hi&nbsp;Jaclyn,At LinkedIn Marketing Solutions, we use our own products, &lsquo;sprinkle on our own spices&rsquo; so to speak and now we&rsquo;re ready to share EXTRA HOT insider tips for effective LinkedIn campaigns.It's the same bottle, but packed with a new punch. It's a holistic, tactical look at how LinkedIn uses LinkedIn for marketing. It&rsquo;s created for practitioners, by practitioners. So why is this Secret Sauce so spicy? Among the tasty additions for this extra-hot concoction:Our latest A/B tests and real results using LinkedIn Sponsored Content, InMail, Dyanmic Ads, and Lead Gen FormsTactical tips on campaign naming, bidding and budget management and targetingTactics we&rsquo;ve developed to maximize recently unveiled tools like LinkedIn Matched Audiences, Website Demographics and Conversion TrackingYou know what they say...if you can&rsquo;t handle the heat, stay away from the fire. But if you&rsquo;re ready, read on to get in the tactical trenches!","ARCHIVE",""
"2-NDEyNWVjNGQtZjFhNS01MTcwLTg5YjktZjA5YTI2MTUwNDhlXzAwMA==","","Arabella Pollack","","Jaclyn Leaver","https://www.linkedin.com/in/jaclynleaver","2018-04-19 00:38:04 UTC","","Dear Jaclyn,&nbsp;Did you know that Columbia University has multiple formats for their Master&rsquo;s in Strategic Communication?Executive Master&rsquo;s in Strategic CommunicationsPart-time &ndash; This accelerated degree can be completed in 16 months with a combination of online and on-campus instruction.Ideal for experienced communication leaders who are working full time&nbsp;Master&rsquo;s in Strategic CommunicationsFull-time &ndash; Coursework can be completed over the course of 3-4 terms.For early-career communication professionals and career-changersPart-Time &ndash; Coursework can be completed in up to 3 years.For those who may be employed full-timeCommunication changes at the speed of technology, and tomorrow&rsquo;s executives need to know how to navigate an advanced landscape. With a graduate degree from Columbia University, you can rise to the top of your industry.&nbsp;Which path is right for you?&nbsp; Get in touch&nbsp;to hear more about this program can help you take your career to the next level.&nbsp;Sincerely,Arabella Pollack  Program Director MS Strategic Communication at Columbia","ARCHIVE",""
"2-M2I0NDBmNjctMjVhOS01NjFiLWFlNzItN2IzZGQ5Y2FiMDU3XzAwMA==","","Cornell MBA Admissions","","Jaclyn Leaver","https://www.linkedin.com/in/jaclynleaver","2018-02-26 00:09:36 UTC","","Dear Jaclyn,Are you looking to advance your career with minimal career disruption? The One-Year MBA at Cornell University, the only One-Year Ivy League MBA, is designed for established professionals who are preparing for leadership roles or who want to minimize time away from work and accelerate their careers. In fact, according to research by the non-profit Graduate Management Admission Council, even in the age of the college drop-out tech &ldquo;maverick,&rdquo; eighty-six percent of companies planned to hire recent MBA graduates in 2017 compared with 79 percent in 2016.So, what&rsquo;s the difference? With the One-Year Cornell MBA you will&hellip;Save time and money by completing the One-Year MBA in just 12 months (May to May)Minimize your career disruption while attending an ideal blend of lockstep core courses and custom-tailored electivesExperience a genuine sense of belonging and are warmly welcomed as important members of our community77% of the class of 2016 had full-time job offers within three months of graduation with an average base salary accepted of over $113,000 in addition to signing bonusesDoes this sound like you? Take advantage of Cornell&rsquo;s Ivy League reputation and apply now. March application deadline is March 15, 2018.Sincerely,Cornell MBA Admissions Team","ARCHIVE",""
"2-ODc3NzBjYmItYzMwNS01M2M5LTlhNDctZTM4Y2I5ZGI2YTAzXzAwMA==","","LinkedIn Marketing Solutions","","Jaclyn Leaver","https://www.linkedin.com/in/jaclynleaver","2018-02-18 15:43:47 UTC","","Jaclyn,With LinkedIn advertising you can engage with business leaders and decision makers, all in one place.By launching a LinkedIn ad, you can:Reach over 550 million members based on job title, function, industry, and moreGenerate leads from LinkedIn and across the webTrack conversions and get insights on your website visitorsClaim your $50 ad credit to get started today.Success awaits on the world&rsquo;s largest professional network.Sincerely,LinkedIn Marketing Solutions","ARCHIVE",""
"2-YmE1N2RkZGUtNDMwZi01NTMwLWFmMDctMGYzNDk3NzdkZDQyXzAwMA==","","Cornell MBA Admissions","","Jaclyn Leaver","https://www.linkedin.com/in/jaclynleaver","2018-01-03 20:49:00 UTC","","Dear Jaclyn,Are you looking to advance your career with minimal career disruption? The&nbsp;One-Year MBA at Cornell University, the only One-Year Ivy League MBA,&nbsp;is designed for established professionals who are preparing for leadership roles or who want to minimize time away from work and accelerate their careers. In fact, according to research by the non-profit Graduate Management Admission Council, even in the age of the college drop-out tech &ldquo;maverick,&rdquo; eighty-six percent of companies planned to hire recent MBA graduates in 2017 compared with 79 percent in 2016.So, what&rsquo;s the difference? With the One-Year Cornell MBA you will&hellip;Save time and money by completing the One-Year MBA in just 12 months (May to May)Minimize your career disruption while attending an ideal blend of lockstep core courses and custom-tailored electivesExperience a genuine sense of belonging and are warmly welcomed as important members of our community77% of the class of 2016 had full-time job offers within three months of graduation with an average base salary accepted of over $113,000 in addition to signing bonusesDoes this sound like you? Take advantage of Cornell&rsquo;s Ivy League reputation and apply now. January application deadline is January 10, 2018.Wishing you a happy, healthy and prosperous New Year,Cornell MBA Admissions Team","ARCHIVE",""
"2-NTk4NTRjY2EtYmEwZi01YjU1LWFhNGItOGIxNzk0MmRjMTQ5XzAwMA==","","LinkedIn Marketing Solutions","","Jaclyn Leaver","https://www.linkedin.com/in/jaclynleaver","2017-12-12 08:57:09 UTC","","Jaclyn,With LinkedIn advertising you can engage with business leaders and decision makers, all in one place.By launching a LinkedIn ad, you can: Reach over 550 million members based on job title, function, industry, and moreAttract new customers from LinkedIn and across the webTrack conversions and get insights on your website visitorsClaim your $50 ad credit to get started today.Success awaits on the world&rsquo;s largest professional network.Sincerely,LinkedIn Marketing Solutions","ARCHIVE",""
"2-ZDVjNGJhNmUtOGY0Ny01YzBiLTgzYmEtODU0YWMyZTM3MjI3XzAwMA==","","Carol Hedgspeth","","Jaclyn Leaver","https://www.linkedin.com/in/jaclynleaver","2017-11-15 03:04:28 UTC","","Greetings&nbsp;Jaclyn Leaver,Your qualifications are impressive and I believe you may be a good fit for this role and our organization.Innovate Public Schools&rsquo; research, policy, and strategic communications team works to reveal how far we are from what&rsquo;s possible, advance a vision of how to reach our goal &ndash; world-class public schools for ALL kids &ndash; and build a movement of families, educators, and business and elected leaders who together will make this vision a reality. Our publications, online content, and data tools build urgency and the political will for change and focus advocates on solutions that work.The Director, Research and Policy will lead the development of major research reports, as well as the ongoing development of school data and information tools and blog content. The focus of all content developed will be to empower parents and others with easy-to-understand data and information on school performance, practice and policy that highlight schools where low-income children and children of color are achieving at a high level, while identifying those with poor results for underserved students. The Director, Research and Policy must set a vision and research agenda that supports the organization&rsquo;s work, a passion to conduct sound research and analyze data, write compelling reports, and manage a team toward awakening the region to both the opportunity to create world-class public schools for all children and the ways in which local schools are falling short. S/He must be knowledgeable about local, district, state and federal education policies that impact children&rsquo;s access to high quality schools.Please reply to this message with times you may be free to chat or you can go ahead and apply immediately if the job description excites you.Hope to hear from you soon,Dr. Carol Hedgspeth","ARCHIVE",""
"2-OWI5NzgzYmItMmY3NS01YWZiLWExMjQtNjVlNmJiMmQ4MjFkXzAwMA==","","LinkedIn Marketing Solutions","","Jaclyn Leaver","https://www.linkedin.com/in/jaclynleaver","2017-10-13 04:31:34 UTC","","Jaclyn,With LinkedIn advertising you can engage with business leaders and decision makers, all in one place.LinkedIn ads allow you to:Reach over 450 million members based on job title, function, industry, and moreAttract new customers directly from the LinkedIn homepage and mobile feedMeasure results and optimize campaigns in the Campaign Manager toolClick the button below to request your credits.Success awaits on the world&rsquo;s largest professional network.Sincerely,LinkedIn Marketing Solutions","ARCHIVE",""
"2-OTJmNGFhNDktZjEzMy01NDVmLWFjODktZjc5NmI1MjEyMTMwXzAwMA==","","Andrew Kaplan","","Jaclyn Leaver","https://www.linkedin.com/in/jaclynleaver","2017-08-25 12:36:28 UTC","","Hi&nbsp;Jaclyn,Get an exclusive look at the upcoming product and feature releases from LinkedIn Marketing Solutions. Join me, Andrew Kaplan, Group Manager of Product Marketing, in this live webinar where I'll walk you through recently released and upcoming product features.You&rsquo;ll hear about the following LinkedIn Marketing Solutions product updates:A look at 2017 LinkedIn Marketing Solutions themesProduct enhancements including improvement to measurement tools, new ad formats, and first-party data targeting capabilities&nbsp;Live Q&amp;A with a LinkedIn Marketing Solutions product expertI hope you're able to join.Andrew Kaplan Group Manager, Product Marketing LinkedIn Sales &amp; Marketing Solutions","ARCHIVE",""
"2-OTkwYmNiNWQtOGY5My01MWNjLWEwZGMtN2E2MTk3MzA3YTdjXzAwMA==","","Arabella Pollack","","Jaclyn Leaver","https://www.linkedin.com/in/jaclynleaver","2017-07-11 05:28:40 UTC","","","ARCHIVE",""
"2-MmMxZTAxM2YtZjI0NS01ZTA2LTg4ZTQtNWQ3NmNhYWFiMjU2XzAwMA==","","Alicia Sanders","","Jaclyn Leaver","https://www.linkedin.com/in/jaclynleaver","2017-05-11 05:22:24 UTC","","Don’t waste anymore time applying","ARCHIVE",""
"2-ZGIwMmQ1YmEtNjI0Mi01YzRmLWE2NGItZWU5OTAyNzZiNTIwXzAwMA==","","Rick Song","","Jaclyn Leaver","https://www.linkedin.com/in/jaclynleaver","2017-03-11 21:28:57 UTC","","Have you seen the future of digital marketing? You will. It’s predictive marketing, and it’s here. ","ARCHIVE",""
"2-NDcyYWIwMzgtMjMzNi01MmU2LTk0NGUtOGNlNzNhZDg2MWY0XzAwMA==","","Liz from LinkedIn Sales Navigator Team","","Jaclyn Leaver","https://www.linkedin.com/in/jaclynleaver","2017-01-09 01:54:29 UTC","","Complimentary upgrade to Sales Navigator","ARCHIVE",""
