Time,Search Query
2024/03/30 18:56:03 UTC,researcher
2024/03/30 18:56:03 UTC,researcher
2024/03/30 18:56:03 UTC,researcher
2024/03/30 18:56:03 UTC,researcher
2024/03/30 20:58:40 UTC,content designer
2024/03/30 20:58:40 UTC,content designer
2024/03/31 02:44:43 UTC,writer
2024/03/31 02:44:43 UTC,writer
2024/03/31 02:44:43 UTC,writer
2024/03/31 02:44:43 UTC,writer
2024/03/31 18:41:01 UTC,researcher
2024/03/31 18:41:01 UTC,researcher
2024/03/31 18:41:01 UTC,researcher
2024/03/31 18:41:01 UTC,researcher
2024/03/31 20:39:18 UTC,content designer
2024/03/31 20:39:18 UTC,content designer
2024/04/01 02:46:22 UTC,writer
2024/04/01 02:46:22 UTC,writer
2024/04/01 02:46:23 UTC,writer
2024/04/01 02:46:23 UTC,writer
2024/04/01 17:22:31 UTC,truepath.ai
2024/04/01 18:56:08 UTC,researcher
2024/04/01 18:56:08 UTC,researcher
2024/04/01 18:56:08 UTC,researcher
2024/04/01 18:56:08 UTC,researcher
2024/04/01 20:47:39 UTC,content designer
2024/04/01 20:47:39 UTC,content designer
2024/04/02 02:45:48 UTC,writer
2024/04/02 02:45:48 UTC,writer
2024/04/02 02:45:48 UTC,writer
2024/04/02 02:45:48 UTC,writer
2024/04/02 18:55:32 UTC,researcher
2024/04/02 18:55:33 UTC,researcher
2024/04/02 18:55:33 UTC,researcher
2024/04/02 18:55:33 UTC,researcher
2024/04/02 20:50:23 UTC,content designer
2024/04/02 20:50:23 UTC,content designer
2024/04/03 02:53:21 UTC,writer
2024/04/03 02:53:21 UTC,writer
2024/04/03 02:53:21 UTC,writer
2024/04/03 02:53:21 UTC,writer
2024/04/03 18:51:02 UTC,researcher
2024/04/03 18:51:02 UTC,researcher
2024/04/03 18:51:02 UTC,researcher
2024/04/03 18:51:02 UTC,researcher
2024/04/03 20:18:22 UTC,earnest
2024/04/03 20:18:22 UTC,interviewing
2024/04/03 20:18:23 UTC,EAFIT
2024/04/03 20:18:24 UTC,EAFIT
2024/04/03 20:44:47 UTC,content designer
2024/04/03 20:44:47 UTC,content designer
2024/04/04 02:53:03 UTC,writer
2024/04/04 02:53:03 UTC,writer
2024/04/04 02:53:03 UTC,writer
2024/04/04 02:53:03 UTC,writer
2024/04/04 18:43:31 UTC,researcher
2024/04/04 18:43:31 UTC,researcher
2024/04/04 18:43:31 UTC,researcher
2024/04/04 18:43:31 UTC,researcher
2024/04/04 20:45:11 UTC,content designer
2024/04/04 20:45:11 UTC,content designer
2024/04/04 20:50:22 UTC,Content Designer
2024/04/04 20:51:24 UTC,Content Designer
2024/04/04 21:35:32 UTC,luke brodie, mba
2024/04/04 21:35:32 UTC,megan sweas
2024/04/04 21:35:33 UTC,megan smiley
2024/04/04 21:35:34 UTC,megan smith
2024/04/04 21:35:36 UTC,megan smith
2024/04/04 21:35:36 UTC,megan smith
2024/04/04 21:35:37 UTC,megan smith
2024/04/04 21:35:44 UTC,megan chaska
2024/04/04 21:35:44 UTC,megan smith chaska
2024/04/04 21:35:45 UTC,megan smith chaska
2024/04/04 22:54:40 UTC,paola miani
2024/04/04 22:54:40 UTC,parastu meidany
2024/04/04 22:54:40 UTC,parham lotfi
2024/04/04 22:54:40 UTC,public relations
2024/04/04 22:54:41 UTC,parag vaish
2024/04/04 22:54:44 UTC,parag vaish
2024/04/04 23:09:12 UTC,casey gollan
2024/04/04 23:09:12 UTC,claudius adebayo
2024/04/04 23:09:13 UTC,clara kim
2024/04/04 23:09:17 UTC,clara kim
2024/04/04 23:20:03 UTC,clara kim
2024/04/04 23:20:03 UTC,conor kenny
2024/04/04 23:20:03 UTC,content writing jobs
2024/04/04 23:20:03 UTC,copywriting
2024/04/04 23:20:12 UTC,content strategist
2024/04/04 23:20:14 UTC,content strategist
2024/04/04 23:20:28 UTC,content strategist
2024/04/04 23:20:29 UTC,content strategist
2024/04/04 23:24:05 UTC,head of zeus
2024/04/04 23:24:05 UTC,holly lentine
2024/04/04 23:24:06 UTC,greg head
2024/04/04 23:24:06 UTC,headspace
2024/04/04 23:24:06 UTC,heather luxion
2024/04/04 23:24:07 UTC,head of content
2024/04/04 23:24:08 UTC,head of content
2024/04/04 23:24:10 UTC,head of content
2024/04/04 23:24:18 UTC,head of content
2024/04/04 23:24:19 UTC,head of content
2024/04/04 23:37:03 UTC,parag vaish
2024/04/04 23:37:03 UTC,public relations
2024/04/04 23:37:05 UTC,parag vaish
2024/04/04 23:48:32 UTC,estee eliasoph
2024/04/04 23:48:33 UTC,estee eliasoph
2024/04/04 23:52:58 UTC,alexander cyr
2024/04/04 23:52:59 UTC,aria cyrus safar
2024/04/04 23:52:59 UTC,content strategist
2024/04/04 23:52:59 UTC,cyrus greenall
2024/04/04 23:53:00 UTC,cyrus samii
2024/04/04 23:53:01 UTC,cyrus samii
2024/04/04 23:53:17 UTC,amy wang
2024/04/04 23:53:18 UTC,amy wang
2024/04/04 23:53:19 UTC,amy wang
2024/04/04 23:56:49 UTC,cyrus samii
2024/04/04 23:56:49 UTC,sandra hwang, msph
2024/04/04 23:56:49 UTC,sandra schmeil
2024/04/04 23:56:49 UTC,stephen gates
2024/04/04 23:56:51 UTC,sandra hwang, msph
2024/04/05 03:03:05 UTC,writer
2024/04/05 03:03:05 UTC,writer
2024/04/05 03:03:05 UTC,writer
2024/04/05 03:03:05 UTC,writer
2024/04/05 16:56:26 UTC,lucas shams saeed
2024/04/05 16:56:26 UTC,ulysses aquino
2024/04/05 16:56:27 UTC,ux researcher
2024/04/05 16:56:29 UTC,ux writer
2024/04/05 16:56:30 UTC,ux writer
2024/04/05 19:02:42 UTC,researcher
2024/04/05 19:02:42 UTC,researcher
2024/04/05 19:02:42 UTC,researcher
2024/04/05 19:02:42 UTC,researcher
2024/04/05 20:40:47 UTC,parag vaish
2024/04/05 20:40:47 UTC,public relations
2024/04/05 20:40:49 UTC,parag vaish
2024/04/05 20:50:14 UTC,content designer
2024/04/05 20:50:14 UTC,content designer
2024/04/05 21:27:22 UTC,writer
2024/04/06 02:37:22 UTC,writer
2024/04/06 02:37:22 UTC,writer
2024/04/06 02:37:22 UTC,writer
2024/04/06 02:37:22 UTC,writer
2024/04/06 18:19:28 UTC,Content Designer
2024/04/06 18:25:39 UTC,Content Designer
2024/04/06 19:02:01 UTC,researcher
2024/04/06 19:02:01 UTC,researcher
2024/04/06 19:02:01 UTC,researcher
2024/04/06 19:02:01 UTC,researcher
2024/04/06 21:01:02 UTC,content designer
2024/04/06 21:01:02 UTC,content designer
2024/04/07 02:46:46 UTC,writer
2024/04/07 02:46:46 UTC,writer
2024/04/07 02:46:46 UTC,writer
2024/04/07 02:46:46 UTC,writer
2024/04/07 20:46:22 UTC,content designer
2024/04/07 20:46:22 UTC,content designer
2024/04/07 21:05:16 UTC,researcher
2024/04/07 21:05:16 UTC,researcher
2024/04/07 21:05:16 UTC,researcher
2024/04/07 21:05:16 UTC,researcher
2024/04/08 02:49:35 UTC,writer
2024/04/08 02:49:35 UTC,writer
2024/04/08 02:49:35 UTC,writer
2024/04/08 02:49:35 UTC,writer
2024/04/08 20:36:03 UTC,researcher
2024/04/08 20:36:03 UTC,researcher
2024/04/08 20:36:03 UTC,researcher
2024/04/08 20:36:03 UTC,researcher
2024/04/08 21:08:17 UTC,content designer
2024/04/08 21:08:17 UTC,content designer
2024/04/09 02:36:40 UTC,writer
2024/04/09 02:36:40 UTC,writer
2024/04/09 02:36:40 UTC,writer
2024/04/09 02:36:40 UTC,writer
2024/04/09 18:42:31 UTC,researcher
2024/04/09 18:42:31 UTC,researcher
2024/04/09 18:42:31 UTC,researcher
2024/04/09 18:42:31 UTC,researcher
2024/04/09 20:36:56 UTC,cyusa. edificando el presente.
2024/04/09 20:36:57 UTC,content strategist
2024/04/09 20:36:57 UTC,cyrus samii
2024/04/09 20:36:58 UTC,cyrus samii
2024/04/09 20:37:03 UTC,estee eliasoph
2024/04/09 20:37:04 UTC,estee eliasoph
2024/04/09 20:37:05 UTC,estee eliasoph
2024/04/09 20:39:18 UTC,content designer
2024/04/09 20:39:18 UTC,content designer
2024/04/10 02:49:02 UTC,writer
2024/04/10 02:49:02 UTC,writer
2024/04/10 02:49:02 UTC,writer
2024/04/10 02:49:02 UTC,writer
2024/04/10 20:37:02 UTC,researcher
2024/04/10 20:37:02 UTC,researcher
2024/04/10 20:37:02 UTC,researcher
2024/04/10 20:37:02 UTC,researcher
2024/04/10 20:42:36 UTC,content designer
2024/04/10 20:42:36 UTC,content designer
2024/04/11 02:43:17 UTC,writer
2024/04/11 02:43:17 UTC,writer
2024/04/11 02:43:17 UTC,writer
2024/04/11 02:43:17 UTC,writer
2024/04/11 18:58:08 UTC,researcher
2024/04/11 18:58:08 UTC,researcher
2024/04/11 18:58:08 UTC,researcher
2024/04/11 18:58:08 UTC,researcher
2024/04/11 20:46:46 UTC,content designer
2024/04/11 20:46:46 UTC,content designer
2024/04/12 02:47:34 UTC,writer
2024/04/12 02:47:34 UTC,writer
2024/04/12 02:47:34 UTC,writer
2024/04/12 02:47:34 UTC,writer
2024/04/12 19:47:28 UTC,researcher
2024/04/12 19:47:28 UTC,researcher
2024/04/12 19:47:28 UTC,researcher
2024/04/12 19:47:28 UTC,researcher
2024/04/12 20:48:53 UTC,content designer
2024/04/12 20:48:53 UTC,content designer
2024/04/13 03:02:59 UTC,writer
2024/04/13 03:02:59 UTC,writer
2024/04/13 03:02:59 UTC,writer
2024/04/13 03:02:59 UTC,writer
2024/04/13 18:50:01 UTC,researcher
2024/04/13 18:50:01 UTC,researcher
2024/04/13 18:50:01 UTC,researcher
2024/04/13 18:50:01 UTC,researcher
2024/04/13 20:57:16 UTC,content designer
2024/04/13 20:57:16 UTC,content designer
2024/04/14 02:49:14 UTC,writer
2024/04/14 02:49:14 UTC,writer
2024/04/14 02:49:14 UTC,writer
2024/04/14 02:49:14 UTC,writer
2024/04/14 18:39:07 UTC,researcher
2024/04/14 18:39:07 UTC,researcher
2024/04/14 18:39:07 UTC,researcher
2024/04/14 18:39:07 UTC,researcher
2024/04/14 20:40:25 UTC,content designer
2024/04/14 20:40:25 UTC,content designer
2024/04/15 02:40:36 UTC,writer
2024/04/15 02:40:36 UTC,writer
2024/04/15 02:40:36 UTC,writer
2024/04/15 02:40:36 UTC,writer
2024/04/15 18:58:34 UTC,researcher
2024/04/15 18:58:34 UTC,researcher
2024/04/15 18:58:34 UTC,researcher
2024/04/15 18:58:34 UTC,researcher
2024/04/15 20:53:36 UTC,content designer
2024/04/15 20:53:36 UTC,content designer
2024/04/16 02:42:48 UTC,writer
2024/04/16 02:42:48 UTC,writer
2024/04/16 02:42:48 UTC,writer
2024/04/16 02:42:48 UTC,writer
2024/04/16 18:46:15 UTC,researcher
2024/04/16 18:46:15 UTC,researcher
2024/04/16 18:46:15 UTC,researcher
2024/04/16 18:46:15 UTC,researcher
2024/04/16 20:51:20 UTC,content designer
2024/04/16 20:51:20 UTC,content designer
2024/04/17 02:41:02 UTC,writer
2024/04/17 02:41:02 UTC,writer
2024/04/17 02:41:02 UTC,writer
2024/04/17 02:41:02 UTC,writer
2024/04/17 18:51:13 UTC,researcher
2024/04/17 18:51:13 UTC,researcher
2024/04/17 18:51:13 UTC,researcher
2024/04/17 18:51:13 UTC,researcher
2024/04/17 22:30:28 UTC,content designer
2024/04/17 22:30:28 UTC,content designer
2024/04/18 05:28:29 UTC,writer
2024/04/18 05:28:29 UTC,writer
2024/04/18 05:28:29 UTC,writer
2024/04/18 05:28:29 UTC,writer
2024/04/18 19:05:25 UTC,researcher
2024/04/18 19:05:25 UTC,researcher
2024/04/18 19:05:25 UTC,researcher
2024/04/18 19:05:25 UTC,researcher
2024/04/18 20:39:04 UTC,content designer
2024/04/18 20:39:04 UTC,content designer
2024/04/19 02:37:39 UTC,writer
2024/04/19 02:37:39 UTC,writer
2024/04/19 02:37:39 UTC,writer
2024/04/19 02:37:39 UTC,writer
2024/04/19 18:51:48 UTC,researcher
2024/04/19 18:51:48 UTC,researcher
2024/04/19 18:51:48 UTC,researcher
2024/04/19 18:51:48 UTC,researcher
2024/04/19 22:06:56 UTC,researcher
2024/04/19 22:06:56 UTC,researcher
2024/04/19 22:06:56 UTC,researcher
2024/04/19 22:06:56 UTC,researcher
2024/04/19 22:19:01 UTC,content designer
2024/04/19 22:19:01 UTC,content designer
2024/04/20 02:42:15 UTC,writer
2024/04/20 02:42:15 UTC,writer
2024/04/20 02:42:15 UTC,writer
2024/04/20 02:42:15 UTC,writer
2024/04/20 18:44:51 UTC,researcher
2024/04/20 18:44:51 UTC,researcher
2024/04/20 18:44:51 UTC,researcher
2024/04/20 18:44:51 UTC,researcher
2024/04/20 20:43:14 UTC,content designer
2024/04/20 20:43:14 UTC,content designer
2024/04/21 02:46:58 UTC,writer
2024/04/21 02:46:58 UTC,writer
2024/04/21 02:46:58 UTC,writer
2024/04/21 02:46:59 UTC,writer
2024/04/21 18:56:06 UTC,researcher
2024/04/21 18:56:06 UTC,researcher
2024/04/21 18:56:06 UTC,researcher
2024/04/21 18:56:06 UTC,researcher
2024/04/21 20:38:48 UTC,content designer
2024/04/21 20:38:48 UTC,content designer
2024/04/22 02:45:24 UTC,writer
2024/04/22 02:45:24 UTC,writer
2024/04/22 02:45:24 UTC,writer
2024/04/22 02:45:24 UTC,writer
2024/04/22 18:44:10 UTC,researcher
2024/04/22 18:44:10 UTC,researcher
2024/04/22 18:44:10 UTC,researcher
2024/04/22 18:44:10 UTC,researcher
2024/04/22 20:45:03 UTC,content designer
2024/04/22 20:45:03 UTC,content designer
2024/04/23 02:39:25 UTC,writer
2024/04/23 02:39:25 UTC,writer
2024/04/23 02:39:25 UTC,writer
2024/04/23 02:39:25 UTC,writer
2024/04/23 18:39:39 UTC,researcher
2024/04/23 18:39:39 UTC,researcher
2024/04/23 18:39:39 UTC,researcher
2024/04/23 18:39:39 UTC,researcher
2024/04/23 21:08:14 UTC,content designer
2024/04/23 21:08:14 UTC,content designer
2024/04/24 00:33:34 UTC,alexander cyr
2024/04/24 00:33:34 UTC,content strategist
2024/04/24 00:33:34 UTC,cyrus greenall
2024/04/24 00:33:38 UTC,cyrus samii
2024/04/24 00:33:39 UTC,cyrus samii
2024/04/24 00:34:38 UTC,Estee Eliasoph
2024/04/24 00:34:39 UTC,Estee Eliasoph
2024/04/24 02:58:12 UTC,writer
2024/04/24 02:58:12 UTC,writer
2024/04/24 02:58:12 UTC,writer
2024/04/24 02:58:12 UTC,writer
2024/04/24 15:03:36 UTC,Writer
2024/04/24 19:47:24 UTC,researcher
2024/04/24 19:47:24 UTC,researcher
2024/04/24 19:47:24 UTC,researcher
2024/04/24 19:47:24 UTC,researcher
2024/04/24 22:10:42 UTC,content designer
2024/04/24 22:10:42 UTC,content designer
2024/04/25 02:55:58 UTC,writer
2024/04/25 02:55:58 UTC,writer
2024/04/25 02:55:58 UTC,writer
2024/04/25 02:55:58 UTC,writer
2024/04/25 17:57:01 UTC,head of content OR content designer OR copywriter OR content strategist OR head of content OR product marketer
2024/04/25 18:47:45 UTC,researcher
2024/04/25 18:47:45 UTC,researcher
2024/04/25 18:47:45 UTC,researcher
2024/04/25 18:47:45 UTC,researcher
2024/04/25 20:56:28 UTC,content designer
2024/04/25 20:56:28 UTC,content designer
2024/04/26 02:46:21 UTC,writer
2024/04/26 02:46:21 UTC,writer
2024/04/26 02:46:21 UTC,writer
2024/04/26 02:46:21 UTC,writer
2024/04/26 18:26:59 UTC,Writer
2024/04/26 18:47:16 UTC,Writer
2024/04/26 19:30:33 UTC,researcher
2024/04/26 19:30:33 UTC,researcher
2024/04/26 19:30:33 UTC,researcher
2024/04/26 19:30:33 UTC,researcher
2024/04/26 20:26:48 UTC,writer
2024/04/26 21:16:22 UTC,content designer
2024/04/26 21:16:22 UTC,content designer
2024/04/27 03:00:06 UTC,writer
2024/04/27 03:00:06 UTC,writer
2024/04/27 03:00:06 UTC,writer
2024/04/27 03:00:07 UTC,writer
2024/04/27 19:08:24 UTC,researcher
2024/04/27 19:08:24 UTC,researcher
2024/04/27 19:08:24 UTC,researcher
2024/04/27 19:08:24 UTC,researcher
2024/04/27 20:39:25 UTC,content designer
2024/04/27 20:39:25 UTC,content designer
2024/04/28 02:40:25 UTC,writer
2024/04/28 02:40:25 UTC,writer
2024/04/28 02:40:25 UTC,writer
2024/04/28 02:40:26 UTC,writer
2024/04/28 18:52:44 UTC,researcher
2024/04/28 18:52:44 UTC,researcher
2024/04/28 18:52:44 UTC,researcher
2024/04/28 18:52:44 UTC,researcher
2024/04/28 20:53:06 UTC,content designer
2024/04/28 20:53:06 UTC,content designer
2024/04/29 02:38:36 UTC,writer
2024/04/29 02:38:36 UTC,writer
2024/04/29 02:38:36 UTC,writer
2024/04/29 02:38:36 UTC,writer
2024/04/29 21:10:29 UTC,researcher
2024/04/29 21:10:29 UTC,researcher
2024/04/29 21:10:29 UTC,researcher
2024/04/29 21:10:29 UTC,researcher
2024/04/29 21:19:33 UTC,content designer
2024/04/29 21:19:33 UTC,content designer
2024/04/30 02:57:56 UTC,writer
2024/04/30 02:57:56 UTC,writer
2024/04/30 02:57:56 UTC,writer
2024/04/30 02:57:56 UTC,writer
2024/04/30 18:42:36 UTC,researcher
2024/04/30 18:42:36 UTC,researcher
2024/04/30 18:42:36 UTC,researcher
2024/04/30 18:42:36 UTC,researcher
2024/04/30 20:37:54 UTC,content designer
2024/04/30 20:37:55 UTC,content designer
2024/05/01 02:39:02 UTC,writer
2024/05/01 02:39:02 UTC,writer
2024/05/01 02:39:02 UTC,writer
2024/05/01 02:39:02 UTC,writer
2024/05/01 19:52:50 UTC,researcher
2024/05/01 19:52:50 UTC,researcher
2024/05/01 19:52:50 UTC,researcher
2024/05/01 19:52:50 UTC,researcher
2024/05/01 22:09:55 UTC,content designer
2024/05/01 22:09:55 UTC,content designer
2024/05/02 02:50:59 UTC,writer
2024/05/02 02:50:59 UTC,writer
2024/05/02 02:50:59 UTC,writer
2024/05/02 02:50:59 UTC,writer
2024/05/02 18:49:16 UTC,researcher
2024/05/02 18:49:16 UTC,researcher
2024/05/02 18:49:16 UTC,researcher
2024/05/02 18:49:16 UTC,researcher
2024/05/02 20:46:07 UTC,content designer
2024/05/02 20:46:07 UTC,content designer
2024/05/03 02:42:09 UTC,writer
2024/05/03 02:42:09 UTC,writer
2024/05/03 02:42:09 UTC,writer
2024/05/03 02:42:09 UTC,writer
2024/05/03 16:32:23 UTC,writer
2024/05/03 19:03:32 UTC,researcher
2024/05/03 19:03:32 UTC,researcher
2024/05/03 19:03:32 UTC,researcher
2024/05/03 19:03:32 UTC,researcher
2024/05/03 20:49:58 UTC,content designer
2024/05/03 20:49:58 UTC,content designer
2024/05/04 02:45:59 UTC,writer
2024/05/04 02:45:59 UTC,writer
2024/05/04 02:45:59 UTC,writer
2024/05/04 02:45:59 UTC,writer
2024/05/04 18:50:44 UTC,researcher
2024/05/04 18:50:44 UTC,researcher
2024/05/04 18:50:44 UTC,researcher
2024/05/04 18:50:44 UTC,researcher
2024/05/04 20:42:32 UTC,content designer
2024/05/04 20:42:32 UTC,content designer
2024/05/05 03:12:16 UTC,writer
2024/05/05 03:12:16 UTC,writer
2024/05/05 03:12:16 UTC,writer
2024/05/05 03:12:16 UTC,writer
2024/05/05 19:10:52 UTC,researcher
2024/05/05 19:10:52 UTC,researcher
2024/05/05 19:10:52 UTC,researcher
2024/05/05 19:10:52 UTC,researcher
2024/05/05 20:50:13 UTC,content designer
2024/05/05 20:50:13 UTC,content designer
2024/05/06 02:50:42 UTC,writer
2024/05/06 02:50:42 UTC,writer
2024/05/06 02:50:42 UTC,writer
2024/05/06 02:50:42 UTC,writer
2024/05/06 19:01:31 UTC,researcher
2024/05/06 19:01:31 UTC,researcher
2024/05/06 19:01:31 UTC,researcher
2024/05/06 19:01:31 UTC,researcher
2024/05/06 20:55:18 UTC,content designer
2024/05/06 20:55:18 UTC,content designer
2024/05/07 02:56:38 UTC,writer
2024/05/07 02:56:38 UTC,writer
2024/05/07 02:56:38 UTC,writer
2024/05/07 02:56:38 UTC,writer
2024/05/07 18:45:50 UTC,researcher
2024/05/07 18:45:50 UTC,researcher
2024/05/07 18:45:50 UTC,researcher
2024/05/07 18:45:50 UTC,researcher
2024/05/07 20:57:07 UTC,content designer
2024/05/07 20:57:07 UTC,content designer
2024/05/08 00:55:32 UTC,researcher
2024/05/08 00:59:42 UTC,researcher
2024/05/08 01:04:01 UTC,writer
2024/05/08 01:05:35 UTC,writer
2024/05/08 02:57:11 UTC,writer
2024/05/08 02:57:11 UTC,writer
2024/05/08 02:57:11 UTC,writer
2024/05/08 02:57:11 UTC,writer
2024/05/08 03:18:35 UTC,content designer
2024/05/08 20:39:27 UTC,content designer
2024/05/08 20:39:27 UTC,content designer
2024/05/08 22:07:06 UTC,researcher
2024/05/08 22:07:06 UTC,researcher
2024/05/08 22:07:06 UTC,researcher
2024/05/08 22:07:06 UTC,researcher
2024/05/09 02:38:36 UTC,writer
2024/05/09 02:38:36 UTC,writer
2024/05/09 02:38:36 UTC,writer
2024/05/09 02:38:36 UTC,writer
2024/05/09 04:03:07 UTC,researcher
2024/05/09 04:08:43 UTC,researcher
2024/05/09 04:11:51 UTC,writer
2024/05/09 04:13:29 UTC,writer
2024/05/09 06:26:18 UTC,content designer
2024/05/09 18:37:22 UTC,researcher
2024/05/09 18:37:22 UTC,researcher
2024/05/09 18:37:22 UTC,researcher
2024/05/09 18:37:22 UTC,researcher
2024/05/09 20:52:35 UTC,content designer
2024/05/09 20:52:35 UTC,content designer
2024/05/10 02:40:55 UTC,writer
2024/05/10 02:40:55 UTC,writer
2024/05/10 02:40:55 UTC,writer
2024/05/10 02:40:55 UTC,writer
2024/05/10 05:51:55 UTC,researcher
2024/05/10 05:57:01 UTC,researcher
2024/05/10 05:59:23 UTC,writer
2024/05/10 06:03:03 UTC,writer
2024/05/10 08:16:00 UTC,content designer
2024/05/10 18:58:06 UTC,researcher
2024/05/10 18:58:06 UTC,researcher
2024/05/10 18:58:06 UTC,researcher
2024/05/10 18:58:07 UTC,researcher
2024/05/10 20:41:03 UTC,content designer
2024/05/10 20:41:03 UTC,content designer
2024/05/11 02:49:26 UTC,writer
2024/05/11 02:49:26 UTC,writer
2024/05/11 02:49:26 UTC,writer
2024/05/11 02:49:26 UTC,writer
2024/05/11 07:43:49 UTC,researcher
2024/05/11 07:49:00 UTC,researcher
2024/05/11 07:51:50 UTC,writer
2024/05/11 07:55:38 UTC,writer
2024/05/11 10:07:19 UTC,content designer
2024/05/11 19:05:57 UTC,researcher
2024/05/11 19:05:57 UTC,researcher
2024/05/11 19:05:57 UTC,researcher
2024/05/11 19:05:57 UTC,researcher
2024/05/11 20:51:13 UTC,content designer
2024/05/11 20:51:13 UTC,content designer
2024/05/12 02:42:35 UTC,writer
2024/05/12 02:42:35 UTC,writer
2024/05/12 02:42:35 UTC,writer
2024/05/12 02:42:35 UTC,writer
2024/05/12 09:17:54 UTC,researcher
2024/05/12 09:21:44 UTC,researcher
2024/05/12 09:23:40 UTC,writer
2024/05/12 09:27:15 UTC,writer
2024/05/12 11:40:32 UTC,content designer
2024/05/12 18:55:57 UTC,researcher
2024/05/12 18:55:57 UTC,researcher
2024/05/12 18:55:57 UTC,researcher
2024/05/12 18:55:57 UTC,researcher
2024/05/12 20:41:39 UTC,content designer
2024/05/12 20:41:39 UTC,content designer
2024/05/13 02:38:22 UTC,writer
2024/05/13 02:38:22 UTC,writer
2024/05/13 02:38:22 UTC,writer
2024/05/13 02:38:22 UTC,writer
2024/05/13 10:49:17 UTC,researcher
2024/05/13 10:56:02 UTC,researcher
2024/05/13 10:59:05 UTC,writer
2024/05/13 11:00:47 UTC,writer
2024/05/13 13:12:15 UTC,content designer
2024/05/13 17:02:26 UTC,hannington mutebi
2024/05/13 17:02:26 UTC,harry foli
2024/05/13 17:02:26 UTC,head of content
2024/05/13 17:02:27 UTC,harris hatzimpaloglou
2024/05/13 17:02:28 UTC,harris hatzimpaloglou
2024/05/13 19:43:37 UTC,researcher
2024/05/13 19:43:37 UTC,researcher
2024/05/13 19:43:37 UTC,researcher
2024/05/13 19:43:37 UTC,researcher
2024/05/13 20:39:48 UTC,content designer
2024/05/13 20:39:48 UTC,content designer
2024/05/14 02:46:54 UTC,writer
2024/05/14 02:46:54 UTC,writer
2024/05/14 02:46:54 UTC,writer
2024/05/14 02:46:54 UTC,writer
2024/05/14 15:04:15 UTC,researcher
2024/05/14 15:11:35 UTC,researcher
2024/05/14 15:13:43 UTC,writer
2024/05/14 15:14:18 UTC,writer
2024/05/14 17:28:29 UTC,content designer
2024/05/14 18:13:21 UTC,mandy mehdizadeh
2024/05/14 18:13:21 UTC,manijeh afnan-murray
2024/05/14 18:13:21 UTC,megan smith chaska
2024/05/14 18:13:22 UTC,product marketing
2024/05/14 18:13:23 UTC,mandy pardehpoosh
2024/05/14 18:13:24 UTC,mandy pardehpoosh
2024/05/14 18:13:24 UTC,mandy pardehpoosh
2024/05/14 18:32:01 UTC,mandy pardehpoosh
2024/05/14 18:32:01 UTC,prof. edward s. ayensu
2024/05/14 18:32:02 UTC,dr tomas chamorro-premuzic
2024/05/14 18:32:03 UTC,marek banczyk, ph.d.
2024/05/14 18:32:03 UTC,product marketing
2024/05/14 18:32:05 UTC,product marketing
2024/05/14 18:32:06 UTC,writer
2024/05/14 18:32:18 UTC,marketing director
2024/05/14 18:32:19 UTC,marketing director
2024/05/14 18:32:19 UTC,marketing director
2024/05/14 18:32:20 UTC,marketing director
2024/05/14 19:01:32 UTC,researcher
2024/05/14 19:01:32 UTC,researcher
2024/05/14 19:01:32 UTC,researcher
2024/05/14 19:01:32 UTC,researcher
2024/05/14 20:44:18 UTC,content designer
2024/05/14 20:44:18 UTC,content designer
2024/05/15 03:06:06 UTC,writer
2024/05/15 03:06:06 UTC,writer
2024/05/15 03:06:06 UTC,writer
2024/05/15 03:06:06 UTC,writer
2024/05/15 16:42:30 UTC,researcher
2024/05/15 16:50:52 UTC,researcher
2024/05/15 16:51:04 UTC,writer
2024/05/15 16:53:56 UTC,writer
2024/05/15 19:05:02 UTC,content designer
2024/05/15 21:13:03 UTC,content designer
2024/05/15 21:13:03 UTC,content designer
2024/05/15 22:43:19 UTC,researcher
2024/05/15 22:43:19 UTC,researcher
2024/05/15 22:43:19 UTC,researcher
2024/05/15 22:43:19 UTC,researcher
2024/05/16 02:51:18 UTC,writer
2024/05/16 02:51:18 UTC,writer
2024/05/16 02:51:18 UTC,writer
2024/05/16 02:51:18 UTC,writer
2024/05/16 18:50:47 UTC,researcher
2024/05/16 18:50:47 UTC,researcher
2024/05/16 18:50:47 UTC,researcher
2024/05/16 18:50:47 UTC,researcher
2024/05/16 19:33:54 UTC,researcher
2024/05/16 20:55:47 UTC,writer
2024/05/16 20:58:46 UTC,researcher
2024/05/16 21:01:39 UTC,writer
2024/05/16 21:18:30 UTC,content designer
2024/05/16 21:18:30 UTC,content designer
2024/05/16 22:11:36 UTC,harris hatzimpaloglou
2024/05/16 22:11:37 UTC,harris hatzimpaloglou
2024/05/16 23:08:15 UTC,content designer
2024/05/17 03:01:04 UTC,writer
2024/05/17 03:01:04 UTC,writer
2024/05/17 03:01:04 UTC,writer
2024/05/17 03:01:04 UTC,writer
2024/05/17 18:59:00 UTC,researcher
2024/05/17 18:59:00 UTC,researcher
2024/05/17 18:59:00 UTC,researcher
2024/05/17 18:59:00 UTC,researcher
2024/05/17 21:10:36 UTC,content designer
2024/05/17 21:10:36 UTC,content designer
2024/05/17 22:25:21 UTC,researcher
2024/05/17 22:39:09 UTC,researcher
2024/05/17 22:39:51 UTC,writer
2024/05/17 22:41:48 UTC,writer
2024/05/18 00:49:05 UTC,content designer
2024/05/18 03:00:33 UTC,writer
2024/05/18 03:00:33 UTC,writer
2024/05/18 03:00:33 UTC,writer
2024/05/18 03:00:33 UTC,writer
2024/05/18 18:38:41 UTC,researcher
2024/05/18 18:38:41 UTC,researcher
2024/05/18 18:38:41 UTC,researcher
2024/05/18 18:38:41 UTC,researcher
2024/05/18 20:53:39 UTC,content designer
2024/05/18 20:53:39 UTC,content designer
2024/05/19 00:07:59 UTC,researcher
2024/05/19 00:19:20 UTC,researcher
2024/05/19 00:21:00 UTC,writer
2024/05/19 00:22:44 UTC,writer
2024/05/19 02:29:42 UTC,content designer
2024/05/19 02:47:26 UTC,writer
2024/05/19 02:47:26 UTC,writer
2024/05/19 02:47:26 UTC,writer
2024/05/19 02:47:26 UTC,writer
2024/05/19 19:02:37 UTC,researcher
2024/05/19 19:02:37 UTC,researcher
2024/05/19 19:02:37 UTC,researcher
2024/05/19 19:02:37 UTC,researcher
2024/05/19 20:50:57 UTC,content designer
2024/05/19 20:50:57 UTC,content designer
2024/05/20 01:51:55 UTC,researcher
2024/05/20 02:01:57 UTC,researcher
2024/05/20 02:04:19 UTC,writer
2024/05/20 02:07:08 UTC,writer
2024/05/20 02:54:57 UTC,writer
2024/05/20 02:54:57 UTC,writer
2024/05/20 02:54:57 UTC,writer
2024/05/20 02:54:57 UTC,writer
2024/05/20 04:13:09 UTC,content designer
2024/05/20 18:58:10 UTC,researcher
2024/05/20 18:58:10 UTC,researcher
2024/05/20 18:58:10 UTC,researcher
2024/05/20 18:58:10 UTC,researcher
2024/05/20 20:44:47 UTC,content designer
2024/05/20 20:44:48 UTC,content designer
2024/05/21 02:47:01 UTC,writer
2024/05/21 02:47:01 UTC,writer
2024/05/21 02:47:01 UTC,writer
2024/05/21 02:47:01 UTC,writer
2024/05/21 03:52:30 UTC,researcher
2024/05/21 04:02:14 UTC,researcher
2024/05/21 04:05:54 UTC,writer
2024/05/21 04:08:15 UTC,writer
2024/05/21 06:15:47 UTC,content designer
2024/05/21 18:52:31 UTC,researcher
2024/05/21 18:52:31 UTC,researcher
2024/05/21 18:52:31 UTC,researcher
2024/05/21 18:52:31 UTC,researcher
2024/05/21 20:42:28 UTC,content designer
2024/05/21 20:42:28 UTC,content designer
2024/05/22 02:54:38 UTC,writer
2024/05/22 02:54:38 UTC,writer
2024/05/22 02:54:38 UTC,writer
2024/05/22 02:54:38 UTC,writer
2024/05/22 05:57:38 UTC,researcher
2024/05/22 06:06:16 UTC,researcher
2024/05/22 06:10:20 UTC,writer
2024/05/22 06:13:00 UTC,writer
2024/05/22 08:20:15 UTC,content designer
2024/05/22 19:48:51 UTC,researcher
2024/05/22 19:48:51 UTC,researcher
2024/05/22 19:48:51 UTC,researcher
2024/05/22 19:48:51 UTC,researcher
2024/05/22 23:22:34 UTC,content designer
2024/05/22 23:22:34 UTC,content designer
2024/05/23 02:57:11 UTC,writer
2024/05/23 02:57:11 UTC,writer
2024/05/23 02:57:11 UTC,writer
2024/05/23 02:57:11 UTC,writer
2024/05/23 08:00:10 UTC,researcher
2024/05/23 08:11:35 UTC,researcher
2024/05/23 08:13:50 UTC,writer
2024/05/23 08:15:00 UTC,writer
2024/05/23 10:23:46 UTC,content designer
2024/05/23 19:03:30 UTC,researcher
2024/05/23 19:03:30 UTC,researcher
2024/05/23 19:03:30 UTC,researcher
2024/05/23 19:03:30 UTC,researcher
2024/05/23 21:10:38 UTC,content designer
2024/05/23 21:10:38 UTC,content designer
2024/05/24 02:38:19 UTC,writer
2024/05/24 02:38:19 UTC,writer
2024/05/24 02:38:19 UTC,writer
2024/05/24 02:38:19 UTC,writer
2024/05/24 14:45:54 UTC,researcher
2024/05/24 14:59:02 UTC,researcher
2024/05/24 15:00:58 UTC,writer
2024/05/24 15:02:19 UTC,writer
2024/05/24 17:11:52 UTC,content designer
2024/05/24 19:55:15 UTC,researcher
2024/05/24 19:55:15 UTC,researcher
2024/05/24 19:55:15 UTC,researcher
2024/05/24 19:55:15 UTC,researcher
2024/05/24 21:35:32 UTC,content designer
2024/05/24 21:35:32 UTC,content designer
2024/05/25 02:46:19 UTC,writer
2024/05/25 02:46:19 UTC,writer
2024/05/25 02:46:19 UTC,writer
2024/05/25 02:46:19 UTC,writer
2024/05/25 16:56:44 UTC,researcher
2024/05/25 17:08:00 UTC,researcher
2024/05/25 17:10:05 UTC,writer
2024/05/25 17:10:41 UTC,writer
2024/05/25 18:46:03 UTC,researcher
2024/05/25 18:46:03 UTC,researcher
2024/05/25 18:46:03 UTC,researcher
2024/05/25 18:46:03 UTC,researcher
2024/05/25 19:22:22 UTC,content designer
2024/05/25 20:56:33 UTC,content designer
2024/05/25 20:56:33 UTC,content designer
2024/05/26 02:54:18 UTC,writer
2024/05/26 02:54:18 UTC,writer
2024/05/26 02:54:18 UTC,writer
2024/05/26 02:54:18 UTC,writer
2024/05/26 18:49:26 UTC,researcher
2024/05/26 19:01:07 UTC,researcher
2024/05/26 19:02:02 UTC,writer
2024/05/26 19:02:11 UTC,writer
2024/05/26 20:51:15 UTC,content designer
2024/05/26 20:51:15 UTC,content designer
2024/05/26 21:15:18 UTC,content designer
2024/05/27 02:46:37 UTC,writer
2024/05/27 02:46:37 UTC,writer
2024/05/27 02:46:37 UTC,writer
2024/05/27 02:46:37 UTC,writer
2024/05/27 18:42:12 UTC,researcher
2024/05/27 18:42:12 UTC,researcher
2024/05/27 18:42:12 UTC,researcher
2024/05/27 18:42:12 UTC,researcher
2024/05/27 20:48:04 UTC,content designer
2024/05/27 20:48:04 UTC,content designer
2024/05/27 23:46:40 UTC,researcher
2024/05/27 23:57:02 UTC,researcher
2024/05/27 23:57:29 UTC,writer
2024/05/27 23:57:54 UTC,writer
2024/05/28 02:14:12 UTC,content designer
2024/05/28 02:54:02 UTC,writer
2024/05/28 02:54:02 UTC,writer
2024/05/28 02:54:02 UTC,writer
2024/05/28 02:54:02 UTC,writer
2024/05/28 19:02:46 UTC,researcher
2024/05/28 19:02:46 UTC,researcher
2024/05/28 19:02:46 UTC,researcher
2024/05/28 19:02:46 UTC,researcher
2024/05/28 20:41:24 UTC,content designer
2024/05/28 20:41:24 UTC,content designer
2024/05/29 01:52:09 UTC,researcher
2024/05/29 02:01:31 UTC,researcher
2024/05/29 02:02:44 UTC,writer
2024/05/29 02:04:45 UTC,writer
2024/05/29 02:46:21 UTC,writer
2024/05/29 02:46:21 UTC,writer
2024/05/29 02:46:21 UTC,writer
2024/05/29 02:46:21 UTC,writer
2024/05/29 04:18:09 UTC,content designer
2024/05/29 18:46:13 UTC,researcher
2024/05/29 18:46:13 UTC,researcher
2024/05/29 18:46:13 UTC,researcher
2024/05/29 18:46:13 UTC,researcher
2024/05/29 20:46:33 UTC,content designer
2024/05/29 20:46:33 UTC,content designer
2024/05/30 02:56:11 UTC,writer
2024/05/30 02:56:11 UTC,writer
2024/05/30 02:56:11 UTC,writer
2024/05/30 02:56:11 UTC,writer
2024/05/30 03:51:47 UTC,researcher
2024/05/30 04:00:38 UTC,researcher
2024/05/30 04:02:45 UTC,writer
2024/05/30 04:05:55 UTC,writer
2024/05/30 06:17:26 UTC,content designer
2024/05/30 18:43:50 UTC,researcher
2024/05/30 18:43:50 UTC,researcher
2024/05/30 18:43:50 UTC,researcher
2024/05/30 18:43:50 UTC,researcher
2024/05/30 21:12:19 UTC,content designer
2024/05/30 21:12:19 UTC,content designer
2024/05/31 02:48:54 UTC,writer
2024/05/31 02:48:54 UTC,writer
2024/05/31 02:48:54 UTC,writer
2024/05/31 02:48:54 UTC,writer
2024/05/31 07:32:44 UTC,researcher
2024/05/31 07:41:59 UTC,researcher
2024/05/31 07:42:23 UTC,writer
2024/05/31 07:47:16 UTC,writer
2024/05/31 09:58:07 UTC,content designer
2024/05/31 18:49:26 UTC,researcher
2024/05/31 18:49:26 UTC,researcher
2024/05/31 18:49:26 UTC,researcher
2024/05/31 18:49:26 UTC,researcher
2024/05/31 20:47:53 UTC,content designer
2024/05/31 20:47:53 UTC,content designer
2024/06/01 02:42:57 UTC,writer
2024/06/01 02:42:57 UTC,writer
2024/06/01 02:42:57 UTC,writer
2024/06/01 02:42:57 UTC,writer
2024/06/01 09:34:11 UTC,researcher
2024/06/01 09:43:36 UTC,researcher
2024/06/01 09:45:48 UTC,writer
2024/06/01 09:49:47 UTC,writer
2024/06/01 11:59:39 UTC,content designer
2024/06/01 19:01:18 UTC,researcher
2024/06/01 19:01:18 UTC,researcher
2024/06/01 19:01:18 UTC,researcher
2024/06/01 19:01:18 UTC,researcher
2024/06/01 20:51:15 UTC,content designer
2024/06/01 20:51:15 UTC,content designer
2024/06/02 02:39:46 UTC,writer
2024/06/02 02:39:46 UTC,writer
2024/06/02 02:39:46 UTC,writer
2024/06/02 02:39:46 UTC,writer
2024/06/02 11:37:32 UTC,researcher
2024/06/02 11:49:40 UTC,researcher
2024/06/02 11:52:28 UTC,writer
2024/06/02 11:53:47 UTC,writer
2024/06/02 14:05:37 UTC,content designer
2024/06/02 19:13:54 UTC,researcher
2024/06/02 19:13:55 UTC,researcher
2024/06/02 19:13:55 UTC,researcher
2024/06/02 19:13:55 UTC,researcher
2024/06/02 20:39:04 UTC,content designer
2024/06/02 20:39:04 UTC,content designer
2024/06/03 02:55:20 UTC,writer
2024/06/03 02:55:20 UTC,writer
2024/06/03 02:55:20 UTC,writer
2024/06/03 02:55:20 UTC,writer
2024/06/03 13:42:16 UTC,researcher
2024/06/03 13:53:36 UTC,researcher
2024/06/03 13:57:27 UTC,writer
2024/06/03 13:59:47 UTC,writer
2024/06/03 16:09:51 UTC,content designer
2024/06/03 20:32:42 UTC,researcher
2024/06/03 20:32:42 UTC,researcher
2024/06/03 20:32:42 UTC,researcher
2024/06/03 20:32:42 UTC,researcher
2024/06/03 22:29:29 UTC,content designer
2024/06/03 22:29:29 UTC,content designer
2024/06/04 02:39:40 UTC,writer
2024/06/04 02:39:40 UTC,writer
2024/06/04 02:39:40 UTC,writer
2024/06/04 02:39:40 UTC,writer
2024/06/04 15:49:55 UTC,researcher
2024/06/04 15:59:26 UTC,researcher
2024/06/04 16:02:52 UTC,writer
2024/06/04 16:07:54 UTC,writer
2024/06/04 16:24:38 UTC,writer
2024/06/04 17:47:00 UTC,austin belcak
2024/06/04 17:47:01 UTC,austin belcak
2024/06/04 17:59:31 UTC,adam broda
2024/06/04 17:59:33 UTC,adam broda
2024/06/04 17:59:41 UTC,adam broda
2024/06/04 17:59:42 UTC,adam broda
2024/06/04 18:00:13 UTC,ali abdaal
2024/06/04 18:00:14 UTC,ali abdaal
2024/06/04 18:00:16 UTC,ali abdaal
2024/06/04 18:33:32 UTC,content designer
2024/06/04 18:53:16 UTC,researcher
2024/06/04 18:53:16 UTC,researcher
2024/06/04 18:53:16 UTC,researcher
2024/06/04 18:53:17 UTC,researcher
2024/06/04 20:42:53 UTC,content designer
2024/06/04 20:42:53 UTC,content designer
2024/06/05 02:50:40 UTC,writer
2024/06/05 02:50:40 UTC,writer
2024/06/05 02:50:40 UTC,writer
2024/06/05 02:50:40 UTC,writer
2024/06/05 18:13:50 UTC,researcher
2024/06/05 18:23:15 UTC,researcher
2024/06/05 18:26:23 UTC,writer
2024/06/05 18:29:52 UTC,writer
2024/06/05 18:59:09 UTC,researcher
2024/06/05 18:59:09 UTC,researcher
2024/06/05 18:59:09 UTC,researcher
2024/06/05 18:59:09 UTC,researcher
2024/06/05 20:41:12 UTC,content designer
2024/06/05 21:12:24 UTC,content designer
2024/06/05 21:12:24 UTC,content designer
2024/06/06 02:44:57 UTC,writer
2024/06/06 02:44:57 UTC,writer
2024/06/06 02:44:57 UTC,writer
2024/06/06 02:44:57 UTC,writer
2024/06/06 19:02:52 UTC,researcher
2024/06/06 19:02:52 UTC,researcher
2024/06/06 19:02:52 UTC,researcher
2024/06/06 19:02:52 UTC,researcher
2024/06/06 20:22:09 UTC,researcher
2024/06/06 20:32:39 UTC,researcher
2024/06/06 20:34:10 UTC,writer
2024/06/06 20:37:27 UTC,content designer
2024/06/06 20:37:28 UTC,content designer
2024/06/06 20:39:31 UTC,writer
2024/06/06 22:51:55 UTC,content designer
2024/06/07 02:38:14 UTC,writer
2024/06/07 02:38:14 UTC,writer
2024/06/07 02:38:14 UTC,writer
2024/06/07 02:38:14 UTC,writer
2024/06/07 18:36:58 UTC,researcher
2024/06/07 18:36:58 UTC,researcher
2024/06/07 18:36:58 UTC,researcher
2024/06/07 18:36:58 UTC,researcher
2024/06/07 22:34:35 UTC,researcher
2024/06/07 22:44:26 UTC,researcher
2024/06/07 22:45:42 UTC,writer
2024/06/07 22:50:33 UTC,writer
2024/06/08 00:15:26 UTC,content designer
2024/06/08 00:15:26 UTC,content designer
2024/06/08 01:02:47 UTC,content designer
2024/06/08 02:53:48 UTC,writer
2024/06/08 02:53:48 UTC,writer
2024/06/08 02:53:48 UTC,writer
2024/06/08 02:53:48 UTC,writer
2024/06/08 19:01:20 UTC,researcher
2024/06/08 19:01:20 UTC,researcher
2024/06/08 19:01:20 UTC,researcher
2024/06/08 19:01:20 UTC,researcher
2024/06/08 20:40:25 UTC,content designer
2024/06/08 20:40:25 UTC,content designer
2024/06/09 00:45:40 UTC,researcher
2024/06/09 00:57:09 UTC,researcher
2024/06/09 00:58:48 UTC,writer
2024/06/09 01:02:27 UTC,writer
2024/06/09 02:40:27 UTC,writer
2024/06/09 02:40:27 UTC,writer
2024/06/09 02:40:27 UTC,writer
2024/06/09 02:40:27 UTC,writer
2024/06/09 03:13:56 UTC,content designer
2024/06/09 18:41:37 UTC,researcher
2024/06/09 18:41:37 UTC,researcher
2024/06/09 18:41:37 UTC,researcher
2024/06/09 18:41:37 UTC,researcher
2024/06/09 20:46:44 UTC,content designer
2024/06/09 20:46:44 UTC,content designer
2024/06/10 02:39:51 UTC,writer
2024/06/10 02:39:51 UTC,writer
2024/06/10 02:39:51 UTC,writer
2024/06/10 02:39:51 UTC,writer
2024/06/10 02:59:31 UTC,researcher
2024/06/10 03:11:44 UTC,researcher
2024/06/10 03:12:57 UTC,writer
2024/06/10 03:17:42 UTC,writer
2024/06/10 05:26:32 UTC,content designer
2024/06/10 19:00:41 UTC,researcher
2024/06/10 19:00:41 UTC,researcher
2024/06/10 19:00:41 UTC,researcher
2024/06/10 19:00:41 UTC,researcher
2024/06/10 20:53:24 UTC,content designer
2024/06/10 20:53:24 UTC,content designer
2024/06/11 02:46:21 UTC,writer
2024/06/11 02:46:21 UTC,writer
2024/06/11 02:46:21 UTC,writer
2024/06/11 02:46:21 UTC,writer
2024/06/11 05:15:59 UTC,researcher
2024/06/11 05:25:11 UTC,researcher
2024/06/11 05:28:21 UTC,writer
2024/06/11 05:35:07 UTC,writer
2024/06/11 07:41:24 UTC,content designer
2024/06/11 18:43:39 UTC,researcher
2024/06/11 18:43:39 UTC,researcher
2024/06/11 18:43:39 UTC,researcher
2024/06/11 18:43:39 UTC,researcher
2024/06/11 20:44:20 UTC,content designer
2024/06/11 20:44:20 UTC,content designer
2024/06/12 02:53:45 UTC,writer
2024/06/12 02:53:45 UTC,writer
2024/06/12 02:53:45 UTC,writer
2024/06/12 02:53:45 UTC,writer
2024/06/12 07:31:55 UTC,researcher
2024/06/12 07:44:13 UTC,researcher
2024/06/12 07:46:02 UTC,writer
2024/06/12 07:50:37 UTC,writer
2024/06/12 09:59:06 UTC,content designer
2024/06/12 20:55:52 UTC,content designer
2024/06/12 20:55:52 UTC,content designer
2024/06/13 02:44:25 UTC,writer
2024/06/13 02:44:25 UTC,writer
2024/06/13 02:44:25 UTC,writer
2024/06/13 02:44:25 UTC,writer
2024/06/13 09:49:41 UTC,researcher
2024/06/13 10:02:54 UTC,researcher
2024/06/13 10:04:31 UTC,writer
2024/06/13 10:09:41 UTC,writer
2024/06/13 12:19:01 UTC,content designer
2024/06/13 19:39:04 UTC,researcher
2024/06/13 19:39:04 UTC,researcher
2024/06/13 19:39:04 UTC,researcher
2024/06/13 19:39:04 UTC,researcher
2024/06/13 20:43:03 UTC,content designer
2024/06/13 20:43:03 UTC,content designer
2024/06/14 02:48:32 UTC,writer
2024/06/14 02:48:32 UTC,writer
2024/06/14 02:48:32 UTC,writer
2024/06/14 02:48:32 UTC,writer
2024/06/14 12:09:05 UTC,researcher
2024/06/14 12:21:44 UTC,researcher
2024/06/14 12:26:48 UTC,writer
2024/06/14 12:29:41 UTC,writer
2024/06/14 14:38:50 UTC,content designer
2024/06/14 18:53:01 UTC,researcher
2024/06/14 18:53:01 UTC,researcher
2024/06/14 18:53:01 UTC,researcher
2024/06/14 18:53:01 UTC,researcher
2024/06/14 20:46:41 UTC,content designer
2024/06/14 20:46:41 UTC,content designer
2024/06/15 02:51:35 UTC,writer
2024/06/15 02:51:35 UTC,writer
2024/06/15 02:51:35 UTC,writer
2024/06/15 02:51:35 UTC,writer
2024/06/15 14:29:34 UTC,researcher
2024/06/15 14:41:20 UTC,researcher
2024/06/15 14:48:56 UTC,writer
2024/06/15 14:51:30 UTC,writer
2024/06/15 17:01:45 UTC,content designer
2024/06/15 19:05:35 UTC,researcher
2024/06/15 19:05:35 UTC,researcher
2024/06/15 19:05:35 UTC,researcher
2024/06/15 19:05:35 UTC,researcher
2024/06/15 20:42:37 UTC,content designer
2024/06/15 20:42:37 UTC,content designer
2024/06/16 02:52:50 UTC,writer
2024/06/16 02:52:50 UTC,writer
2024/06/16 02:52:50 UTC,writer
2024/06/16 02:52:51 UTC,writer
2024/06/16 16:50:41 UTC,researcher
2024/06/16 17:04:36 UTC,researcher
2024/06/16 17:13:28 UTC,writer
2024/06/16 17:13:58 UTC,writer
2024/06/16 18:58:46 UTC,researcher
2024/06/16 18:58:46 UTC,researcher
2024/06/16 18:58:46 UTC,researcher
2024/06/16 18:58:46 UTC,researcher
2024/06/16 19:22:14 UTC,content designer
2024/06/16 20:42:05 UTC,content designer
2024/06/16 20:42:05 UTC,content designer
2024/06/17 02:41:41 UTC,writer
2024/06/17 02:41:41 UTC,writer
2024/06/17 02:41:41 UTC,writer
2024/06/17 02:41:42 UTC,writer
2024/06/17 18:35:06 UTC,researcher
2024/06/17 18:35:06 UTC,researcher
2024/06/17 18:35:06 UTC,researcher
2024/06/17 18:35:06 UTC,researcher
2024/06/17 19:13:46 UTC,researcher
2024/06/17 19:28:32 UTC,researcher
2024/06/17 19:36:24 UTC,writer
2024/06/17 19:37:55 UTC,writer
2024/06/17 20:47:46 UTC,content designer
2024/06/17 20:47:46 UTC,content designer
2024/06/17 21:44:39 UTC,content designer
2024/06/18 02:49:07 UTC,writer
2024/06/18 02:49:07 UTC,writer
2024/06/18 02:49:07 UTC,writer
2024/06/18 02:49:07 UTC,writer
2024/06/18 18:53:51 UTC,researcher
2024/06/18 18:53:51 UTC,researcher
2024/06/18 18:53:51 UTC,researcher
2024/06/18 18:53:51 UTC,researcher
2024/06/18 20:56:03 UTC,content designer
2024/06/18 20:56:03 UTC,content designer
2024/06/18 22:00:50 UTC,researcher
2024/06/18 22:14:43 UTC,researcher
2024/06/18 22:23:17 UTC,writer
2024/06/18 22:25:23 UTC,writer
2024/06/19 00:01:07 UTC,david isaak
2024/06/19 00:01:07 UTC,dr kat eghdamian
2024/06/19 00:01:08 UTC,daniel space
2024/06/19 00:01:08 UTC,david proctor, ii
2024/06/19 00:01:11 UTC,dave boyce
2024/06/19 00:01:11 UTC,david bounan
2024/06/19 00:01:11 UTC,david m. brear
2024/06/19 00:01:12 UTC,david boulanger
2024/06/19 00:01:14 UTC,david boulanger
2024/06/19 00:32:13 UTC,content designer
2024/06/19 02:42:51 UTC,writer
2024/06/19 02:42:51 UTC,writer
2024/06/19 02:42:51 UTC,writer
2024/06/19 02:42:51 UTC,writer
2024/06/19 16:39:05 UTC,writer
2024/06/19 16:43:34 UTC,head of content
2024/06/19 16:43:34 UTC,head of content
2024/06/19 16:43:34 UTC,head of content
2024/06/19 16:43:36 UTC,head of content
2024/06/19 19:27:19 UTC,researcher
2024/06/19 19:27:19 UTC,researcher
2024/06/19 19:27:19 UTC,researcher
2024/06/19 19:27:19 UTC,researcher
2024/06/19 20:50:19 UTC,content designer
2024/06/19 20:50:19 UTC,content designer
2024/06/20 00:29:29 UTC,researcher
2024/06/20 00:42:10 UTC,researcher
2024/06/20 00:51:35 UTC,writer
2024/06/20 00:53:08 UTC,writer
2024/06/20 02:50:23 UTC,writer
2024/06/20 02:50:23 UTC,writer
2024/06/20 02:50:23 UTC,writer
2024/06/20 02:50:23 UTC,writer
2024/06/20 02:59:14 UTC,content designer
2024/06/20 18:44:40 UTC,researcher
2024/06/20 18:44:40 UTC,researcher
2024/06/20 18:44:40 UTC,researcher
2024/06/20 18:44:40 UTC,researcher
2024/06/20 21:11:22 UTC,content designer
2024/06/20 21:11:22 UTC,content designer
2024/06/21 02:46:27 UTC,writer
2024/06/21 02:46:27 UTC,writer
2024/06/21 02:46:27 UTC,writer
2024/06/21 02:46:27 UTC,writer
2024/06/21 02:57:57 UTC,researcher
2024/06/21 03:12:41 UTC,researcher
2024/06/21 03:21:35 UTC,writer
2024/06/21 03:22:50 UTC,writer
2024/06/21 05:30:31 UTC,content designer
2024/06/21 18:44:43 UTC,researcher
2024/06/21 18:44:43 UTC,researcher
2024/06/21 18:44:43 UTC,researcher
2024/06/21 18:44:43 UTC,researcher
2024/06/21 21:07:39 UTC,content designer
2024/06/21 21:07:39 UTC,content designer
2024/06/22 02:46:22 UTC,writer
2024/06/22 02:46:22 UTC,writer
2024/06/22 02:46:22 UTC,writer
2024/06/22 02:46:22 UTC,writer
2024/06/22 05:29:53 UTC,researcher
2024/06/22 05:43:24 UTC,researcher
2024/06/22 05:53:07 UTC,writer
2024/06/22 05:54:14 UTC,writer
2024/06/22 08:01:50 UTC,content designer
2024/06/22 18:58:08 UTC,researcher
2024/06/22 18:58:08 UTC,researcher
2024/06/22 18:58:08 UTC,researcher
2024/06/22 18:58:08 UTC,researcher
2024/06/22 20:48:12 UTC,content designer
2024/06/22 20:48:12 UTC,content designer
2024/06/23 02:56:44 UTC,writer
2024/06/23 02:56:44 UTC,writer
2024/06/23 02:56:44 UTC,writer
2024/06/23 02:56:44 UTC,writer
2024/06/23 08:01:27 UTC,researcher
2024/06/23 08:14:38 UTC,researcher
2024/06/23 08:23:52 UTC,writer
2024/06/23 08:25:51 UTC,writer
2024/06/23 10:34:19 UTC,content designer
2024/06/23 18:53:13 UTC,researcher
2024/06/23 18:53:13 UTC,researcher
2024/06/23 18:53:13 UTC,researcher
2024/06/23 18:53:13 UTC,researcher
2024/06/23 20:53:51 UTC,content designer
2024/06/23 20:53:51 UTC,content designer
2024/06/24 02:51:28 UTC,writer
2024/06/24 02:51:28 UTC,writer
2024/06/24 02:51:28 UTC,writer
2024/06/24 02:51:28 UTC,writer
2024/06/24 10:34:17 UTC,researcher
2024/06/24 10:47:37 UTC,researcher
2024/06/24 10:57:43 UTC,writer
2024/06/24 10:59:59 UTC,writer
2024/06/24 13:07:22 UTC,content designer
2024/06/24 19:30:20 UTC,researcher
2024/06/24 19:30:20 UTC,researcher
2024/06/24 19:30:20 UTC,researcher
2024/06/24 19:30:20 UTC,researcher
2024/06/24 21:05:36 UTC,content designer
2024/06/24 21:05:36 UTC,content designer
2024/06/25 02:50:20 UTC,writer
2024/06/25 02:50:20 UTC,writer
2024/06/25 02:50:20 UTC,writer
2024/06/25 02:50:20 UTC,writer
2024/06/25 13:07:46 UTC,researcher
2024/06/25 13:25:11 UTC,researcher
2024/06/25 13:32:56 UTC,writer
2024/06/25 13:34:25 UTC,writer
2024/06/25 15:41:57 UTC,content designer
2024/06/25 18:53:32 UTC,researcher
2024/06/25 18:53:32 UTC,researcher
2024/06/25 18:53:32 UTC,researcher
2024/06/25 18:53:32 UTC,researcher
2024/06/25 20:40:22 UTC,content designer
2024/06/25 20:40:22 UTC,content designer
2024/06/26 02:40:22 UTC,writer
2024/06/26 02:40:22 UTC,writer
2024/06/26 02:40:22 UTC,writer
2024/06/26 02:40:22 UTC,writer
2024/06/26 15:46:15 UTC,researcher
2024/06/26 16:00:42 UTC,researcher
2024/06/26 16:10:20 UTC,writer
2024/06/26 16:10:54 UTC,writer
2024/06/26 18:18:39 UTC,content designer
2024/06/26 18:41:42 UTC,researcher
2024/06/26 18:41:42 UTC,researcher
2024/06/26 18:41:42 UTC,researcher
2024/06/26 18:41:43 UTC,researcher
2024/06/26 20:56:35 UTC,content designer
2024/06/26 20:56:35 UTC,content designer
2024/06/27 02:41:42 UTC,writer
2024/06/27 02:41:42 UTC,writer
2024/06/27 02:41:42 UTC,writer
2024/06/27 02:41:42 UTC,writer
2024/06/27 18:26:06 UTC,researcher
2024/06/27 18:39:39 UTC,researcher
2024/06/27 18:48:50 UTC,writer
2024/06/27 18:50:31 UTC,writer
2024/06/27 19:04:14 UTC,researcher
2024/06/27 19:04:14 UTC,researcher
2024/06/27 19:04:14 UTC,researcher
2024/06/27 19:04:14 UTC,researcher
2024/06/27 20:56:48 UTC,content designer
2024/06/27 21:02:19 UTC,content designer
2024/06/27 21:02:19 UTC,content designer
2024/06/28 02:43:31 UTC,writer
2024/06/28 02:43:31 UTC,writer
2024/06/28 02:43:31 UTC,writer
2024/06/28 02:43:31 UTC,writer
2024/06/28 18:39:32 UTC,researcher
2024/06/28 18:39:32 UTC,researcher
2024/06/28 18:39:32 UTC,researcher
2024/06/28 18:39:32 UTC,researcher
2024/06/28 20:50:53 UTC,content designer
2024/06/28 20:50:53 UTC,content designer
2024/06/28 23:01:37 UTC,researcher
2024/06/28 23:15:19 UTC,researcher
2024/06/28 23:23:39 UTC,writer
2024/06/28 23:28:41 UTC,writer
2024/06/29 01:33:41 UTC,content designer
2024/06/29 02:46:31 UTC,writer
2024/06/29 02:46:31 UTC,writer
2024/06/29 02:46:31 UTC,writer
2024/06/29 02:46:31 UTC,writer
2024/06/29 18:40:50 UTC,researcher
2024/06/29 18:40:50 UTC,researcher
2024/06/29 18:40:50 UTC,researcher
2024/06/29 18:40:50 UTC,researcher
2024/06/29 20:50:55 UTC,content designer
2024/06/29 20:50:55 UTC,content designer
2024/06/30 01:44:14 UTC,researcher
2024/06/30 01:56:41 UTC,researcher
2024/06/30 02:05:24 UTC,writer
2024/06/30 02:10:07 UTC,writer
2024/06/30 02:39:08 UTC,writer
2024/06/30 02:39:08 UTC,writer
2024/06/30 02:39:08 UTC,writer
2024/06/30 02:39:08 UTC,writer
2024/06/30 04:14:28 UTC,content designer
2024/06/30 18:56:11 UTC,researcher
2024/06/30 18:56:11 UTC,researcher
2024/06/30 18:56:11 UTC,researcher
2024/06/30 18:56:11 UTC,researcher
2024/06/30 20:47:44 UTC,content designer
2024/06/30 20:47:44 UTC,content designer
2024/07/01 02:50:47 UTC,writer
2024/07/01 02:50:47 UTC,writer
2024/07/01 02:50:47 UTC,writer
2024/07/01 02:50:47 UTC,writer
2024/07/01 05:37:34 UTC,researcher
2024/07/01 05:53:09 UTC,researcher
2024/07/01 06:01:54 UTC,writer
2024/07/01 06:09:15 UTC,writer
2024/07/01 08:20:37 UTC,content designer
2024/07/01 18:56:56 UTC,researcher
2024/07/01 18:56:56 UTC,researcher
2024/07/01 18:56:56 UTC,researcher
2024/07/01 18:56:56 UTC,researcher
2024/07/01 20:46:40 UTC,content designer
2024/07/01 20:46:40 UTC,content designer
2024/07/02 02:42:22 UTC,writer
2024/07/02 02:42:22 UTC,writer
2024/07/02 02:42:22 UTC,writer
2024/07/02 02:42:23 UTC,writer
2024/07/02 11:17:15 UTC,researcher
2024/07/02 11:28:35 UTC,researcher
2024/07/02 11:36:33 UTC,writer
2024/07/02 11:43:10 UTC,writer
2024/07/02 13:48:15 UTC,content designer
2024/07/02 19:05:32 UTC,researcher
2024/07/02 19:05:32 UTC,researcher
2024/07/02 19:05:32 UTC,researcher
2024/07/02 19:05:32 UTC,researcher
2024/07/02 20:41:20 UTC,content designer
2024/07/02 20:41:20 UTC,content designer
2024/07/03 02:42:36 UTC,writer
2024/07/03 02:42:36 UTC,writer
2024/07/03 02:42:36 UTC,writer
2024/07/03 02:42:36 UTC,writer
2024/07/03 16:07:37 UTC,researcher
2024/07/03 16:20:57 UTC,researcher
2024/07/03 16:29:25 UTC,writer
2024/07/03 16:32:34 UTC,writer
2024/07/03 18:40:10 UTC,content designer
2024/07/03 18:40:19 UTC,researcher
2024/07/03 18:40:19 UTC,researcher
2024/07/03 18:40:19 UTC,researcher
2024/07/03 18:40:19 UTC,researcher
2024/07/03 20:44:14 UTC,content designer
2024/07/03 20:44:14 UTC,content designer
2024/07/04 02:43:15 UTC,writer
2024/07/04 02:43:15 UTC,writer
2024/07/04 02:43:15 UTC,writer
2024/07/04 02:43:15 UTC,writer
2024/07/04 18:41:36 UTC,researcher
2024/07/04 18:41:36 UTC,researcher
2024/07/04 18:41:36 UTC,researcher
2024/07/04 18:41:36 UTC,researcher
2024/07/04 19:08:50 UTC,researcher
2024/07/04 19:22:33 UTC,researcher
2024/07/04 19:31:36 UTC,writer
2024/07/04 19:32:55 UTC,writer
2024/07/04 20:41:39 UTC,content designer
2024/07/04 20:41:39 UTC,content designer
2024/07/04 21:41:24 UTC,content designer
2024/07/05 02:35:26 UTC,writer
2024/07/05 02:35:26 UTC,writer
2024/07/05 02:35:26 UTC,writer
2024/07/05 02:35:26 UTC,writer
2024/07/05 18:48:08 UTC,researcher
2024/07/05 18:48:08 UTC,researcher
2024/07/05 18:48:08 UTC,researcher
2024/07/05 18:48:08 UTC,researcher
2024/07/05 20:41:21 UTC,content designer
2024/07/05 20:41:21 UTC,content designer
2024/07/05 21:59:33 UTC,researcher
2024/07/05 22:14:25 UTC,researcher
2024/07/05 22:20:43 UTC,writer
2024/07/05 22:23:32 UTC,writer
2024/07/06 00:30:45 UTC,content designer
2024/07/06 02:53:35 UTC,writer
2024/07/06 02:53:35 UTC,writer
2024/07/06 02:53:35 UTC,writer
2024/07/06 02:53:35 UTC,writer
2024/07/06 19:14:46 UTC,researcher
2024/07/06 19:14:46 UTC,researcher
2024/07/06 19:14:46 UTC,researcher
2024/07/06 19:14:46 UTC,researcher
2024/07/06 20:45:39 UTC,content designer
2024/07/06 20:45:39 UTC,content designer
2024/07/07 00:50:14 UTC,researcher
2024/07/07 01:06:03 UTC,researcher
2024/07/07 01:11:39 UTC,writer
2024/07/07 01:13:32 UTC,writer
2024/07/07 02:48:36 UTC,writer
2024/07/07 02:48:36 UTC,writer
2024/07/07 02:48:36 UTC,writer
2024/07/07 02:48:36 UTC,writer
2024/07/07 03:22:26 UTC,content designer
2024/07/07 18:51:33 UTC,researcher
2024/07/07 18:51:33 UTC,researcher
2024/07/07 18:51:33 UTC,researcher
2024/07/07 18:51:33 UTC,researcher
2024/07/07 20:42:13 UTC,content designer
2024/07/07 20:42:13 UTC,content designer
2024/07/08 02:49:49 UTC,writer
2024/07/08 02:49:49 UTC,writer
2024/07/08 02:49:49 UTC,writer
2024/07/08 02:49:49 UTC,writer
2024/07/08 03:44:42 UTC,researcher
2024/07/08 03:58:03 UTC,researcher
2024/07/08 04:06:07 UTC,writer
2024/07/08 04:06:56 UTC,writer
2024/07/08 06:17:16 UTC,content designer
2024/07/08 18:50:36 UTC,researcher
2024/07/08 18:50:36 UTC,researcher
2024/07/08 18:50:36 UTC,researcher
2024/07/08 18:50:36 UTC,researcher
2024/07/08 21:03:19 UTC,content designer
2024/07/08 21:03:19 UTC,content designer
2024/07/09 02:56:09 UTC,writer
2024/07/09 02:56:09 UTC,writer
2024/07/09 02:56:09 UTC,writer
2024/07/09 02:56:09 UTC,writer
2024/07/09 06:39:58 UTC,researcher
2024/07/09 06:52:57 UTC,researcher
2024/07/09 07:01:32 UTC,writer
2024/07/09 07:02:07 UTC,writer
2024/07/09 09:13:49 UTC,content designer
2024/07/09 18:45:21 UTC,researcher
2024/07/09 18:45:21 UTC,researcher
2024/07/09 18:45:21 UTC,researcher
2024/07/09 18:45:21 UTC,researcher
2024/07/09 20:52:22 UTC,content designer
2024/07/09 20:52:22 UTC,content designer
2024/07/10 02:56:23 UTC,writer
2024/07/10 02:56:23 UTC,writer
2024/07/10 02:56:23 UTC,writer
2024/07/10 02:56:23 UTC,writer
2024/07/10 09:41:13 UTC,researcher
2024/07/10 09:55:29 UTC,researcher
2024/07/10 10:03:07 UTC,writer
2024/07/10 10:04:04 UTC,writer
2024/07/10 12:16:35 UTC,content designer
2024/07/10 19:08:24 UTC,researcher
2024/07/10 19:08:24 UTC,researcher
2024/07/10 19:08:24 UTC,researcher
2024/07/10 19:08:24 UTC,researcher
2024/07/10 20:47:56 UTC,content designer
2024/07/10 20:47:56 UTC,content designer
2024/07/11 02:53:39 UTC,writer
2024/07/11 02:53:39 UTC,writer
2024/07/11 02:53:39 UTC,writer
2024/07/11 02:53:39 UTC,writer
2024/07/11 12:42:52 UTC,researcher
2024/07/11 12:56:46 UTC,researcher
2024/07/11 13:04:17 UTC,writer
2024/07/11 13:06:22 UTC,writer
2024/07/11 15:15:44 UTC,content designer
2024/07/11 18:46:39 UTC,researcher
2024/07/11 18:46:39 UTC,researcher
2024/07/11 18:46:39 UTC,researcher
2024/07/11 18:46:39 UTC,researcher
2024/07/11 21:01:18 UTC,content designer
2024/07/11 21:01:18 UTC,content designer
2024/07/12 02:40:52 UTC,writer
2024/07/12 02:40:52 UTC,writer
2024/07/12 02:40:52 UTC,writer
2024/07/12 02:40:52 UTC,writer
2024/07/12 15:44:04 UTC,researcher
2024/07/12 16:00:03 UTC,researcher
2024/07/12 16:06:36 UTC,writer
2024/07/12 16:06:45 UTC,writer
2024/07/12 18:16:19 UTC,content designer
2024/07/12 19:11:26 UTC,researcher
2024/07/12 19:11:26 UTC,researcher
2024/07/12 19:11:26 UTC,researcher
2024/07/12 19:11:26 UTC,researcher
2024/07/12 20:47:20 UTC,content designer
2024/07/12 20:47:20 UTC,content designer
2024/07/13 02:45:42 UTC,writer
2024/07/13 02:45:42 UTC,writer
2024/07/13 02:45:42 UTC,writer
2024/07/13 02:45:42 UTC,writer
2024/07/13 18:47:34 UTC,researcher
2024/07/13 19:01:22 UTC,researcher
2024/07/13 19:05:18 UTC,researcher
2024/07/13 19:05:18 UTC,researcher
2024/07/13 19:05:18 UTC,researcher
2024/07/13 19:05:18 UTC,researcher
2024/07/13 19:10:36 UTC,writer
2024/07/13 19:10:37 UTC,writer
2024/07/13 20:44:38 UTC,content designer
2024/07/13 20:44:38 UTC,content designer
2024/07/13 21:19:12 UTC,content designer
2024/07/14 02:42:55 UTC,writer
2024/07/14 02:42:55 UTC,writer
2024/07/14 02:42:55 UTC,writer
2024/07/14 02:42:55 UTC,writer
2024/07/14 19:03:46 UTC,researcher
2024/07/14 19:03:46 UTC,researcher
2024/07/14 19:03:46 UTC,researcher
2024/07/14 19:03:46 UTC,researcher
2024/07/14 21:09:03 UTC,content designer
2024/07/14 21:09:03 UTC,content designer
2024/07/14 21:50:25 UTC,researcher
2024/07/14 22:05:53 UTC,researcher
2024/07/14 22:12:06 UTC,writer
2024/07/14 22:12:35 UTC,writer
2024/07/15 00:23:12 UTC,content designer
2024/07/15 02:58:57 UTC,writer
2024/07/15 02:58:57 UTC,writer
2024/07/15 02:58:57 UTC,writer
2024/07/15 02:58:57 UTC,writer
2024/07/15 18:59:19 UTC,researcher
2024/07/15 18:59:19 UTC,researcher
2024/07/15 18:59:19 UTC,researcher
2024/07/15 18:59:19 UTC,researcher
2024/07/15 21:03:34 UTC,content designer
2024/07/15 21:03:34 UTC,content designer
2024/07/16 00:55:17 UTC,researcher
2024/07/16 01:12:25 UTC,researcher
2024/07/16 01:16:33 UTC,writer
2024/07/16 01:18:34 UTC,writer
2024/07/16 02:59:04 UTC,writer
2024/07/16 02:59:05 UTC,writer
2024/07/16 02:59:05 UTC,writer
2024/07/16 02:59:05 UTC,writer
2024/07/16 03:28:55 UTC,content designer
2024/07/16 19:08:36 UTC,researcher
2024/07/16 19:08:36 UTC,researcher
2024/07/16 19:08:36 UTC,researcher
2024/07/16 19:08:36 UTC,researcher
2024/07/16 20:50:58 UTC,content designer
2024/07/16 20:50:58 UTC,content designer
2024/07/17 02:57:57 UTC,writer
2024/07/17 02:57:57 UTC,writer
2024/07/17 02:57:57 UTC,writer
2024/07/17 02:57:57 UTC,writer
2024/07/17 04:09:17 UTC,researcher
2024/07/17 04:27:16 UTC,researcher
2024/07/17 04:30:31 UTC,writer
2024/07/17 04:34:21 UTC,writer
2024/07/17 06:43:14 UTC,content designer
2024/07/17 18:47:06 UTC,researcher
2024/07/17 18:47:06 UTC,researcher
2024/07/17 18:47:06 UTC,researcher
2024/07/17 18:47:06 UTC,researcher
2024/07/17 21:00:29 UTC,content designer
2024/07/17 21:00:29 UTC,content designer
2024/07/18 02:40:10 UTC,writer
2024/07/18 02:40:10 UTC,writer
2024/07/18 02:40:11 UTC,writer
2024/07/18 02:40:11 UTC,writer
2024/07/18 08:48:41 UTC,researcher
2024/07/18 09:07:55 UTC,researcher
2024/07/18 09:10:19 UTC,writer
2024/07/18 09:16:05 UTC,writer
2024/07/18 11:22:16 UTC,content designer
2024/07/18 19:07:00 UTC,researcher
2024/07/18 19:07:00 UTC,researcher
2024/07/18 19:07:00 UTC,researcher
2024/07/18 19:07:00 UTC,researcher
2024/07/18 21:12:22 UTC,content designer
2024/07/18 21:12:22 UTC,content designer
2024/07/19 02:53:00 UTC,writer
2024/07/19 02:53:00 UTC,writer
2024/07/19 02:53:00 UTC,writer
2024/07/19 02:53:00 UTC,writer
2024/07/19 12:22:51 UTC,researcher
2024/07/19 12:44:36 UTC,writer
2024/07/19 12:45:12 UTC,researcher
2024/07/19 12:51:13 UTC,writer
2024/07/19 14:58:05 UTC,content designer
2024/07/19 22:01:06 UTC,researcher
2024/07/19 22:01:06 UTC,researcher
2024/07/19 22:01:06 UTC,researcher
2024/07/19 22:01:06 UTC,researcher
2024/07/19 23:19:54 UTC,content designer
2024/07/19 23:19:54 UTC,content designer
2024/07/20 02:46:44 UTC,writer
2024/07/20 02:46:44 UTC,writer
2024/07/20 02:46:44 UTC,writer
2024/07/20 02:46:44 UTC,writer
2024/07/20 15:35:27 UTC,researcher
2024/07/20 15:55:33 UTC,writer
2024/07/20 15:56:48 UTC,researcher
2024/07/20 16:02:41 UTC,writer
2024/07/20 18:09:21 UTC,content designer
2024/07/20 19:06:08 UTC,researcher
2024/07/20 19:06:08 UTC,researcher
2024/07/20 19:06:08 UTC,researcher
2024/07/20 19:06:08 UTC,researcher
2024/07/20 20:43:01 UTC,content designer
2024/07/20 20:43:01 UTC,content designer
2024/07/21 02:57:37 UTC,writer
2024/07/21 02:57:37 UTC,writer
2024/07/21 02:57:37 UTC,writer
2024/07/21 02:57:37 UTC,writer
2024/07/21 18:40:18 UTC,researcher
2024/07/21 18:40:18 UTC,researcher
2024/07/21 18:40:18 UTC,researcher
2024/07/21 18:40:18 UTC,researcher
2024/07/21 18:46:47 UTC,researcher
2024/07/21 19:07:36 UTC,writer
2024/07/21 19:08:13 UTC,researcher
2024/07/21 19:15:26 UTC,writer
2024/07/21 20:42:47 UTC,content designer
2024/07/21 20:42:47 UTC,content designer
2024/07/21 21:21:34 UTC,content designer
2024/07/22 03:11:35 UTC,writer
2024/07/22 03:11:35 UTC,writer
2024/07/22 03:11:35 UTC,writer
2024/07/22 03:11:35 UTC,writer
2024/07/22 18:51:57 UTC,researcher
2024/07/22 18:51:57 UTC,researcher
2024/07/22 18:51:57 UTC,researcher
2024/07/22 18:51:57 UTC,researcher
2024/07/22 20:53:10 UTC,content designer
2024/07/22 20:53:10 UTC,content designer
2024/07/22 22:00:49 UTC,researcher
2024/07/22 22:20:14 UTC,writer
2024/07/22 22:24:14 UTC,researcher
2024/07/22 22:29:21 UTC,writer
2024/07/23 00:37:15 UTC,content designer
2024/07/23 02:48:06 UTC,writer
2024/07/23 02:48:06 UTC,writer
2024/07/23 02:48:06 UTC,writer
2024/07/23 02:48:06 UTC,writer
2024/07/23 19:23:05 UTC,researcher
2024/07/23 19:23:05 UTC,researcher
2024/07/23 19:23:05 UTC,researcher
2024/07/23 19:23:05 UTC,researcher
2024/07/23 20:46:18 UTC,content designer
2024/07/23 20:46:18 UTC,content designer
2024/07/24 01:17:39 UTC,researcher
2024/07/24 01:38:30 UTC,writer
2024/07/24 01:43:02 UTC,researcher
2024/07/24 01:47:24 UTC,writer
2024/07/24 03:05:28 UTC,writer
2024/07/24 03:05:28 UTC,writer
2024/07/24 03:05:28 UTC,writer
2024/07/24 03:05:28 UTC,writer
2024/07/24 03:53:23 UTC,content designer
2024/07/24 19:17:52 UTC,researcher
2024/07/24 19:17:52 UTC,researcher
2024/07/24 19:17:52 UTC,researcher
2024/07/24 19:17:52 UTC,researcher
2024/07/24 20:39:25 UTC,content designer
2024/07/24 20:39:25 UTC,content designer
2024/07/25 04:35:19 UTC,researcher
2024/07/25 04:59:11 UTC,writer
2024/07/25 05:01:55 UTC,researcher
2024/07/25 05:06:32 UTC,writer
2024/07/25 06:31:25 UTC,writer
2024/07/25 06:31:25 UTC,writer
2024/07/25 06:31:25 UTC,writer
2024/07/25 06:31:25 UTC,writer
2024/07/25 07:10:34 UTC,content designer
2024/07/25 20:21:38 UTC,researcher
2024/07/25 20:21:38 UTC,researcher
2024/07/25 20:21:38 UTC,researcher
2024/07/25 20:21:38 UTC,researcher
2024/07/25 20:55:01 UTC,content designer
2024/07/25 20:55:01 UTC,content designer
2024/07/26 02:41:17 UTC,writer
2024/07/26 02:41:17 UTC,writer
2024/07/26 02:41:17 UTC,writer
2024/07/26 02:41:17 UTC,writer
2024/07/26 07:57:28 UTC,researcher
2024/07/26 08:20:29 UTC,writer
2024/07/26 08:20:56 UTC,researcher
2024/07/26 08:27:35 UTC,writer
2024/07/26 10:30:55 UTC,content designer
2024/07/26 18:56:13 UTC,researcher
2024/07/26 18:56:13 UTC,researcher
2024/07/26 18:56:13 UTC,researcher
2024/07/26 18:56:13 UTC,researcher
2024/07/26 20:55:53 UTC,content designer
2024/07/26 20:55:53 UTC,content designer
2024/07/27 02:53:34 UTC,writer
2024/07/27 02:53:34 UTC,writer
2024/07/27 02:53:34 UTC,writer
2024/07/27 02:53:34 UTC,writer
2024/07/27 11:18:00 UTC,researcher
2024/07/27 11:40:40 UTC,researcher
2024/07/27 11:40:44 UTC,writer
2024/07/27 11:47:04 UTC,writer
2024/07/27 13:51:53 UTC,content designer
2024/07/27 18:43:12 UTC,researcher
2024/07/27 18:43:12 UTC,researcher
2024/07/27 18:43:12 UTC,researcher
2024/07/27 18:43:12 UTC,researcher
2024/07/27 21:01:27 UTC,content designer
2024/07/27 21:01:27 UTC,content designer
2024/07/28 02:36:29 UTC,writer
2024/07/28 02:36:29 UTC,writer
2024/07/28 02:36:29 UTC,writer
2024/07/28 02:36:29 UTC,writer
2024/07/28 14:37:15 UTC,researcher
2024/07/28 15:00:33 UTC,researcher
2024/07/28 15:01:05 UTC,writer
2024/07/28 15:10:23 UTC,writer
2024/07/28 17:12:19 UTC,content designer
2024/07/28 18:38:11 UTC,researcher
2024/07/28 18:38:11 UTC,researcher
2024/07/28 18:38:11 UTC,researcher
2024/07/28 18:38:11 UTC,researcher
2024/07/28 20:42:01 UTC,content designer
2024/07/28 20:42:01 UTC,content designer
2024/07/29 02:38:52 UTC,writer
2024/07/29 02:38:52 UTC,writer
2024/07/29 02:38:52 UTC,writer
2024/07/29 02:38:52 UTC,writer
2024/07/29 17:59:49 UTC,researcher
2024/07/29 18:23:17 UTC,writer
2024/07/29 18:23:23 UTC,researcher
2024/07/29 18:32:53 UTC,writer
2024/07/29 19:05:44 UTC,researcher
2024/07/29 19:05:44 UTC,researcher
2024/07/29 19:05:44 UTC,researcher
2024/07/29 19:05:44 UTC,researcher
2024/07/29 20:35:41 UTC,content designer
2024/07/29 20:41:36 UTC,content designer
2024/07/29 20:41:36 UTC,content designer
2024/07/30 02:50:30 UTC,writer
2024/07/30 02:50:30 UTC,writer
2024/07/30 02:50:30 UTC,writer
2024/07/30 02:50:30 UTC,writer
2024/07/30 19:01:25 UTC,researcher
2024/07/30 19:01:25 UTC,researcher
2024/07/30 19:01:25 UTC,researcher
2024/07/30 19:01:25 UTC,researcher
2024/07/30 20:55:29 UTC,content designer
2024/07/30 20:55:29 UTC,content designer
2024/07/31 02:47:06 UTC,writer
2024/07/31 02:47:06 UTC,writer
2024/07/31 02:47:06 UTC,writer
2024/07/31 02:47:06 UTC,writer
2024/07/31 19:19:37 UTC,researcher
2024/07/31 19:19:37 UTC,researcher
2024/07/31 19:19:37 UTC,researcher
2024/07/31 19:19:37 UTC,researcher
2024/07/31 22:44:37 UTC,content designer
2024/07/31 22:44:37 UTC,content designer
2024/08/01 02:52:00 UTC,writer
2024/08/01 02:52:00 UTC,writer
2024/08/01 02:52:00 UTC,writer
2024/08/01 02:52:00 UTC,writer
2024/08/01 18:59:29 UTC,researcher
2024/08/01 18:59:29 UTC,researcher
2024/08/01 18:59:29 UTC,researcher
2024/08/01 18:59:29 UTC,researcher
2024/08/01 21:08:12 UTC,content designer
2024/08/01 21:08:12 UTC,content designer
2024/08/02 03:03:15 UTC,writer
2024/08/02 03:03:15 UTC,writer
2024/08/02 03:03:15 UTC,writer
2024/08/02 03:03:15 UTC,writer
2024/08/02 18:41:22 UTC,researcher
2024/08/02 18:41:22 UTC,researcher
2024/08/02 18:41:22 UTC,researcher
2024/08/02 18:41:22 UTC,researcher
2024/08/02 20:51:58 UTC,content designer
2024/08/02 20:51:58 UTC,content designer
2024/08/02 23:05:12 UTC,chief content officer
2024/08/02 23:05:13 UTC,chief content officer
2024/08/02 23:05:13 UTC,chief content officer
2024/08/02 23:05:14 UTC,chief content officer
2024/08/03 02:54:10 UTC,writer
2024/08/03 02:54:10 UTC,writer
2024/08/03 02:54:10 UTC,writer
2024/08/03 02:54:10 UTC,writer
2024/08/03 19:07:36 UTC,researcher
2024/08/03 19:07:36 UTC,researcher
2024/08/03 19:07:36 UTC,researcher
2024/08/03 19:07:36 UTC,researcher
2024/08/03 20:47:47 UTC,content designer
2024/08/03 20:47:47 UTC,content designer
2024/08/04 02:57:49 UTC,writer
2024/08/04 02:57:49 UTC,writer
2024/08/04 02:57:49 UTC,writer
2024/08/04 02:57:49 UTC,writer
2024/08/04 18:58:34 UTC,researcher
2024/08/04 18:58:34 UTC,researcher
2024/08/04 18:58:34 UTC,researcher
2024/08/04 18:58:34 UTC,researcher
2024/08/04 20:52:58 UTC,content designer
2024/08/04 20:52:58 UTC,content designer
2024/08/05 02:40:56 UTC,writer
2024/08/05 02:40:56 UTC,writer
2024/08/05 02:40:56 UTC,writer
2024/08/05 02:40:56 UTC,writer
2024/08/05 19:24:29 UTC,researcher
2024/08/05 19:24:29 UTC,researcher
2024/08/05 19:24:29 UTC,researcher
2024/08/05 19:24:29 UTC,researcher
2024/08/05 20:52:29 UTC,content designer
2024/08/05 20:52:30 UTC,content designer
2024/08/06 02:45:57 UTC,writer
2024/08/06 02:45:57 UTC,writer
2024/08/06 02:45:57 UTC,writer
2024/08/06 02:45:57 UTC,writer
2024/08/06 18:51:49 UTC,researcher
2024/08/06 18:51:49 UTC,researcher
2024/08/06 18:51:49 UTC,researcher
2024/08/06 18:51:49 UTC,researcher
2024/08/06 20:52:43 UTC,content designer
2024/08/06 20:52:43 UTC,content designer
2024/08/06 23:23:05 UTC,content designer
2024/08/06 23:23:06 UTC,chief content officer
2024/08/06 23:23:07 UTC,content designer
2024/08/06 23:23:07 UTC,content designer
2024/08/06 23:23:08 UTC,content designer
2024/08/07 02:41:15 UTC,writer
2024/08/07 02:41:15 UTC,writer
2024/08/07 02:41:15 UTC,writer
2024/08/07 02:41:15 UTC,writer
2024/08/07 19:00:12 UTC,researcher
2024/08/07 19:00:12 UTC,researcher
2024/08/07 19:00:12 UTC,researcher
2024/08/07 19:00:12 UTC,researcher
2024/08/07 20:57:58 UTC,content designer
2024/08/07 20:57:58 UTC,content designer
2024/08/08 02:51:44 UTC,writer
2024/08/08 02:51:44 UTC,writer
2024/08/08 02:51:44 UTC,writer
2024/08/08 02:51:44 UTC,writer
2024/08/08 18:44:01 UTC,researcher
2024/08/08 18:44:01 UTC,researcher
2024/08/08 18:44:01 UTC,researcher
2024/08/08 18:44:02 UTC,researcher
2024/08/08 20:48:37 UTC,content designer
2024/08/08 20:48:37 UTC,content designer
2024/08/09 02:21:14 UTC,researcher
2024/08/09 02:41:16 UTC,writer
2024/08/09 02:42:42 UTC,researcher
2024/08/09 02:51:38 UTC,writer
2024/08/09 02:57:02 UTC,writer
2024/08/09 02:57:02 UTC,writer
2024/08/09 02:57:02 UTC,writer
2024/08/09 02:57:02 UTC,writer
2024/08/09 04:56:29 UTC,content designer
2024/08/09 19:20:10 UTC,researcher
2024/08/09 19:20:10 UTC,researcher
2024/08/09 19:20:10 UTC,researcher
2024/08/09 19:20:10 UTC,researcher
2024/08/09 20:47:58 UTC,content designer
2024/08/09 20:47:58 UTC,content designer
2024/08/10 02:57:43 UTC,writer
2024/08/10 02:57:43 UTC,writer
2024/08/10 02:57:43 UTC,writer
2024/08/10 02:57:43 UTC,writer
2024/08/10 06:09:46 UTC,researcher
2024/08/10 06:30:45 UTC,writer
2024/08/10 06:33:32 UTC,researcher
2024/08/10 06:41:29 UTC,writer
2024/08/10 08:46:19 UTC,content designer
2024/08/10 18:54:33 UTC,researcher
2024/08/10 18:54:33 UTC,researcher
2024/08/10 18:54:33 UTC,researcher
2024/08/10 18:54:33 UTC,researcher
2024/08/10 20:45:23 UTC,content designer
2024/08/10 20:45:23 UTC,content designer
2024/08/11 02:47:21 UTC,writer
2024/08/11 02:47:21 UTC,writer
2024/08/11 02:47:21 UTC,writer
2024/08/11 02:47:21 UTC,writer
2024/08/11 09:58:03 UTC,researcher
2024/08/11 10:22:34 UTC,writer
2024/08/11 10:23:18 UTC,researcher
2024/08/11 10:33:20 UTC,writer
2024/08/11 12:36:57 UTC,content designer
2024/08/11 18:46:08 UTC,researcher
2024/08/11 18:46:08 UTC,researcher
2024/08/11 18:46:08 UTC,researcher
2024/08/11 18:46:08 UTC,researcher
2024/08/11 21:07:11 UTC,content designer
2024/08/11 21:07:11 UTC,content designer
2024/08/12 02:59:06 UTC,writer
2024/08/12 02:59:06 UTC,writer
2024/08/12 02:59:06 UTC,writer
2024/08/12 02:59:06 UTC,writer
2024/08/12 13:38:18 UTC,researcher
2024/08/12 14:02:31 UTC,writer
2024/08/12 14:04:30 UTC,researcher
2024/08/12 14:13:53 UTC,writer
2024/08/12 16:20:18 UTC,content designer
2024/08/12 18:45:05 UTC,researcher
2024/08/12 18:45:05 UTC,researcher
2024/08/12 18:45:05 UTC,researcher
2024/08/12 18:45:05 UTC,researcher
2024/08/12 20:44:18 UTC,content designer
2024/08/12 20:44:18 UTC,content designer
2024/08/13 02:50:20 UTC,writer
2024/08/13 02:50:20 UTC,writer
2024/08/13 02:50:20 UTC,writer
2024/08/13 02:50:20 UTC,writer
2024/08/13 17:21:49 UTC,researcher
2024/08/13 17:45:57 UTC,writer
2024/08/13 17:46:30 UTC,researcher
2024/08/13 17:56:49 UTC,writer
2024/08/13 19:12:33 UTC,researcher
2024/08/13 19:12:33 UTC,researcher
2024/08/13 19:12:33 UTC,researcher
2024/08/13 19:12:33 UTC,researcher
2024/08/13 20:04:28 UTC,content designer
2024/08/13 20:45:01 UTC,content designer
2024/08/13 20:45:01 UTC,content designer
2024/08/14 02:56:44 UTC,writer
2024/08/14 02:56:44 UTC,writer
2024/08/14 02:56:44 UTC,writer
2024/08/14 02:56:44 UTC,writer
2024/08/14 20:41:51 UTC,content designer
2024/08/14 20:41:51 UTC,content designer
2024/08/14 20:52:40 UTC,researcher
2024/08/14 20:52:40 UTC,researcher
2024/08/14 20:52:40 UTC,researcher
2024/08/14 20:52:41 UTC,researcher
2024/08/14 21:07:04 UTC,researcher
2024/08/14 21:31:38 UTC,researcher
2024/08/14 21:31:40 UTC,writer
2024/08/14 21:41:02 UTC,writer
2024/08/14 21:46:52 UTC,elisabeth (lisa) prescott
2024/08/14 21:46:52 UTC,liam o'toole
2024/08/14 21:46:52 UTC,lisa virtue
2024/08/14 21:46:52 UTC,luke brodie, mba
2024/08/14 23:50:18 UTC,content designer
2024/08/15 02:43:24 UTC,writer
2024/08/15 02:43:24 UTC,writer
2024/08/15 02:43:24 UTC,writer
2024/08/15 02:43:24 UTC,writer
2024/08/15 20:13:16 UTC,researcher
2024/08/15 20:13:16 UTC,researcher
2024/08/15 20:13:16 UTC,researcher
2024/08/15 20:13:16 UTC,researcher
2024/08/15 20:54:41 UTC,content designer
2024/08/15 20:54:41 UTC,content designer
2024/08/16 00:53:31 UTC,researcher
2024/08/16 01:18:58 UTC,researcher
2024/08/16 01:19:06 UTC,writer
2024/08/16 01:28:49 UTC,writer
2024/08/16 02:59:15 UTC,writer
2024/08/16 02:59:15 UTC,writer
2024/08/16 02:59:15 UTC,writer
2024/08/16 02:59:15 UTC,writer
2024/08/16 03:36:37 UTC,content designer
2024/08/16 18:42:00 UTC,researcher
2024/08/16 18:42:00 UTC,researcher
2024/08/16 18:42:00 UTC,researcher
2024/08/16 18:42:00 UTC,researcher
2024/08/16 21:08:28 UTC,content designer
2024/08/16 21:08:28 UTC,content designer
2024/08/17 02:43:24 UTC,writer
2024/08/17 02:43:24 UTC,writer
2024/08/17 02:43:24 UTC,writer
2024/08/17 02:43:24 UTC,writer
2024/08/17 04:40:44 UTC,researcher
2024/08/17 05:08:05 UTC,researcher
2024/08/17 05:08:10 UTC,writer
2024/08/17 05:16:41 UTC,writer
2024/08/17 07:26:21 UTC,content designer
2024/08/17 18:57:29 UTC,researcher
2024/08/17 18:57:29 UTC,researcher
2024/08/17 18:57:29 UTC,researcher
2024/08/17 18:57:29 UTC,researcher
2024/08/17 20:48:00 UTC,content designer
2024/08/17 20:48:00 UTC,content designer
2024/08/18 02:46:23 UTC,writer
2024/08/18 02:46:23 UTC,writer
2024/08/18 02:46:23 UTC,writer
2024/08/18 02:46:23 UTC,writer
2024/08/18 08:28:02 UTC,researcher
2024/08/18 08:54:22 UTC,researcher
2024/08/18 08:54:39 UTC,writer
2024/08/18 09:03:17 UTC,writer
2024/08/18 11:12:28 UTC,content designer
2024/08/18 18:54:35 UTC,researcher
2024/08/18 18:54:35 UTC,researcher
2024/08/18 18:54:35 UTC,researcher
2024/08/18 18:54:36 UTC,researcher
2024/08/18 20:44:42 UTC,content designer
2024/08/18 20:44:42 UTC,content designer
2024/08/19 02:58:53 UTC,writer
2024/08/19 02:58:53 UTC,writer
2024/08/19 02:58:53 UTC,writer
2024/08/19 02:58:53 UTC,writer
2024/08/19 12:12:31 UTC,researcher
2024/08/19 12:36:40 UTC,writer
2024/08/19 12:37:54 UTC,researcher
2024/08/19 12:48:49 UTC,writer
2024/08/19 14:55:10 UTC,content designer
2024/08/19 19:42:19 UTC,researcher
2024/08/19 19:42:19 UTC,researcher
2024/08/19 19:42:19 UTC,researcher
2024/08/19 19:42:19 UTC,researcher
2024/08/19 21:15:29 UTC,content designer
2024/08/19 21:15:29 UTC,content designer
2024/08/20 02:46:21 UTC,writer
2024/08/20 02:46:21 UTC,writer
2024/08/20 02:46:21 UTC,writer
2024/08/20 02:46:21 UTC,writer
2024/08/20 15:59:12 UTC,researcher
2024/08/20 16:21:11 UTC,writer
2024/08/20 16:25:29 UTC,researcher
2024/08/20 16:35:40 UTC,writer
2024/08/20 18:40:58 UTC,content designer
2024/08/20 18:48:07 UTC,researcher
2024/08/20 18:48:07 UTC,researcher
2024/08/20 18:48:07 UTC,researcher
2024/08/20 18:48:07 UTC,researcher
2024/08/20 21:06:06 UTC,content designer
2024/08/20 21:06:06 UTC,content designer
2024/08/21 03:04:53 UTC,writer
2024/08/21 03:04:53 UTC,writer
2024/08/21 03:04:53 UTC,writer
2024/08/21 03:04:53 UTC,writer
2024/08/21 17:19:57 UTC,allison grant
2024/08/21 17:19:57 UTC,anita isalska
2024/08/21 17:19:57 UTC,ann melville
2024/08/21 17:19:57 UTC,anne george
2024/08/21 17:19:57 UTC,annette myrick
2024/08/21 17:20:12 UTC,annette garsteck
2024/08/21 19:49:20 UTC,researcher
2024/08/21 19:57:27 UTC,researcher
2024/08/21 19:57:27 UTC,researcher
2024/08/21 19:57:27 UTC,researcher
2024/08/21 19:57:27 UTC,researcher
2024/08/21 20:08:07 UTC,writer
2024/08/21 20:14:59 UTC,researcher
2024/08/21 20:25:15 UTC,writer
2024/08/21 21:00:14 UTC,content designer
2024/08/21 21:00:16 UTC,content designer
2024/08/21 22:30:32 UTC,content designer
2024/08/22 03:00:19 UTC,writer
2024/08/22 03:00:19 UTC,writer
2024/08/22 03:00:19 UTC,writer
2024/08/22 03:00:19 UTC,writer
2024/08/22 04:15:47 UTC,writer
2024/08/22 04:15:47 UTC,writer
2024/08/22 04:15:47 UTC,writer
2024/08/22 04:15:47 UTC,writer
2024/08/22 16:55:33 UTC,richard kumar
2024/08/22 16:55:33 UTC,theresa (resa) kipp- o'toole
2024/08/22 16:55:34 UTC,design research
2024/08/22 16:55:34 UTC,resume writing tips
2024/08/22 16:55:35 UTC,resume writing
2024/08/22 16:55:35 UTC,resume.io
2024/08/22 19:22:36 UTC,researcher
2024/08/22 19:22:36 UTC,researcher
2024/08/22 19:22:36 UTC,researcher
2024/08/22 19:22:36 UTC,researcher
2024/08/22 20:42:25 UTC,content designer
2024/08/22 20:42:25 UTC,content designer
2024/08/22 22:03:17 UTC,chief content officer
2024/08/22 22:03:17 UTC,chief content officer
2024/08/22 22:03:17 UTC,content designer
2024/08/22 22:03:17 UTC,content designer
2024/08/22 22:03:17 UTC,content designer
2024/08/22 22:03:18 UTC,chief content officer
2024/08/22 22:03:18 UTC,chief content officer
2024/08/22 22:03:18 UTC,chief content officer
2024/08/22 22:03:18 UTC,content designer
2024/08/22 22:03:18 UTC,content designer
2024/08/22 22:03:18 UTC,content designer
2024/08/22 22:03:18 UTC,content designer
2024/08/22 22:03:25 UTC,chief content officer
2024/08/22 22:03:25 UTC,content designer
2024/08/22 23:50:30 UTC,researcher
2024/08/23 00:06:16 UTC,writer
2024/08/23 00:14:50 UTC,researcher
2024/08/23 00:25:29 UTC,writer
2024/08/23 02:29:57 UTC,content designer
2024/08/23 02:57:34 UTC,writer
2024/08/23 02:57:34 UTC,writer
2024/08/23 02:57:34 UTC,writer
2024/08/23 02:57:34 UTC,writer
2024/08/23 18:49:36 UTC,researcher
2024/08/23 18:49:36 UTC,researcher
2024/08/23 18:49:36 UTC,researcher
2024/08/23 18:49:36 UTC,researcher
2024/08/23 20:43:18 UTC,content designer
2024/08/23 20:43:18 UTC,content designer
2024/08/24 02:44:09 UTC,writer
2024/08/24 02:44:10 UTC,writer
2024/08/24 02:44:10 UTC,writer
2024/08/24 02:44:10 UTC,writer
2024/08/24 03:41:35 UTC,researcher
2024/08/24 03:57:15 UTC,writer
2024/08/24 04:06:15 UTC,researcher
2024/08/24 04:17:28 UTC,writer
2024/08/24 06:20:16 UTC,content designer
2024/08/24 18:53:54 UTC,researcher
2024/08/24 18:53:54 UTC,researcher
2024/08/24 18:53:54 UTC,researcher
2024/08/24 18:53:54 UTC,researcher
2024/08/24 20:59:33 UTC,content designer
2024/08/24 20:59:33 UTC,content designer
2024/08/25 02:59:02 UTC,writer
2024/08/25 02:59:02 UTC,writer
2024/08/25 02:59:02 UTC,writer
2024/08/25 02:59:02 UTC,writer
2024/08/25 07:33:15 UTC,researcher
2024/08/25 07:47:33 UTC,writer
2024/08/25 07:58:21 UTC,researcher
2024/08/25 08:09:15 UTC,writer
2024/08/25 10:12:19 UTC,content designer
2024/08/25 18:42:22 UTC,researcher
2024/08/25 18:42:22 UTC,researcher
2024/08/25 18:42:22 UTC,researcher
2024/08/25 18:42:22 UTC,researcher
2024/08/25 20:38:16 UTC,content designer
2024/08/25 20:38:16 UTC,content designer
2024/08/26 02:51:16 UTC,writer
2024/08/26 02:51:16 UTC,writer
2024/08/26 02:51:16 UTC,writer
2024/08/26 02:51:16 UTC,writer
2024/08/26 11:26:18 UTC,researcher
2024/08/26 11:41:03 UTC,writer
2024/08/26 11:51:15 UTC,researcher
2024/08/26 12:02:51 UTC,writer
2024/08/26 14:05:00 UTC,content designer
2024/08/26 18:48:13 UTC,researcher
2024/08/26 18:48:13 UTC,researcher
2024/08/26 18:48:13 UTC,researcher
2024/08/26 18:48:13 UTC,researcher
2024/08/26 20:49:29 UTC,content designer
2024/08/26 20:49:29 UTC,content designer
2024/08/27 03:04:34 UTC,writer
2024/08/27 03:04:34 UTC,writer
2024/08/27 03:04:34 UTC,writer
2024/08/27 03:04:34 UTC,writer
2024/08/27 15:22:48 UTC,researcher
2024/08/27 15:36:20 UTC,writer
2024/08/27 15:46:18 UTC,researcher
2024/08/27 15:57:16 UTC,writer
2024/08/27 18:00:23 UTC,content designer
2024/08/27 19:07:33 UTC,researcher
2024/08/27 19:07:34 UTC,researcher
2024/08/27 19:07:34 UTC,researcher
2024/08/27 19:07:34 UTC,researcher
2024/08/27 21:06:41 UTC,content designer
2024/08/27 21:06:41 UTC,content designer
2024/08/28 03:12:19 UTC,writer
2024/08/28 03:12:19 UTC,writer
2024/08/28 03:12:19 UTC,writer
2024/08/28 03:12:19 UTC,writer
2024/08/28 19:20:14 UTC,researcher
2024/08/28 19:33:48 UTC,writer
2024/08/28 19:43:33 UTC,researcher
2024/08/28 19:54:57 UTC,writer
2024/08/28 20:50:14 UTC,truepath.ai
2024/08/28 20:50:15 UTC,tom bewick
2024/08/28 20:50:16 UTC,dr tomas chamorro-premuzic
2024/08/28 20:50:16 UTC,kate towsey
2024/08/28 21:57:08 UTC,content designer
2024/08/28 22:54:43 UTC,researcher
2024/08/28 22:54:43 UTC,researcher
2024/08/28 22:54:43 UTC,researcher
2024/08/28 22:54:43 UTC,researcher
2024/08/29 00:50:01 UTC,content designer
2024/08/29 00:50:01 UTC,content designer
2024/08/29 05:17:32 UTC,writer
2024/08/29 05:17:32 UTC,writer
2024/08/29 05:17:32 UTC,writer
2024/08/29 05:17:32 UTC,writer
2024/08/29 18:43:43 UTC,researcher
2024/08/29 18:43:43 UTC,researcher
2024/08/29 18:43:43 UTC,researcher
2024/08/29 18:43:43 UTC,researcher
2024/08/29 20:42:19 UTC,content designer
2024/08/29 20:42:19 UTC,content designer
2024/08/29 23:19:42 UTC,researcher
2024/08/29 23:33:43 UTC,writer
2024/08/29 23:42:22 UTC,researcher
2024/08/29 23:53:32 UTC,writer
2024/08/30 01:57:06 UTC,content designer
2024/08/30 02:54:56 UTC,writer
2024/08/30 02:54:56 UTC,writer
2024/08/30 02:54:56 UTC,writer
2024/08/30 02:54:56 UTC,writer
2024/08/30 17:08:54 UTC,chief content officer
2024/08/30 17:08:54 UTC,chief content officer
2024/08/30 17:08:54 UTC,chief content officer
2024/08/30 17:08:54 UTC,chief content officer
2024/08/30 17:08:54 UTC,chief content officer
2024/08/30 17:08:54 UTC,content designer
2024/08/30 17:08:54 UTC,content designer
2024/08/30 17:08:54 UTC,content designer
2024/08/30 17:08:54 UTC,content designer
2024/08/30 17:08:54 UTC,content designer
2024/08/30 17:08:54 UTC,writer
2024/08/30 17:08:55 UTC,chief content officer
2024/08/30 17:08:55 UTC,chief content officer
2024/08/30 17:08:55 UTC,content designer
2024/08/30 17:08:55 UTC,content designer
2024/08/30 17:09:06 UTC,chief content officer
2024/08/30 17:09:06 UTC,chief content officer
2024/08/30 17:09:06 UTC,content designer
2024/08/30 17:09:06 UTC,content designer
2024/08/30 17:09:06 UTC,content designer
2024/08/30 17:09:07 UTC,chief content officer
2024/08/30 17:09:07 UTC,chief content officer
2024/08/30 17:09:07 UTC,chief content officer
2024/08/30 17:09:07 UTC,chief content officer
2024/08/30 17:09:07 UTC,content designer
2024/08/30 17:09:07 UTC,content designer
2024/08/30 17:09:07 UTC,content designer
2024/08/30 17:09:16 UTC,chief content officer
2024/08/30 17:09:16 UTC,content designer
2024/08/30 17:24:49 UTC,chief content officer
2024/08/30 17:24:49 UTC,chief content officer
2024/08/30 17:24:49 UTC,chief content officer
2024/08/30 17:24:49 UTC,chief content officer
2024/08/30 17:24:49 UTC,chief content officer
2024/08/30 17:24:49 UTC,chief content officer
2024/08/30 17:24:49 UTC,content designer
2024/08/30 17:24:49 UTC,content designer
2024/08/30 17:24:49 UTC,content designer
2024/08/30 17:24:49 UTC,content designer
2024/08/30 17:24:49 UTC,content designer
2024/08/30 17:24:49 UTC,content designer
2024/08/30 17:24:55 UTC,chief content officer
2024/08/30 17:24:55 UTC,content designer
2024/08/30 18:35:18 UTC,chief content officer
2024/08/30 18:35:18 UTC,chief content officer
2024/08/30 18:35:18 UTC,chief content officer
2024/08/30 18:35:18 UTC,chief content officer
2024/08/30 18:35:18 UTC,content designer
2024/08/30 18:35:18 UTC,content designer
2024/08/30 18:35:18 UTC,content designer
2024/08/30 18:35:18 UTC,content designer
2024/08/30 18:35:18 UTC,content designer
2024/08/30 18:35:18 UTC,writer
2024/08/30 18:35:19 UTC,chief content officer
2024/08/30 18:35:19 UTC,chief content officer
2024/08/30 18:35:19 UTC,chief content officer
2024/08/30 18:35:19 UTC,content designer
2024/08/30 18:35:19 UTC,content designer
2024/08/30 18:35:20 UTC,chief content officer
2024/08/30 18:35:20 UTC,content designer
2024/08/30 18:56:36 UTC,researcher
2024/08/30 18:56:36 UTC,researcher
2024/08/30 18:56:36 UTC,researcher
2024/08/30 18:56:36 UTC,researcher
2024/08/30 20:39:01 UTC,content designer
2024/08/30 20:39:01 UTC,content designer
2024/08/31 02:45:39 UTC,writer
2024/08/31 02:45:39 UTC,writer
2024/08/31 02:45:39 UTC,writer
2024/08/31 02:45:39 UTC,writer
2024/08/31 03:20:52 UTC,researcher
2024/08/31 03:34:36 UTC,writer
2024/08/31 03:41:46 UTC,researcher
2024/08/31 03:52:43 UTC,writer
2024/08/31 05:57:21 UTC,content designer
2024/08/31 18:57:18 UTC,researcher
2024/08/31 18:57:18 UTC,researcher
2024/08/31 18:57:18 UTC,researcher
2024/08/31 18:57:18 UTC,researcher
2024/08/31 20:58:27 UTC,content designer
2024/08/31 20:58:27 UTC,content designer
2024/09/01 03:16:36 UTC,writer
2024/09/01 03:16:36 UTC,writer
2024/09/01 03:16:36 UTC,writer
2024/09/01 03:16:36 UTC,writer
2024/09/01 07:22:56 UTC,researcher
2024/09/01 07:37:33 UTC,writer
2024/09/01 07:43:24 UTC,researcher
2024/09/01 07:56:23 UTC,writer
2024/09/01 09:57:49 UTC,content designer
2024/09/01 18:57:33 UTC,researcher
2024/09/01 18:57:33 UTC,researcher
2024/09/01 18:57:33 UTC,researcher
2024/09/01 18:57:34 UTC,researcher
2024/09/01 20:51:12 UTC,content designer
2024/09/01 20:51:12 UTC,content designer
2024/09/02 02:48:30 UTC,writer
2024/09/02 02:48:30 UTC,writer
2024/09/02 02:48:30 UTC,writer
2024/09/02 02:48:30 UTC,writer
2024/09/02 11:27:11 UTC,researcher
2024/09/02 11:40:11 UTC,writer
2024/09/02 11:46:11 UTC,researcher
2024/09/02 12:00:35 UTC,writer
2024/09/02 14:00:46 UTC,content designer
2024/09/02 18:59:30 UTC,researcher
2024/09/02 18:59:30 UTC,researcher
2024/09/02 18:59:30 UTC,researcher
2024/09/02 18:59:30 UTC,researcher
2024/09/02 20:49:31 UTC,content designer
2024/09/02 20:49:31 UTC,content designer
2024/09/03 02:41:01 UTC,writer
2024/09/03 02:41:01 UTC,writer
2024/09/03 02:41:01 UTC,writer
2024/09/03 02:41:01 UTC,writer
2024/09/03 15:31:27 UTC,researcher
2024/09/03 15:45:00 UTC,writer
2024/09/03 15:50:28 UTC,researcher
2024/09/03 16:06:52 UTC,writer
2024/09/03 18:05:48 UTC,content designer
2024/09/03 19:42:51 UTC,researcher
2024/09/03 19:42:51 UTC,researcher
2024/09/03 19:42:51 UTC,researcher
2024/09/03 19:42:51 UTC,researcher
2024/09/03 20:43:13 UTC,content designer
2024/09/03 20:43:13 UTC,content designer
2024/09/04 02:43:44 UTC,writer
2024/09/04 02:43:44 UTC,writer
2024/09/04 02:43:44 UTC,writer
2024/09/04 02:43:44 UTC,writer
2024/09/04 19:38:02 UTC,researcher
2024/09/04 19:53:56 UTC,writer
2024/09/04 19:58:33 UTC,researcher
2024/09/04 20:13:15 UTC,writer
2024/09/04 22:15:12 UTC,content designer
2024/09/04 22:55:41 UTC,researcher
2024/09/04 22:55:41 UTC,researcher
2024/09/04 22:55:41 UTC,researcher
2024/09/04 22:55:41 UTC,researcher
2024/09/04 22:58:46 UTC,chief content officer
2024/09/04 22:58:46 UTC,chief content officer
2024/09/04 22:58:46 UTC,content designer
2024/09/04 22:58:46 UTC,content designer
2024/09/04 23:00:03 UTC,hoda mahmoudi
2024/09/04 23:00:04 UTC,hilary
2024/09/04 23:00:04 UTC,hjörtur hilmarsson
2024/09/05 00:03:08 UTC,hilary
2024/09/05 00:03:08 UTC,hilary weber
2024/09/05 00:03:08 UTC,hillary wells
2024/09/05 00:03:29 UTC,hilary wells
2024/09/05 00:03:30 UTC,hilary wells
2024/09/05 00:26:23 UTC,content designer
2024/09/05 00:26:23 UTC,content designer
2024/09/05 02:41:19 UTC,writer
2024/09/05 02:41:19 UTC,writer
2024/09/05 02:41:19 UTC,writer
2024/09/05 02:41:19 UTC,writer
2024/09/05 18:09:32 UTC,chief content officer
2024/09/05 18:09:32 UTC,chief content officer
2024/09/05 18:09:32 UTC,chief content officer
2024/09/05 18:09:32 UTC,chief content officer
2024/09/05 18:09:32 UTC,chief content officer
2024/09/05 18:09:32 UTC,content designer
2024/09/05 18:09:32 UTC,content designer
2024/09/05 18:09:32 UTC,content designer
2024/09/05 18:09:32 UTC,content designer
2024/09/05 18:09:32 UTC,content designer
2024/09/05 18:09:32 UTC,writer
2024/09/05 18:09:33 UTC,chief content officer
2024/09/05 18:09:33 UTC,chief content officer
2024/09/05 18:09:33 UTC,content designer
2024/09/05 18:09:33 UTC,content designer
2024/09/05 18:09:34 UTC,chief content officer
2024/09/05 18:09:34 UTC,chief content officer
2024/09/05 18:09:34 UTC,content designer
2024/09/05 18:09:34 UTC,content designer
2024/09/05 18:09:36 UTC,chief content officer
2024/09/05 18:09:36 UTC,content designer
2024/09/05 18:50:10 UTC,researcher
2024/09/05 18:50:10 UTC,researcher
2024/09/05 18:50:10 UTC,researcher
2024/09/05 18:50:10 UTC,researcher
2024/09/05 20:44:33 UTC,chief content officer
2024/09/05 20:44:33 UTC,chief content officer
2024/09/05 20:44:33 UTC,content designer
2024/09/05 20:44:33 UTC,content designer
2024/09/05 20:44:51 UTC,chief content officer
2024/09/05 20:44:51 UTC,chief content officer
2024/09/05 20:44:51 UTC,content designer
2024/09/05 20:44:51 UTC,content designer
2024/09/05 20:44:52 UTC,chief content officer
2024/09/05 20:44:52 UTC,chief content officer
2024/09/05 20:44:52 UTC,chief content officer
2024/09/05 20:44:52 UTC,content designer
2024/09/05 20:44:52 UTC,content designer
2024/09/05 20:44:52 UTC,content designer
2024/09/05 20:44:52 UTC,writer
2024/09/05 20:44:53 UTC,chief content officer
2024/09/05 20:44:53 UTC,chief content officer
2024/09/05 20:44:53 UTC,content designer
2024/09/05 20:44:53 UTC,content designer
2024/09/05 20:44:57 UTC,chief content officer
2024/09/05 20:44:57 UTC,content designer
2024/09/05 21:03:08 UTC,content designer
2024/09/05 21:03:08 UTC,content designer
2024/09/05 23:45:47 UTC,researcher
2024/09/06 00:01:13 UTC,writer
2024/09/06 00:06:50 UTC,researcher
2024/09/06 00:19:47 UTC,writer
2024/09/06 02:21:52 UTC,content designer
2024/09/06 03:05:28 UTC,writer
2024/09/06 03:05:28 UTC,writer
2024/09/06 03:05:28 UTC,writer
2024/09/06 03:05:28 UTC,writer
2024/09/06 18:48:15 UTC,researcher
2024/09/06 18:48:15 UTC,researcher
2024/09/06 18:48:15 UTC,researcher
2024/09/06 18:48:15 UTC,researcher
2024/09/06 20:38:46 UTC,content designer
2024/09/06 20:38:46 UTC,content designer
2024/09/07 02:58:03 UTC,writer
2024/09/07 02:58:03 UTC,writer
2024/09/07 02:58:03 UTC,writer
2024/09/07 02:58:03 UTC,writer
2024/09/07 03:30:07 UTC,researcher
2024/09/07 03:44:44 UTC,writer
2024/09/07 03:50:41 UTC,researcher
2024/09/07 04:01:42 UTC,writer
2024/09/07 06:05:03 UTC,content designer
2024/09/07 19:06:12 UTC,researcher
2024/09/07 19:06:12 UTC,researcher
2024/09/07 19:06:12 UTC,researcher
2024/09/07 19:06:12 UTC,researcher
2024/09/07 21:06:57 UTC,content designer
2024/09/07 21:06:57 UTC,content designer
2024/09/08 02:44:33 UTC,writer
2024/09/08 02:44:33 UTC,writer
2024/09/08 02:44:33 UTC,writer
2024/09/08 02:44:33 UTC,writer
2024/09/08 07:13:17 UTC,researcher
2024/09/08 07:30:51 UTC,writer
2024/09/08 07:33:44 UTC,researcher
2024/09/08 07:47:44 UTC,writer
2024/09/08 09:51:39 UTC,content designer
2024/09/08 19:04:31 UTC,researcher
2024/09/08 19:04:31 UTC,researcher
2024/09/08 19:04:31 UTC,researcher
2024/09/08 19:04:31 UTC,researcher
2024/09/08 20:50:10 UTC,content designer
2024/09/08 20:50:10 UTC,content designer
2024/09/09 02:42:00 UTC,writer
2024/09/09 02:42:00 UTC,writer
2024/09/09 02:42:00 UTC,writer
2024/09/09 02:42:00 UTC,writer
2024/09/09 10:51:16 UTC,researcher
2024/09/09 11:07:07 UTC,writer
2024/09/09 11:07:31 UTC,researcher
2024/09/09 11:23:00 UTC,writer
2024/09/09 13:27:41 UTC,content designer
2024/09/09 17:39:06 UTC,david boulanger
2024/09/09 17:39:06 UTC,david boulanger
2024/09/09 17:39:06 UTC,david boulanger
2024/09/09 17:39:07 UTC,head of content
2024/09/09 17:39:07 UTC,writer
2024/09/09 17:39:12 UTC,daniel space 🏳️‍🌈
2024/09/09 17:39:12 UTC,david boulanger
2024/09/09 17:39:12 UTC,david proctor, ii
2024/09/09 17:39:12 UTC,dr tomas chamorro-premuzic
2024/09/09 17:39:38 UTC,david boulanger
2024/09/09 17:39:38 UTC,david boulanger
2024/09/09 17:39:38 UTC,david boulanger
2024/09/09 17:39:38 UTC,david boulanger
2024/09/09 17:39:38 UTC,david boulanger
2024/09/09 17:39:38 UTC,david boulanger
2024/09/09 17:39:38 UTC,david boulanger
2024/09/09 17:39:39 UTC,writer
2024/09/09 17:39:40 UTC,david boulanger
2024/09/09 17:39:40 UTC,david boulanger
2024/09/09 17:39:45 UTC,product manager
2024/09/09 17:39:46 UTC,david boulanger
2024/09/09 17:39:46 UTC,product manager
2024/09/09 17:39:46 UTC,product manager
2024/09/09 17:39:47 UTC,head of content
2024/09/09 17:39:47 UTC,product manager
2024/09/09 17:39:47 UTC,writer
2024/09/09 17:48:58 UTC,David Boulanger
2024/09/09 18:47:30 UTC,researcher
2024/09/09 18:47:30 UTC,researcher
2024/09/09 18:47:30 UTC,researcher
2024/09/09 18:47:30 UTC,researcher
2024/09/09 20:47:02 UTC,content designer
2024/09/09 20:47:02 UTC,content designer
2024/09/10 02:58:32 UTC,writer
2024/09/10 02:58:32 UTC,writer
2024/09/10 02:58:32 UTC,writer
2024/09/10 02:58:32 UTC,writer
2024/09/10 14:29:33 UTC,researcher
2024/09/10 14:44:10 UTC,researcher
2024/09/10 14:44:20 UTC,writer
2024/09/10 14:59:20 UTC,writer
2024/09/10 17:06:04 UTC,content designer
2024/09/10 18:47:38 UTC,researcher
2024/09/10 18:47:38 UTC,researcher
2024/09/10 18:47:38 UTC,researcher
2024/09/10 18:47:38 UTC,researcher
2024/09/10 20:47:36 UTC,content designer
2024/09/10 20:47:36 UTC,content designer
2024/09/11 02:52:20 UTC,writer
2024/09/11 02:52:20 UTC,writer
2024/09/11 02:52:20 UTC,writer
2024/09/11 02:52:20 UTC,writer
2024/09/11 18:07:50 UTC,researcher
2024/09/11 18:22:54 UTC,researcher
2024/09/11 18:23:40 UTC,writer
2024/09/11 18:39:19 UTC,writer
2024/09/11 19:08:56 UTC,researcher
2024/09/11 19:08:56 UTC,researcher
2024/09/11 19:08:56 UTC,researcher
2024/09/11 19:08:56 UTC,researcher
2024/09/11 19:25:39 UTC,david boulanger
2024/09/11 19:25:39 UTC,david boulanger
2024/09/11 19:25:39 UTC,product manager
2024/09/11 19:25:40 UTC,product manager
2024/09/11 20:48:17 UTC,content designer
2024/09/11 20:51:51 UTC,content designer
2024/09/11 20:51:51 UTC,content designer
2024/09/12 02:54:25 UTC,writer
2024/09/12 02:54:25 UTC,writer
2024/09/12 02:54:25 UTC,writer
2024/09/12 02:54:25 UTC,writer
2024/09/12 18:46:35 UTC,researcher
2024/09/12 18:46:35 UTC,researcher
2024/09/12 18:46:35 UTC,researcher
2024/09/12 18:46:35 UTC,researcher
2024/09/12 20:36:37 UTC,david boulanger
2024/09/12 20:36:37 UTC,david boulanger
2024/09/12 20:36:37 UTC,product manager
2024/09/12 20:36:37 UTC,product manager
2024/09/12 20:36:38 UTC,david boulanger
2024/09/12 20:36:38 UTC,david boulanger
2024/09/12 20:36:38 UTC,david boulanger
2024/09/12 20:36:38 UTC,david boulanger
2024/09/12 20:36:38 UTC,david boulanger
2024/09/12 20:36:38 UTC,product manager
2024/09/12 20:36:38 UTC,product manager
2024/09/12 20:36:38 UTC,product manager
2024/09/12 20:36:38 UTC,product manager
2024/09/12 20:36:38 UTC,product manager
2024/09/12 20:36:38 UTC,writer
2024/09/12 20:36:39 UTC,david boulanger
2024/09/12 20:36:39 UTC,david boulanger
2024/09/12 20:36:39 UTC,product manager
2024/09/12 20:36:39 UTC,product manager
2024/09/12 20:37:37 UTC,david boulanger
2024/09/12 20:37:37 UTC,head of content
2024/09/12 20:37:37 UTC,head of content
2024/09/12 20:37:37 UTC,head of content
2024/09/12 20:37:37 UTC,product manager
2024/09/12 20:37:38 UTC,head of content
2024/09/12 20:38:08 UTC,vp of content design
2024/09/12 20:38:08 UTC,vp of content design
2024/09/12 20:38:09 UTC,vp of content design
2024/09/12 20:46:21 UTC,content designer
2024/09/12 20:46:21 UTC,content designer
2024/09/12 21:41:41 UTC,david boulanger
2024/09/12 21:41:41 UTC,david boulanger
2024/09/12 21:41:41 UTC,head of content
2024/09/12 21:41:41 UTC,head of content
2024/09/12 21:41:41 UTC,product manager
2024/09/12 21:41:41 UTC,product manager
2024/09/12 21:41:41 UTC,vp of content design
2024/09/12 21:41:41 UTC,vp of content design
2024/09/12 22:04:22 UTC,researcher
2024/09/12 22:19:54 UTC,researcher
2024/09/12 22:20:14 UTC,writer
2024/09/12 22:35:27 UTC,writer
2024/09/13 00:44:07 UTC,content designer
2024/09/13 02:43:42 UTC,writer
2024/09/13 02:43:42 UTC,writer
2024/09/13 02:43:42 UTC,writer
2024/09/13 02:43:42 UTC,writer
2024/09/13 18:59:37 UTC,researcher
2024/09/13 18:59:37 UTC,researcher
2024/09/13 18:59:37 UTC,researcher
2024/09/13 18:59:37 UTC,researcher
2024/09/13 20:51:27 UTC,content designer
2024/09/13 20:51:27 UTC,content designer
2024/09/14 01:48:35 UTC,researcher
2024/09/14 02:03:49 UTC,researcher
2024/09/14 02:04:33 UTC,writer
2024/09/14 02:19:24 UTC,writer
2024/09/14 02:59:19 UTC,writer
2024/09/14 02:59:19 UTC,writer
2024/09/14 02:59:19 UTC,writer
2024/09/14 02:59:19 UTC,writer
2024/09/14 04:27:03 UTC,content designer
2024/09/14 19:16:46 UTC,researcher
2024/09/14 19:16:46 UTC,researcher
2024/09/14 19:16:46 UTC,researcher
2024/09/14 19:16:46 UTC,researcher
2024/09/14 21:19:27 UTC,content designer
2024/09/14 21:19:27 UTC,content designer
2024/09/15 02:52:57 UTC,writer
2024/09/15 02:52:57 UTC,writer
2024/09/15 02:52:57 UTC,writer
2024/09/15 02:52:57 UTC,writer
2024/09/15 05:31:28 UTC,researcher
2024/09/15 05:46:47 UTC,writer
2024/09/15 05:46:59 UTC,researcher
2024/09/15 06:03:46 UTC,writer
2024/09/15 08:10:26 UTC,content designer
2024/09/15 18:46:15 UTC,researcher
2024/09/15 18:46:15 UTC,researcher
2024/09/15 18:46:15 UTC,researcher
2024/09/15 18:46:15 UTC,researcher
2024/09/15 20:39:56 UTC,content designer
2024/09/15 20:39:56 UTC,content designer
2024/09/16 02:41:49 UTC,writer
2024/09/16 02:41:49 UTC,writer
2024/09/16 02:41:49 UTC,writer
2024/09/16 02:41:49 UTC,writer
2024/09/16 09:15:03 UTC,researcher
2024/09/16 09:31:27 UTC,researcher
2024/09/16 09:31:27 UTC,writer
2024/09/16 09:50:36 UTC,writer
2024/09/16 11:54:22 UTC,content designer
2024/09/16 18:43:03 UTC,researcher
2024/09/16 18:43:03 UTC,researcher
2024/09/16 18:43:03 UTC,researcher
2024/09/16 18:43:03 UTC,researcher
2024/09/16 20:05:08 UTC,lisa virtue
2024/09/16 20:05:08 UTC,luke brodie, mba
2024/09/16 20:05:09 UTC,lisa virtue
2024/09/16 20:05:10 UTC,lisa virtue
2024/09/16 20:06:22 UTC,Hilary Wells
2024/09/16 20:07:01 UTC,David Boulanger
2024/09/16 20:09:03 UTC,hilary wells
2024/09/16 20:09:03 UTC,hoda mahmoudi
2024/09/16 20:09:03 UTC,home group
2024/09/16 20:09:03 UTC,joshua homnick
2024/09/16 20:09:52 UTC,home garage
2024/09/16 20:09:52 UTC,home gate construction - hgc
2024/09/16 20:09:53 UTC,home garden
2024/09/16 20:09:53 UTC,home gardeners fair 2015
2024/09/16 20:09:55 UTC,home gardener
2024/09/16 20:09:56 UTC,home gardener
2024/09/16 20:09:58 UTC,home gardener
2024/09/16 20:09:59 UTC,home gardener
2024/09/16 20:10:04 UTC,homegardener
2024/09/16 20:10:04 UTC,homegardener
2024/09/16 20:10:13 UTC,homgás
2024/09/16 20:10:16 UTC,homgardner
2024/09/16 20:10:17 UTC,homgardner
2024/09/16 20:17:15 UTC,lisa virtue
2024/09/16 20:17:33 UTC,Hilary Wells
2024/09/16 20:17:45 UTC,simon mcnorton
2024/09/16 20:17:46 UTC,prof. inderjeet singh sodhi
2024/09/16 20:17:46 UTC,sina mossayeb
2024/09/16 20:17:46 UTC,stephen gates
2024/09/16 21:04:17 UTC,content designer
2024/09/16 21:04:17 UTC,content designer
2024/09/17 02:42:10 UTC,writer
2024/09/17 02:42:10 UTC,writer
2024/09/17 02:42:10 UTC,writer
2024/09/17 02:42:10 UTC,writer
2024/09/17 13:10:28 UTC,researcher
2024/09/17 13:28:25 UTC,writer
2024/09/17 13:28:49 UTC,researcher
2024/09/17 13:47:58 UTC,writer
2024/09/17 15:52:52 UTC,content designer
2024/09/17 18:44:06 UTC,researcher
2024/09/17 18:44:06 UTC,researcher
2024/09/17 18:44:06 UTC,researcher
2024/09/17 18:44:06 UTC,researcher
2024/09/17 20:50:04 UTC,content designer
2024/09/17 20:50:04 UTC,content designer
2024/09/18 02:46:37 UTC,writer
2024/09/18 02:46:37 UTC,writer
2024/09/18 02:46:37 UTC,writer
2024/09/18 02:46:37 UTC,writer
2024/09/18 16:59:42 UTC,researcher
2024/09/18 17:18:40 UTC,researcher
2024/09/18 17:18:44 UTC,writer
2024/09/18 17:35:37 UTC,writer
2024/09/18 18:43:42 UTC,researcher
2024/09/18 18:43:42 UTC,researcher
2024/09/18 18:43:42 UTC,researcher
2024/09/18 18:43:42 UTC,researcher
2024/09/18 19:42:52 UTC,content designer
2024/09/18 20:57:52 UTC,content designer
2024/09/18 20:57:52 UTC,content designer
2024/09/19 02:46:49 UTC,writer
2024/09/19 02:46:49 UTC,writer
2024/09/19 02:46:49 UTC,writer
2024/09/19 02:46:49 UTC,writer
2024/09/19 18:43:23 UTC,researcher
2024/09/19 18:43:23 UTC,researcher
2024/09/19 18:43:23 UTC,researcher
2024/09/19 18:43:23 UTC,researcher
2024/09/19 20:48:44 UTC,content designer
2024/09/19 20:48:44 UTC,content designer
2024/09/19 20:48:56 UTC,researcher
2024/09/19 21:08:58 UTC,researcher
2024/09/19 21:10:30 UTC,writer
2024/09/19 21:19:11 UTC,zachary child
2024/09/19 21:19:12 UTC,nafis zebarjadi
2024/09/19 21:19:12 UTC,zeta suite
2024/09/19 21:19:12 UTC,zety\: resume builder & career website
2024/09/19 21:19:15 UTC,zety\: resume builder & career website
2024/09/19 21:22:26 UTC,dr tomas chamorro-premuzic
2024/09/19 21:22:26 UTC,teal carlock
2024/09/19 21:22:26 UTC,temina madon
2024/09/19 21:22:28 UTC,tealhaus
2024/09/19 21:22:30 UTC,tealhq
2024/09/19 21:22:31 UTC,tealhq
2024/09/19 21:22:39 UTC,teal hq
2024/09/19 21:22:40 UTC,teal hq
2024/09/19 21:24:36 UTC,writer
2024/09/19 22:33:14 UTC,Zety\: Resume Builder & Career Website
2024/09/19 22:33:15 UTC,Zety\: Resume Builder & Career Website
2024/09/19 23:33:22 UTC,content designer
2024/09/20 02:50:19 UTC,writer
2024/09/20 02:50:19 UTC,writer
2024/09/20 02:50:19 UTC,writer
2024/09/20 02:50:19 UTC,writer
2024/09/20 18:50:51 UTC,researcher
2024/09/20 18:50:51 UTC,researcher
2024/09/20 18:50:51 UTC,researcher
2024/09/20 18:50:51 UTC,researcher
2024/09/20 20:57:47 UTC,content designer
2024/09/20 20:57:47 UTC,content designer
2024/09/21 00:41:29 UTC,researcher
2024/09/21 01:01:03 UTC,writer
2024/09/21 01:02:20 UTC,researcher
2024/09/21 01:18:19 UTC,writer
2024/09/21 02:44:43 UTC,writer
2024/09/21 02:44:43 UTC,writer
2024/09/21 02:44:43 UTC,writer
2024/09/21 02:44:43 UTC,writer
2024/09/21 03:23:49 UTC,content designer
2024/09/21 19:06:38 UTC,researcher
2024/09/21 19:06:38 UTC,researcher
2024/09/21 19:06:38 UTC,researcher
2024/09/21 19:06:38 UTC,researcher
2024/09/21 20:48:03 UTC,content designer
2024/09/21 20:48:03 UTC,content designer
2024/09/22 02:41:43 UTC,writer
2024/09/22 02:41:43 UTC,writer
2024/09/22 02:41:43 UTC,writer
2024/09/22 02:41:43 UTC,writer
2024/09/22 04:33:03 UTC,researcher
2024/09/22 04:53:58 UTC,writer
2024/09/22 04:55:30 UTC,researcher
2024/09/22 05:12:21 UTC,writer
2024/09/22 07:17:44 UTC,content designer
2024/09/22 19:04:08 UTC,researcher
2024/09/22 19:04:08 UTC,researcher
2024/09/22 19:04:08 UTC,researcher
2024/09/22 19:04:08 UTC,researcher
2024/09/22 20:54:59 UTC,content designer
2024/09/22 20:54:59 UTC,content designer
2024/09/23 02:42:17 UTC,writer
2024/09/23 02:42:17 UTC,writer
2024/09/23 02:42:17 UTC,writer
2024/09/23 02:42:17 UTC,writer
2024/09/23 08:30:47 UTC,researcher
2024/09/23 08:49:43 UTC,writer
2024/09/23 08:52:01 UTC,researcher
2024/09/23 09:09:48 UTC,writer
2024/09/23 11:13:29 UTC,content designer
2024/09/23 20:46:20 UTC,researcher
2024/09/23 20:46:20 UTC,researcher
2024/09/23 20:46:20 UTC,researcher
2024/09/23 20:46:20 UTC,researcher
2024/09/23 22:15:36 UTC,content designer
2024/09/23 22:15:36 UTC,content designer
2024/09/24 02:38:29 UTC,writer
2024/09/24 02:38:29 UTC,writer
2024/09/24 02:38:29 UTC,writer
2024/09/24 02:38:29 UTC,writer
2024/09/24 12:29:00 UTC,researcher
2024/09/24 12:47:50 UTC,writer
2024/09/24 12:50:43 UTC,researcher
2024/09/24 13:08:52 UTC,writer
2024/09/24 15:11:54 UTC,content designer
2024/09/24 18:48:13 UTC,researcher
2024/09/24 18:48:13 UTC,researcher
2024/09/24 18:48:13 UTC,researcher
2024/09/24 18:48:13 UTC,researcher
2024/09/24 20:55:14 UTC,content designer
2024/09/24 20:55:14 UTC,content designer
2024/09/25 02:40:00 UTC,writer
2024/09/25 02:40:00 UTC,writer
2024/09/25 02:40:00 UTC,writer
2024/09/25 02:40:00 UTC,writer
2024/09/25 16:02:43 UTC,researcher
2024/09/25 16:21:24 UTC,writer
2024/09/25 16:23:14 UTC,researcher
2024/09/25 16:42:04 UTC,writer
2024/09/25 18:41:34 UTC,content designer
2024/09/25 19:39:17 UTC,researcher
2024/09/25 19:39:17 UTC,researcher
2024/09/25 19:39:17 UTC,researcher
2024/09/25 19:39:17 UTC,researcher
2024/09/25 21:52:59 UTC,content designer
2024/09/25 21:52:59 UTC,content designer
2024/09/25 22:23:07 UTC,teal hq
2024/09/25 22:23:09 UTC,tealhq
2024/09/25 22:23:10 UTC,tealhq
2024/09/25 22:23:15 UTC,teal hq
2024/09/25 22:23:16 UTC,teal hq
2024/09/25 22:29:53 UTC,teal hq
2024/09/25 22:30:02 UTC,teal hq
2024/09/25 22:30:05 UTC,teal hq
2024/09/25 22:30:05 UTC,teal hq
2024/09/26 02:47:57 UTC,writer
2024/09/26 02:47:57 UTC,writer
2024/09/26 02:47:57 UTC,writer
2024/09/26 02:47:57 UTC,writer
2024/09/26 18:43:47 UTC,researcher
2024/09/26 18:43:47 UTC,researcher
2024/09/26 18:43:47 UTC,researcher
2024/09/26 18:43:47 UTC,researcher
2024/09/26 19:18:58 UTC,researcher
2024/09/26 19:37:50 UTC,writer
2024/09/26 19:41:05 UTC,researcher
2024/09/26 19:58:57 UTC,writer
2024/09/26 20:43:15 UTC,content designer
2024/09/26 20:43:15 UTC,content designer
2024/09/26 21:54:20 UTC,content designer
2024/09/27 02:42:42 UTC,writer
2024/09/27 02:42:42 UTC,writer
2024/09/27 02:42:42 UTC,writer
2024/09/27 02:42:42 UTC,writer
2024/09/27 18:43:27 UTC,researcher
2024/09/27 18:43:27 UTC,researcher
2024/09/27 18:43:27 UTC,researcher
2024/09/27 18:43:27 UTC,researcher
2024/09/27 20:54:41 UTC,content designer
2024/09/27 20:54:41 UTC,content designer
2024/09/27 21:29:38 UTC,david boulanger
2024/09/27 21:29:38 UTC,david boulanger
2024/09/27 21:29:38 UTC,head of content
2024/09/27 21:29:38 UTC,head of content
2024/09/27 21:29:38 UTC,product manager
2024/09/27 21:29:38 UTC,product manager
2024/09/27 21:29:38 UTC,vp of content design
2024/09/27 21:29:38 UTC,vp of content design
2024/09/27 21:29:39 UTC,david boulanger
2024/09/27 21:29:39 UTC,david boulanger
2024/09/27 21:29:39 UTC,david boulanger
2024/09/27 21:29:39 UTC,david boulanger
2024/09/27 21:29:39 UTC,david boulanger
2024/09/27 21:29:39 UTC,head of content
2024/09/27 21:29:39 UTC,head of content
2024/09/27 21:29:39 UTC,head of content
2024/09/27 21:29:39 UTC,head of content
2024/09/27 21:29:39 UTC,head of content
2024/09/27 21:29:39 UTC,product manager
2024/09/27 21:29:39 UTC,product manager
2024/09/27 21:29:39 UTC,product manager
2024/09/27 21:29:39 UTC,product manager
2024/09/27 21:29:39 UTC,product manager
2024/09/27 21:29:39 UTC,vp of content design
2024/09/27 21:29:39 UTC,vp of content design
2024/09/27 21:29:39 UTC,vp of content design
2024/09/27 21:29:39 UTC,vp of content design
2024/09/27 21:29:39 UTC,vp of content design
2024/09/27 21:29:40 UTC,david boulanger
2024/09/27 21:29:40 UTC,david boulanger
2024/09/27 21:29:40 UTC,head of content
2024/09/27 21:29:40 UTC,head of content
2024/09/27 21:29:40 UTC,head of content
2024/09/27 21:29:40 UTC,head of content
2024/09/27 21:29:40 UTC,product manager
2024/09/27 21:29:40 UTC,product manager
2024/09/27 21:29:40 UTC,product manager
2024/09/27 21:29:40 UTC,product manager
2024/09/27 21:29:40 UTC,vp of content design
2024/09/27 21:29:40 UTC,vp of content design
2024/09/27 21:29:40 UTC,vp of content design
2024/09/27 21:29:40 UTC,vp of content design
2024/09/27 21:29:41 UTC,david boulanger
2024/09/27 21:29:41 UTC,david boulanger
2024/09/27 21:29:42 UTC,writer
2024/09/27 21:29:43 UTC,david boulanger
2024/09/27 21:29:43 UTC,david boulanger
2024/09/27 21:29:43 UTC,head of content
2024/09/27 21:29:43 UTC,head of content
2024/09/27 21:29:43 UTC,product manager
2024/09/27 21:29:43 UTC,product manager
2024/09/27 21:29:43 UTC,vp of content design
2024/09/27 21:29:43 UTC,vp of content design
2024/09/27 21:29:47 UTC,head of content
2024/09/27 21:29:48 UTC,david boulanger
2024/09/27 21:29:48 UTC,head of content
2024/09/27 21:29:48 UTC,head of content
2024/09/27 21:29:48 UTC,head of content
2024/09/27 21:29:48 UTC,product manager
2024/09/27 21:29:48 UTC,vp of content design
2024/09/27 21:29:49 UTC,head of content
2024/09/27 22:33:12 UTC,researcher
2024/09/27 22:51:54 UTC,writer
2024/09/27 22:55:20 UTC,researcher
2024/09/27 23:12:17 UTC,writer
2024/09/28 01:10:32 UTC,content designer
2024/09/28 02:59:04 UTC,writer
2024/09/28 02:59:04 UTC,writer
2024/09/28 02:59:04 UTC,writer
2024/09/28 02:59:04 UTC,writer
2024/09/28 18:57:30 UTC,researcher
2024/09/28 18:57:30 UTC,researcher
2024/09/28 18:57:30 UTC,researcher
2024/09/28 18:57:30 UTC,researcher
2024/09/28 20:59:09 UTC,content designer
2024/09/28 20:59:10 UTC,content designer
2024/09/29 01:52:46 UTC,researcher
2024/09/29 02:10:52 UTC,writer
2024/09/29 02:12:49 UTC,researcher
2024/09/29 02:31:53 UTC,writer
2024/09/29 02:47:11 UTC,writer
2024/09/29 02:47:11 UTC,writer
2024/09/29 02:47:11 UTC,writer
2024/09/29 02:47:11 UTC,writer
2024/09/29 04:25:11 UTC,content designer
2024/09/29 18:41:13 UTC,researcher
2024/09/29 18:41:13 UTC,researcher
2024/09/29 18:41:13 UTC,researcher
2024/09/29 18:41:13 UTC,researcher
2024/09/29 20:58:24 UTC,content designer
2024/09/29 20:58:24 UTC,content designer
2024/09/30 02:41:49 UTC,writer
2024/09/30 02:41:49 UTC,writer
2024/09/30 02:41:49 UTC,writer
2024/09/30 02:41:50 UTC,writer
2024/09/30 05:06:51 UTC,researcher
2024/09/30 05:23:46 UTC,writer
2024/09/30 05:27:06 UTC,researcher
2024/09/30 05:45:30 UTC,writer
2024/09/30 07:36:11 UTC,content designer
2024/09/30 18:22:39 UTC,david boulanger
2024/09/30 18:22:39 UTC,david boulanger
2024/09/30 18:22:39 UTC,head of content
2024/09/30 18:22:39 UTC,head of content
2024/09/30 18:22:39 UTC,product manager
2024/09/30 18:22:39 UTC,product manager
2024/09/30 18:22:39 UTC,vp of content design
2024/09/30 18:22:39 UTC,vp of content design
2024/09/30 19:34:40 UTC,researcher
2024/09/30 19:34:40 UTC,researcher
2024/09/30 19:34:40 UTC,researcher
2024/09/30 19:34:40 UTC,researcher
2024/09/30 20:47:11 UTC,content designer
2024/09/30 20:47:11 UTC,content designer
2024/10/01 02:47:42 UTC,writer
2024/10/01 02:47:42 UTC,writer
2024/10/01 02:47:42 UTC,writer
2024/10/01 02:47:42 UTC,writer
2024/10/01 08:23:54 UTC,researcher
2024/10/01 08:40:07 UTC,writer
2024/10/01 08:45:09 UTC,researcher
2024/10/01 09:04:08 UTC,writer
2024/10/01 10:52:58 UTC,content designer
2024/10/01 18:52:27 UTC,researcher
2024/10/01 18:52:27 UTC,researcher
2024/10/01 18:52:27 UTC,researcher
2024/10/01 18:52:27 UTC,researcher
2024/10/01 20:42:06 UTC,content designer
2024/10/01 20:42:06 UTC,content designer
2024/10/02 03:01:38 UTC,writer
2024/10/02 03:01:38 UTC,writer
2024/10/02 03:01:38 UTC,writer
2024/10/02 03:01:38 UTC,writer
2024/10/02 11:41:08 UTC,researcher
2024/10/02 11:58:24 UTC,writer
2024/10/02 12:04:13 UTC,researcher
2024/10/02 12:22:28 UTC,writer
2024/10/02 14:13:18 UTC,content designer
2024/10/02 19:17:26 UTC,researcher
2024/10/02 19:17:26 UTC,researcher
2024/10/02 19:17:26 UTC,researcher
2024/10/02 19:17:26 UTC,researcher
2024/10/02 21:25:30 UTC,content designer
2024/10/02 21:25:30 UTC,content designer
2024/10/03 02:49:13 UTC,writer
2024/10/03 02:49:13 UTC,writer
2024/10/03 02:49:13 UTC,writer
2024/10/03 02:49:13 UTC,writer
2024/10/03 15:02:53 UTC,researcher
2024/10/03 15:19:02 UTC,writer
2024/10/03 15:25:58 UTC,researcher
2024/10/03 15:26:32 UTC,jo dobbert
2024/10/03 15:26:32 UTC,jobs for editors
2024/10/03 15:26:32 UTC,juan carlos samayoa
2024/10/03 15:26:33 UTC,jobscan
2024/10/03 15:43:01 UTC,writer
2024/10/03 17:33:32 UTC,content designer
2024/10/03 19:09:24 UTC,researcher
2024/10/03 19:09:24 UTC,researcher
2024/10/03 19:09:24 UTC,researcher
2024/10/03 19:09:24 UTC,researcher
2024/10/03 20:39:34 UTC,content designer
2024/10/03 20:39:35 UTC,content designer
2024/10/04 02:46:58 UTC,writer
2024/10/04 02:46:58 UTC,writer
2024/10/04 02:46:58 UTC,writer
2024/10/04 02:46:58 UTC,writer
2024/10/04 18:23:27 UTC,researcher
2024/10/04 18:40:22 UTC,writer
2024/10/04 18:44:32 UTC,researcher
2024/10/04 18:44:32 UTC,researcher
2024/10/04 18:44:32 UTC,researcher
2024/10/04 18:44:32 UTC,researcher
2024/10/04 18:47:05 UTC,researcher
2024/10/04 19:05:15 UTC,writer
2024/10/04 20:54:33 UTC,content designer
2024/10/04 21:35:45 UTC,content designer
2024/10/04 21:35:45 UTC,content designer
2024/10/05 02:39:06 UTC,writer
2024/10/05 02:39:06 UTC,writer
2024/10/05 02:39:07 UTC,writer
2024/10/05 02:39:07 UTC,writer
2024/10/05 05:07:13 UTC,content designer
2024/10/05 05:07:13 UTC,content designer
2024/10/05 05:07:13 UTC,researcher
2024/10/05 05:07:13 UTC,researcher
2024/10/05 05:07:13 UTC,researcher
2024/10/05 05:07:13 UTC,researcher
2024/10/05 19:03:55 UTC,researcher
2024/10/05 19:03:55 UTC,researcher
2024/10/05 19:03:55 UTC,researcher
2024/10/05 19:03:55 UTC,researcher
2024/10/05 20:53:27 UTC,content designer
2024/10/05 20:53:27 UTC,content designer
2024/10/05 21:45:11 UTC,researcher
2024/10/05 22:01:30 UTC,writer
2024/10/05 22:08:29 UTC,researcher
2024/10/05 22:25:36 UTC,writer
2024/10/06 00:16:03 UTC,content designer
2024/10/06 02:53:21 UTC,writer
2024/10/06 02:53:21 UTC,writer
2024/10/06 02:53:21 UTC,writer
2024/10/06 02:53:21 UTC,writer
2024/10/06 19:10:16 UTC,researcher
2024/10/06 19:10:16 UTC,researcher
2024/10/06 19:10:16 UTC,researcher
2024/10/06 19:10:16 UTC,researcher
2024/10/06 20:51:43 UTC,content designer
2024/10/06 20:51:43 UTC,content designer
2024/10/07 01:05:48 UTC,researcher
2024/10/07 01:22:44 UTC,writer
2024/10/07 01:29:15 UTC,researcher
2024/10/07 01:47:53 UTC,writer
2024/10/07 02:44:07 UTC,writer
2024/10/07 02:44:07 UTC,writer
2024/10/07 02:44:07 UTC,writer
2024/10/07 02:44:07 UTC,writer
2024/10/07 03:36:12 UTC,content designer
2024/10/07 20:23:11 UTC,researcher
2024/10/07 20:23:11 UTC,researcher
2024/10/07 20:23:11 UTC,researcher
2024/10/07 20:23:11 UTC,researcher
2024/10/07 21:16:51 UTC,content designer
2024/10/07 21:16:51 UTC,content designer
2024/10/08 02:41:12 UTC,writer
2024/10/08 02:41:12 UTC,writer
2024/10/08 02:41:12 UTC,writer
2024/10/08 02:41:12 UTC,writer
2024/10/08 04:23:42 UTC,researcher
2024/10/08 04:42:42 UTC,writer
2024/10/08 04:48:49 UTC,researcher
2024/10/08 05:06:40 UTC,writer
2024/10/08 06:56:32 UTC,content designer
2024/10/08 19:02:54 UTC,researcher
2024/10/08 19:02:54 UTC,researcher
2024/10/08 19:02:54 UTC,researcher
2024/10/08 19:02:54 UTC,researcher
2024/10/08 20:55:36 UTC,content designer
2024/10/08 20:55:36 UTC,content designer
2024/10/09 02:47:50 UTC,writer
2024/10/09 02:47:50 UTC,writer
2024/10/09 02:47:50 UTC,writer
2024/10/09 02:47:50 UTC,writer
2024/10/09 07:50:47 UTC,researcher
2024/10/09 08:08:20 UTC,writer
2024/10/09 08:12:24 UTC,researcher
2024/10/09 08:30:43 UTC,writer
2024/10/09 10:17:42 UTC,content designer
2024/10/09 18:55:04 UTC,researcher
2024/10/09 18:55:04 UTC,researcher
2024/10/09 18:55:04 UTC,researcher
2024/10/09 18:55:04 UTC,researcher
2024/10/09 20:50:40 UTC,content designer
2024/10/09 20:50:40 UTC,content designer
2024/10/10 02:53:18 UTC,writer
2024/10/10 02:53:18 UTC,writer
2024/10/10 02:53:18 UTC,writer
2024/10/10 02:53:18 UTC,writer
2024/10/10 11:14:13 UTC,researcher
2024/10/10 11:27:24 UTC,writer
2024/10/10 11:33:22 UTC,researcher
2024/10/10 11:51:13 UTC,writer
2024/10/10 13:52:29 UTC,content designer
2024/10/10 19:40:50 UTC,researcher
2024/10/10 19:40:50 UTC,researcher
2024/10/10 19:40:50 UTC,researcher
2024/10/10 19:40:50 UTC,researcher
2024/10/10 20:38:14 UTC,content designer
2024/10/10 20:38:14 UTC,content designer
2024/10/11 02:47:55 UTC,writer
2024/10/11 02:47:55 UTC,writer
2024/10/11 02:47:55 UTC,writer
2024/10/11 02:47:55 UTC,writer
2024/10/11 14:50:35 UTC,researcher
2024/10/11 15:07:34 UTC,writer
2024/10/11 15:11:44 UTC,researcher
2024/10/11 15:31:23 UTC,writer
2024/10/11 17:17:15 UTC,content designer
2024/10/11 18:50:10 UTC,researcher
2024/10/11 18:50:10 UTC,researcher
2024/10/11 18:50:10 UTC,researcher
2024/10/11 18:50:11 UTC,researcher
2024/10/11 20:41:03 UTC,content designer
2024/10/11 20:41:03 UTC,content designer
2024/10/12 02:39:54 UTC,writer
2024/10/12 02:39:54 UTC,writer
2024/10/12 02:39:54 UTC,writer
2024/10/12 02:39:54 UTC,writer
2024/10/12 18:15:07 UTC,researcher
2024/10/12 18:30:23 UTC,writer
2024/10/12 18:35:11 UTC,researcher
2024/10/12 18:40:12 UTC,researcher
2024/10/12 18:40:12 UTC,researcher
2024/10/12 18:40:12 UTC,researcher
2024/10/12 18:40:12 UTC,researcher
2024/10/12 18:55:05 UTC,writer
2024/10/12 20:35:46 UTC,content designer
2024/10/12 20:35:46 UTC,content designer
2024/10/12 20:42:30 UTC,content designer
2024/10/13 02:45:58 UTC,writer
2024/10/13 02:45:58 UTC,writer
2024/10/13 02:45:58 UTC,writer
2024/10/13 02:45:58 UTC,writer
2024/10/13 18:42:44 UTC,researcher
2024/10/13 18:42:44 UTC,researcher
2024/10/13 18:42:44 UTC,researcher
2024/10/13 18:42:44 UTC,researcher
2024/10/13 20:46:47 UTC,content designer
2024/10/13 20:46:47 UTC,content designer
2024/10/13 21:41:29 UTC,researcher
2024/10/13 21:57:27 UTC,writer
2024/10/13 22:01:25 UTC,researcher
2024/10/13 22:21:41 UTC,writer
2024/10/14 00:11:17 UTC,content designer
2024/10/14 02:40:40 UTC,writer
2024/10/14 02:40:40 UTC,writer
2024/10/14 02:40:40 UTC,writer
2024/10/14 02:40:40 UTC,writer
2024/10/14 18:52:22 UTC,researcher
2024/10/14 18:52:22 UTC,researcher
2024/10/14 18:52:22 UTC,researcher
2024/10/14 18:52:22 UTC,researcher
2024/10/14 20:42:18 UTC,content designer
2024/10/14 20:42:18 UTC,content designer
2024/10/15 01:09:19 UTC,researcher
2024/10/15 01:25:54 UTC,writer
2024/10/15 01:28:29 UTC,researcher
2024/10/15 01:49:41 UTC,writer
2024/10/15 02:57:56 UTC,writer
2024/10/15 02:57:56 UTC,writer
2024/10/15 02:57:56 UTC,writer
2024/10/15 02:57:56 UTC,writer
2024/10/15 03:38:30 UTC,content designer
2024/10/15 18:37:57 UTC,researcher
2024/10/15 18:37:57 UTC,researcher
2024/10/15 18:37:57 UTC,researcher
2024/10/15 18:37:57 UTC,researcher
2024/10/15 21:06:46 UTC,content designer
2024/10/15 21:06:46 UTC,content designer
2024/10/15 21:34:47 UTC,david boulanger
2024/10/15 21:34:47 UTC,david boulanger
2024/10/15 21:34:47 UTC,head of content
2024/10/15 21:34:47 UTC,head of content
2024/10/15 21:34:47 UTC,product manager
2024/10/15 21:34:47 UTC,product manager
2024/10/15 21:34:47 UTC,vp of content design
2024/10/15 21:34:47 UTC,vp of content design
2024/10/15 21:34:48 UTC,david boulanger
2024/10/15 21:34:48 UTC,david boulanger
2024/10/15 21:34:48 UTC,david boulanger
2024/10/15 21:34:48 UTC,david boulanger
2024/10/15 21:34:48 UTC,david boulanger
2024/10/15 21:34:48 UTC,head of content
2024/10/15 21:34:48 UTC,head of content
2024/10/15 21:34:48 UTC,head of content
2024/10/15 21:34:48 UTC,head of content
2024/10/15 21:34:48 UTC,product manager
2024/10/15 21:34:48 UTC,product manager
2024/10/15 21:34:48 UTC,product manager
2024/10/15 21:34:48 UTC,product manager
2024/10/15 21:34:48 UTC,vp of content design
2024/10/15 21:34:48 UTC,vp of content design
2024/10/15 21:34:48 UTC,vp of content design
2024/10/15 21:34:48 UTC,vp of content design
2024/10/15 21:34:49 UTC,david boulanger
2024/10/15 21:34:49 UTC,david boulanger
2024/10/15 21:34:49 UTC,head of content
2024/10/15 21:34:49 UTC,head of content
2024/10/15 21:34:49 UTC,head of content
2024/10/15 21:34:49 UTC,product manager
2024/10/15 21:34:49 UTC,product manager
2024/10/15 21:34:49 UTC,product manager
2024/10/15 21:34:49 UTC,vp of content design
2024/10/15 21:34:49 UTC,vp of content design
2024/10/15 21:34:49 UTC,vp of content design
2024/10/15 21:35:06 UTC,writer
2024/10/15 21:35:07 UTC,head of content
2024/10/15 21:35:07 UTC,head of content
2024/10/15 21:35:07 UTC,product manager
2024/10/15 21:35:07 UTC,product manager
2024/10/15 21:35:07 UTC,vp of content design
2024/10/15 21:35:07 UTC,vp of content design
2024/10/15 21:35:08 UTC,david boulanger
2024/10/15 21:35:08 UTC,david boulanger
2024/10/15 21:35:14 UTC,head of content
2024/10/15 21:35:15 UTC,david boulanger
2024/10/15 21:35:15 UTC,head of content
2024/10/15 21:35:15 UTC,head of content
2024/10/15 21:35:15 UTC,head of content
2024/10/15 21:35:15 UTC,product manager
2024/10/15 21:35:15 UTC,vp of content design
2024/10/15 21:35:16 UTC,head of content
2024/10/15 21:44:49 UTC,david boulanger
2024/10/15 21:44:49 UTC,david boulanger
2024/10/15 21:44:49 UTC,head of content
2024/10/15 21:44:49 UTC,head of content
2024/10/15 21:44:49 UTC,product manager
2024/10/15 21:44:49 UTC,product manager
2024/10/15 21:44:49 UTC,vp of content design
2024/10/15 21:44:49 UTC,vp of content design
2024/10/15 21:48:32 UTC,david boulanger
2024/10/15 21:48:32 UTC,david boulanger
2024/10/15 21:48:32 UTC,david boulanger
2024/10/15 21:48:32 UTC,david boulanger
2024/10/15 21:48:32 UTC,david boulanger
2024/10/15 21:48:32 UTC,head of content
2024/10/15 21:48:32 UTC,head of content
2024/10/15 21:48:32 UTC,head of content
2024/10/15 21:48:32 UTC,head of content
2024/10/15 21:48:32 UTC,head of content
2024/10/15 21:48:32 UTC,product manager
2024/10/15 21:48:32 UTC,product manager
2024/10/15 21:48:32 UTC,product manager
2024/10/15 21:48:32 UTC,product manager
2024/10/15 21:48:32 UTC,vp of content design
2024/10/15 21:48:32 UTC,vp of content design
2024/10/15 21:48:32 UTC,vp of content design
2024/10/15 21:48:32 UTC,vp of content design
2024/10/15 21:48:33 UTC,david boulanger
2024/10/15 21:48:33 UTC,david boulanger
2024/10/15 21:48:33 UTC,head of content
2024/10/15 21:48:33 UTC,head of content
2024/10/15 21:48:33 UTC,product manager
2024/10/15 21:48:33 UTC,product manager
2024/10/15 21:48:33 UTC,product manager
2024/10/15 21:48:33 UTC,vp of content design
2024/10/15 21:48:33 UTC,vp of content design
2024/10/15 21:48:33 UTC,vp of content design
2024/10/15 21:48:37 UTC,vp of content design
2024/10/15 21:48:38 UTC,david boulanger
2024/10/15 21:48:38 UTC,head of content
2024/10/15 21:48:38 UTC,product manager
2024/10/15 21:48:38 UTC,vp of content design
2024/10/15 21:48:38 UTC,vp of content design
2024/10/15 21:48:38 UTC,vp of content design
2024/10/15 21:48:39 UTC,vp of content design
2024/10/15 21:48:40 UTC,head of content
2024/10/15 21:48:40 UTC,head of content
2024/10/15 21:48:41 UTC,head of content
2024/10/16 02:41:22 UTC,writer
2024/10/16 02:41:22 UTC,writer
2024/10/16 02:41:22 UTC,writer
2024/10/16 02:41:22 UTC,writer
2024/10/16 04:40:15 UTC,researcher
2024/10/16 04:54:48 UTC,writer
2024/10/16 04:56:25 UTC,researcher
2024/10/16 05:20:49 UTC,writer
2024/10/16 07:06:47 UTC,content designer
2024/10/16 17:51:43 UTC,luke brodie, mba
2024/10/16 17:51:44 UTC,lisa virtue
2024/10/16 18:59:27 UTC,researcher
2024/10/16 18:59:27 UTC,researcher
2024/10/16 18:59:27 UTC,researcher
2024/10/16 18:59:27 UTC,researcher
2024/10/16 20:56:20 UTC,content designer
2024/10/16 20:56:20 UTC,content designer
2024/10/17 00:24:40 UTC,zety\: resume builder & career website
2024/10/17 00:24:41 UTC,zety\: resume builder & career website
2024/10/17 03:04:39 UTC,writer
2024/10/17 03:04:39 UTC,writer
2024/10/17 03:04:39 UTC,writer
2024/10/17 03:04:39 UTC,writer
2024/10/17 08:11:21 UTC,researcher
2024/10/17 08:26:47 UTC,researcher
2024/10/17 08:27:45 UTC,writer
2024/10/17 08:52:30 UTC,writer
2024/10/17 10:36:29 UTC,content designer
2024/10/17 18:43:36 UTC,researcher
2024/10/17 18:43:36 UTC,researcher
2024/10/17 18:43:36 UTC,researcher
2024/10/17 18:43:36 UTC,researcher
2024/10/17 20:25:59 UTC,chirine genco
2024/10/17 20:25:59 UTC,dr tomas chamorro-premuzic
2024/10/17 20:25:59 UTC,zachary child
2024/10/17 20:26:00 UTC,chris tara-browne
2024/10/17 20:26:00 UTC,chrissy neafsey
2024/10/17 20:26:00 UTC,christyn lundquist
2024/10/17 20:59:44 UTC,content designer
2024/10/17 20:59:44 UTC,content designer
2024/10/17 22:02:42 UTC,david boulanger
2024/10/17 22:02:42 UTC,david boulanger
2024/10/17 22:02:42 UTC,head of content
2024/10/17 22:02:42 UTC,head of content
2024/10/17 22:02:42 UTC,head of content
2024/10/17 22:02:42 UTC,head of content
2024/10/17 22:02:42 UTC,product manager
2024/10/17 22:02:42 UTC,product manager
2024/10/17 22:02:42 UTC,product manager
2024/10/17 22:02:42 UTC,product manager
2024/10/17 22:02:42 UTC,vp of content design
2024/10/17 22:02:42 UTC,vp of content design
2024/10/17 22:02:42 UTC,vp of content design
2024/10/17 22:02:42 UTC,vp of content design
2024/10/17 22:02:43 UTC,david boulanger
2024/10/17 22:02:43 UTC,david boulanger
2024/10/17 22:02:43 UTC,david boulanger
2024/10/17 22:02:43 UTC,david boulanger
2024/10/17 22:02:43 UTC,david boulanger
2024/10/17 22:02:43 UTC,head of content
2024/10/17 22:02:43 UTC,head of content
2024/10/17 22:02:43 UTC,head of content
2024/10/17 22:02:43 UTC,product manager
2024/10/17 22:02:43 UTC,product manager
2024/10/17 22:02:43 UTC,product manager
2024/10/17 22:02:43 UTC,vp of content design
2024/10/17 22:02:43 UTC,vp of content design
2024/10/17 22:02:43 UTC,vp of content design
2024/10/17 22:02:43 UTC,writer
2024/10/17 22:02:44 UTC,david boulanger
2024/10/17 22:02:44 UTC,david boulanger
2024/10/17 22:02:44 UTC,head of content
2024/10/17 22:02:44 UTC,head of content
2024/10/17 22:02:44 UTC,product manager
2024/10/17 22:02:44 UTC,product manager
2024/10/17 22:02:44 UTC,vp of content design
2024/10/17 22:02:44 UTC,vp of content design
2024/10/17 22:02:50 UTC,david boulanger
2024/10/17 22:02:50 UTC,head of content
2024/10/17 22:02:50 UTC,product manager
2024/10/17 22:02:50 UTC,vp of content design
2024/10/17 22:03:08 UTC,User Experience Designer
2024/10/17 22:03:16 UTC,david boulanger
2024/10/17 22:03:16 UTC,head of content
2024/10/17 22:03:16 UTC,product manager
2024/10/17 22:03:16 UTC,vp of content design
2024/10/18 02:35:34 UTC,writer
2024/10/18 02:35:34 UTC,writer
2024/10/18 02:35:34 UTC,writer
2024/10/18 02:35:34 UTC,writer
2024/10/18 11:43:15 UTC,researcher
2024/10/18 11:58:08 UTC,researcher
2024/10/18 12:00:26 UTC,writer
2024/10/18 12:22:58 UTC,writer
2024/10/18 14:07:42 UTC,content designer
2024/10/18 18:36:52 UTC,researcher
2024/10/18 18:36:52 UTC,researcher
2024/10/18 18:36:52 UTC,researcher
2024/10/18 18:36:52 UTC,researcher
2024/10/18 21:06:25 UTC,content designer
2024/10/18 21:06:25 UTC,content designer
2024/10/19 00:17:00 UTC,david boulanger
2024/10/19 00:17:00 UTC,david boulanger
2024/10/19 00:17:00 UTC,head of content
2024/10/19 00:17:00 UTC,head of content
2024/10/19 00:17:00 UTC,product manager
2024/10/19 00:17:00 UTC,product manager
2024/10/19 00:17:00 UTC,vp of content design
2024/10/19 00:17:00 UTC,vp of content design
2024/10/19 02:45:45 UTC,writer
2024/10/19 02:45:45 UTC,writer
2024/10/19 02:45:45 UTC,writer
2024/10/19 02:45:45 UTC,writer
2024/10/19 15:17:41 UTC,researcher
2024/10/19 15:32:48 UTC,writer
2024/10/19 15:34:16 UTC,researcher
2024/10/19 15:56:04 UTC,writer
2024/10/19 17:42:39 UTC,content designer
2024/10/19 18:52:37 UTC,researcher
2024/10/19 18:52:37 UTC,researcher
2024/10/19 18:52:37 UTC,researcher
2024/10/19 18:52:37 UTC,researcher
2024/10/19 20:48:11 UTC,content designer
2024/10/19 20:48:11 UTC,content designer
2024/10/20 02:44:54 UTC,writer
2024/10/20 02:44:54 UTC,writer
2024/10/20 02:44:54 UTC,writer
2024/10/20 02:44:54 UTC,writer
2024/10/20 18:36:24 UTC,researcher
2024/10/20 18:36:24 UTC,researcher
2024/10/20 18:36:24 UTC,researcher
2024/10/20 18:36:24 UTC,researcher
2024/10/20 18:47:21 UTC,researcher
2024/10/20 19:01:42 UTC,writer
2024/10/20 19:04:25 UTC,researcher
2024/10/20 19:25:48 UTC,writer
2024/10/20 20:41:07 UTC,content designer
2024/10/20 20:41:07 UTC,content designer
2024/10/20 21:13:12 UTC,content designer
2024/10/21 02:46:17 UTC,writer
2024/10/21 02:46:17 UTC,writer
2024/10/21 02:46:17 UTC,writer
2024/10/21 02:46:17 UTC,writer
2024/10/21 18:43:04 UTC,researcher
2024/10/21 18:43:04 UTC,researcher
2024/10/21 18:43:04 UTC,researcher
2024/10/21 18:43:04 UTC,researcher
2024/10/21 20:48:18 UTC,content designer
2024/10/21 20:48:18 UTC,content designer
2024/10/21 22:21:31 UTC,researcher
2024/10/21 22:38:48 UTC,writer
2024/10/21 22:41:48 UTC,researcher
2024/10/21 23:01:04 UTC,writer
2024/10/22 00:49:43 UTC,content designer
2024/10/22 02:39:02 UTC,writer
2024/10/22 02:39:02 UTC,writer
2024/10/22 02:39:02 UTC,writer
2024/10/22 02:39:02 UTC,writer
2024/10/22 19:09:04 UTC,researcher
2024/10/22 19:09:04 UTC,researcher
2024/10/22 19:09:04 UTC,researcher
2024/10/22 19:09:04 UTC,researcher
2024/10/22 21:18:02 UTC,content designer
2024/10/22 21:18:02 UTC,content designer
2024/10/23 01:58:15 UTC,researcher
2024/10/23 02:15:03 UTC,writer
2024/10/23 02:18:47 UTC,researcher
2024/10/23 02:35:56 UTC,writer
2024/10/23 02:47:12 UTC,writer
2024/10/23 02:47:12 UTC,writer
2024/10/23 02:47:12 UTC,writer
2024/10/23 02:47:12 UTC,writer
2024/10/23 04:25:05 UTC,content designer
2024/10/23 18:18:40 UTC,teal hq
2024/10/23 18:18:40 UTC,trudi ackermann
2024/10/23 18:18:40 UTC,trudy curtis
2024/10/23 18:18:40 UTC,truepath.ai
2024/10/23 18:18:42 UTC,trudy
2024/10/23 18:18:42 UTC,trudy
2024/10/23 18:18:43 UTC,trudy
2024/10/23 18:18:58 UTC,myriam soldati
2024/10/23 18:18:59 UTC,mytheresa
2024/10/23 18:18:59 UTC,mytrucking
2024/10/23 18:18:59 UTC,mytrudesign
2024/10/23 18:18:59 UTC,product marketing
2024/10/23 18:18:59 UTC,yegor mytrofanov
2024/10/23 18:19:00 UTC,MyTrudy
2024/10/23 18:19:01 UTC,MyTrudy
2024/10/23 18:19:09 UTC,my trudy
2024/10/23 18:19:10 UTC,my trudy
2024/10/23 18:19:15 UTC,my trudy
2024/10/23 18:19:15 UTC,my trudy
2024/10/23 18:19:22 UTC,trudy
2024/10/23 18:19:23 UTC,trudy
2024/10/23 18:19:24 UTC,trudy
2024/10/23 19:17:05 UTC,researcher
2024/10/23 19:17:05 UTC,researcher
2024/10/23 19:17:05 UTC,researcher
2024/10/23 19:17:05 UTC,researcher
2024/10/23 20:57:59 UTC,content designer
2024/10/23 20:57:59 UTC,content designer
2024/10/24 02:42:53 UTC,writer
2024/10/24 02:42:53 UTC,writer
2024/10/24 02:42:53 UTC,writer
2024/10/24 02:42:53 UTC,writer
2024/10/24 05:31:18 UTC,researcher
2024/10/24 05:48:13 UTC,writer
2024/10/24 05:51:44 UTC,researcher
2024/10/24 06:10:45 UTC,writer
2024/10/24 07:58:31 UTC,content designer
2024/10/24 18:42:08 UTC,researcher
2024/10/24 18:42:08 UTC,researcher
2024/10/24 18:42:08 UTC,researcher
2024/10/24 18:42:08 UTC,researcher
2024/10/24 20:46:11 UTC,content designer
2024/10/24 20:46:11 UTC,content designer
2024/10/25 03:02:15 UTC,writer
2024/10/25 03:02:15 UTC,writer
2024/10/25 03:02:15 UTC,writer
2024/10/25 03:02:15 UTC,writer
2024/10/25 09:07:12 UTC,researcher
2024/10/25 09:23:02 UTC,writer
2024/10/25 09:28:55 UTC,researcher
2024/10/25 09:45:23 UTC,writer
2024/10/25 11:33:33 UTC,content designer
2024/10/25 18:49:01 UTC,researcher
2024/10/25 18:49:01 UTC,researcher
2024/10/25 18:49:01 UTC,researcher
2024/10/25 18:49:01 UTC,researcher
2024/10/25 20:50:08 UTC,content designer
2024/10/25 20:50:08 UTC,content designer
2024/10/26 02:46:14 UTC,writer
2024/10/26 02:46:14 UTC,writer
2024/10/26 02:46:14 UTC,writer
2024/10/26 02:46:14 UTC,writer
2024/10/26 12:46:33 UTC,researcher
2024/10/26 13:00:33 UTC,writer
2024/10/26 13:05:13 UTC,researcher
2024/10/26 13:23:29 UTC,writer
2024/10/26 14:25:28 UTC,truepath.ai
2024/10/26 14:25:29 UTC,truepath.ai
2024/10/26 15:11:20 UTC,content designer
2024/10/26 18:51:26 UTC,researcher
2024/10/26 18:51:26 UTC,researcher
2024/10/26 18:51:26 UTC,researcher
2024/10/26 18:51:26 UTC,researcher
2024/10/26 20:38:36 UTC,content designer
2024/10/26 20:38:36 UTC,content designer
2024/10/27 02:42:26 UTC,writer
2024/10/27 02:42:26 UTC,writer
2024/10/27 02:42:26 UTC,writer
2024/10/27 02:42:26 UTC,writer
2024/10/27 16:25:25 UTC,researcher
2024/10/27 16:40:31 UTC,writer
2024/10/27 16:43:57 UTC,researcher
2024/10/27 17:03:03 UTC,writer
2024/10/27 18:51:07 UTC,researcher
2024/10/27 18:51:07 UTC,researcher
2024/10/27 18:51:07 UTC,researcher
2024/10/27 18:51:07 UTC,researcher
2024/10/27 18:51:19 UTC,content designer
2024/10/27 20:37:30 UTC,content designer
2024/10/27 20:37:30 UTC,content designer
2024/10/28 02:57:48 UTC,writer
2024/10/28 02:57:48 UTC,writer
2024/10/28 02:57:48 UTC,writer
2024/10/28 02:57:48 UTC,writer
2024/10/28 19:02:35 UTC,researcher
2024/10/28 19:02:35 UTC,researcher
2024/10/28 19:02:35 UTC,researcher
2024/10/28 19:02:35 UTC,researcher
2024/10/28 20:08:17 UTC,researcher
2024/10/28 20:23:20 UTC,writer
2024/10/28 20:26:06 UTC,researcher
2024/10/28 20:45:09 UTC,writer
2024/10/28 20:57:25 UTC,content designer
2024/10/28 20:57:25 UTC,content designer
2024/10/28 22:33:31 UTC,content designer
2024/10/29 02:40:55 UTC,writer
2024/10/29 02:40:55 UTC,writer
2024/10/29 02:40:55 UTC,writer
2024/10/29 02:40:55 UTC,writer
2024/10/29 18:52:22 UTC,researcher
2024/10/29 18:52:22 UTC,researcher
2024/10/29 18:52:22 UTC,researcher
2024/10/29 18:52:22 UTC,researcher
2024/10/29 20:36:09 UTC,content designer
2024/10/29 20:36:09 UTC,content designer
2024/10/29 23:49:30 UTC,researcher
2024/10/30 00:05:26 UTC,writer
2024/10/30 00:07:53 UTC,researcher
2024/10/30 00:28:20 UTC,writer
2024/10/30 02:13:55 UTC,content designer
2024/10/30 02:43:49 UTC,writer
2024/10/30 02:43:49 UTC,writer
2024/10/30 02:43:49 UTC,writer
2024/10/30 02:43:49 UTC,writer
2024/10/30 19:02:15 UTC,researcher
2024/10/30 19:02:15 UTC,researcher
2024/10/30 19:02:15 UTC,researcher
2024/10/30 19:02:16 UTC,researcher
2024/10/30 20:47:45 UTC,content designer
2024/10/30 20:47:45 UTC,content designer
2024/10/31 02:42:21 UTC,writer
2024/10/31 02:42:21 UTC,writer
2024/10/31 02:42:21 UTC,writer
2024/10/31 02:42:21 UTC,writer
2024/10/31 03:31:46 UTC,researcher
2024/10/31 03:48:40 UTC,writer
2024/10/31 03:51:07 UTC,researcher
2024/10/31 04:10:50 UTC,writer
2024/10/31 05:58:53 UTC,content designer
2024/10/31 18:51:37 UTC,researcher
2024/10/31 18:51:37 UTC,researcher
2024/10/31 18:51:37 UTC,researcher
2024/10/31 18:51:37 UTC,researcher
2024/10/31 20:38:32 UTC,content designer
2024/10/31 20:38:32 UTC,content designer
2024/11/01 02:40:13 UTC,writer
2024/11/01 02:40:13 UTC,writer
2024/11/01 02:40:13 UTC,writer
2024/11/01 02:40:13 UTC,writer
2024/11/01 07:17:26 UTC,researcher
2024/11/01 07:33:13 UTC,writer
2024/11/01 07:34:53 UTC,researcher
2024/11/01 07:54:45 UTC,writer
2024/11/01 09:42:21 UTC,content designer
2024/11/01 18:42:12 UTC,researcher
2024/11/01 18:42:12 UTC,researcher
2024/11/01 18:42:12 UTC,researcher
2024/11/01 18:42:12 UTC,researcher
2024/11/01 20:40:05 UTC,content designer
2024/11/01 20:40:05 UTC,content designer
2024/11/02 02:38:15 UTC,writer
2024/11/02 02:38:15 UTC,writer
2024/11/02 02:38:15 UTC,writer
2024/11/02 02:38:15 UTC,writer
2024/11/02 11:03:20 UTC,researcher
2024/11/02 11:18:28 UTC,writer
2024/11/02 11:20:54 UTC,researcher
2024/11/02 11:39:57 UTC,writer
2024/11/02 13:29:51 UTC,content designer
2024/11/02 18:44:00 UTC,researcher
2024/11/02 18:44:00 UTC,researcher
2024/11/02 18:44:00 UTC,researcher
2024/11/02 18:44:00 UTC,researcher
2024/11/02 20:40:51 UTC,content designer
2024/11/02 20:40:51 UTC,content designer
2024/11/03 02:46:15 UTC,writer
2024/11/03 02:46:15 UTC,writer
2024/11/03 02:46:15 UTC,writer
2024/11/03 02:46:15 UTC,writer
2024/11/03 14:49:16 UTC,researcher
2024/11/03 15:03:46 UTC,researcher
2024/11/03 15:05:53 UTC,writer
2024/11/03 15:26:28 UTC,writer
2024/11/03 17:14:38 UTC,content designer
2024/11/03 19:45:17 UTC,researcher
2024/11/03 19:45:17 UTC,researcher
2024/11/03 19:45:17 UTC,researcher
2024/11/03 19:45:17 UTC,researcher
2024/11/03 21:38:17 UTC,content designer
2024/11/03 21:38:17 UTC,content designer
2024/11/04 03:46:48 UTC,writer
2024/11/04 03:46:48 UTC,writer
2024/11/04 03:46:48 UTC,writer
2024/11/04 03:46:48 UTC,writer
2024/11/04 18:36:00 UTC,researcher
2024/11/04 18:48:52 UTC,researcher
2024/11/04 18:50:35 UTC,writer
2024/11/04 19:11:52 UTC,writer
2024/11/04 19:43:44 UTC,researcher
2024/11/04 19:43:44 UTC,researcher
2024/11/04 19:43:44 UTC,researcher
2024/11/04 19:43:44 UTC,researcher
2024/11/04 21:02:54 UTC,content designer
2024/11/04 21:39:31 UTC,content designer
2024/11/04 21:39:31 UTC,content designer
2024/11/04 23:57:27 UTC,Nick Chuvalas
2024/11/04 23:57:27 UTC,Nick Chuvalas
2024/11/05 03:40:58 UTC,writer
2024/11/05 03:40:58 UTC,writer
2024/11/05 03:40:58 UTC,writer
2024/11/05 03:40:58 UTC,writer
2024/11/05 19:50:16 UTC,researcher
2024/11/05 19:50:16 UTC,researcher
2024/11/05 19:50:16 UTC,researcher
2024/11/05 19:50:16 UTC,researcher
2024/11/05 21:45:47 UTC,content designer
2024/11/05 21:45:47 UTC,content designer
2024/11/05 22:23:20 UTC,researcher
2024/11/05 22:37:09 UTC,researcher
2024/11/05 22:37:38 UTC,writer
2024/11/05 23:01:09 UTC,writer
2024/11/06 00:48:08 UTC,content designer
2024/11/06 03:49:06 UTC,writer
2024/11/06 03:49:06 UTC,writer
2024/11/06 03:49:06 UTC,writer
2024/11/06 03:49:06 UTC,writer
2024/11/06 19:53:44 UTC,researcher
2024/11/06 19:53:44 UTC,researcher
2024/11/06 19:53:44 UTC,researcher
2024/11/06 19:53:44 UTC,researcher
2024/11/06 21:39:30 UTC,content designer
2024/11/06 21:39:30 UTC,content designer
2024/11/07 02:15:17 UTC,researcher
2024/11/07 02:26:31 UTC,researcher
2024/11/07 02:26:33 UTC,writer
2024/11/07 02:52:20 UTC,writer
2024/11/07 03:41:03 UTC,writer
2024/11/07 03:41:03 UTC,writer
2024/11/07 03:41:03 UTC,writer
2024/11/07 03:41:03 UTC,writer
2024/11/07 04:37:52 UTC,content designer
2024/11/07 19:47:17 UTC,researcher
2024/11/07 19:47:17 UTC,researcher
2024/11/07 19:47:17 UTC,researcher
2024/11/07 19:47:17 UTC,researcher
2024/11/07 21:49:42 UTC,content designer
2024/11/07 21:49:42 UTC,content designer
2024/11/08 03:39:13 UTC,writer
2024/11/08 03:39:13 UTC,writer
2024/11/08 03:39:13 UTC,writer
2024/11/08 03:39:13 UTC,writer
2024/11/08 06:05:10 UTC,researcher
2024/11/08 06:15:37 UTC,researcher
2024/11/08 06:16:58 UTC,writer
2024/11/08 06:41:19 UTC,writer
2024/11/08 08:28:32 UTC,content designer
2024/11/08 19:55:23 UTC,researcher
2024/11/08 19:55:23 UTC,researcher
2024/11/08 19:55:23 UTC,researcher
2024/11/08 19:55:23 UTC,researcher
2024/11/08 21:42:50 UTC,content designer
2024/11/08 21:42:50 UTC,content designer
2024/11/09 03:45:37 UTC,writer
2024/11/09 03:45:37 UTC,writer
2024/11/09 03:45:37 UTC,writer
2024/11/09 03:45:37 UTC,writer
2024/11/09 09:56:01 UTC,researcher
2024/11/09 10:05:37 UTC,researcher
2024/11/09 10:08:56 UTC,writer
2024/11/09 10:31:11 UTC,writer
2024/11/09 12:20:13 UTC,content designer
2024/11/09 19:45:32 UTC,researcher
2024/11/09 19:45:32 UTC,researcher
2024/11/09 19:45:32 UTC,researcher
2024/11/09 19:45:32 UTC,researcher
2024/11/09 21:48:00 UTC,content designer
2024/11/09 21:48:00 UTC,content designer
2024/11/10 03:51:04 UTC,writer
2024/11/10 03:51:04 UTC,writer
2024/11/10 03:51:04 UTC,writer
2024/11/10 03:51:04 UTC,writer
2024/11/10 13:59:14 UTC,researcher
2024/11/10 14:10:35 UTC,researcher
2024/11/10 14:12:43 UTC,writer
2024/11/10 14:36:12 UTC,writer
2024/11/10 16:24:41 UTC,content designer
2024/11/10 19:41:02 UTC,researcher
2024/11/10 19:41:02 UTC,researcher
2024/11/10 19:41:02 UTC,researcher
2024/11/10 19:41:02 UTC,researcher
2024/11/10 21:48:30 UTC,content designer
2024/11/10 21:48:30 UTC,content designer
2024/11/11 03:59:50 UTC,writer
2024/11/11 03:59:50 UTC,writer
2024/11/11 03:59:50 UTC,writer
2024/11/11 03:59:50 UTC,writer
2024/11/11 17:51:41 UTC,researcher
2024/11/11 18:06:10 UTC,researcher
2024/11/11 18:06:46 UTC,writer
2024/11/11 18:31:12 UTC,writer
2024/11/11 19:51:55 UTC,researcher
2024/11/11 19:51:55 UTC,researcher
2024/11/11 19:51:55 UTC,researcher
2024/11/11 19:51:55 UTC,researcher
2024/11/11 20:17:00 UTC,content designer
2024/11/11 21:45:19 UTC,content designer
2024/11/11 21:45:19 UTC,content designer
2024/11/12 03:44:13 UTC,writer
2024/11/12 03:44:13 UTC,writer
2024/11/12 03:44:13 UTC,writer
2024/11/12 03:44:13 UTC,writer
2024/11/12 19:41:20 UTC,researcher
2024/11/12 19:41:20 UTC,researcher
2024/11/12 19:41:20 UTC,researcher
2024/11/12 19:41:20 UTC,researcher
2024/11/12 21:54:41 UTC,content designer
2024/11/12 21:54:41 UTC,content designer
2024/11/12 22:06:56 UTC,researcher
2024/11/12 22:21:54 UTC,researcher
2024/11/12 22:22:28 UTC,writer
2024/11/12 22:47:59 UTC,writer
2024/11/13 00:31:46 UTC,content designer
2024/11/13 03:44:54 UTC,writer
2024/11/13 03:44:54 UTC,writer
2024/11/13 03:44:54 UTC,writer
2024/11/13 03:44:54 UTC,writer
2024/11/14 01:12:43 UTC,truepath.ai
2024/11/14 01:12:44 UTC,teal hq
2024/11/14 01:12:47 UTC,tealhq
2024/11/14 01:12:49 UTC,tealhq
2024/11/14 01:12:54 UTC,tealhq
2024/11/14 01:12:55 UTC,tealhq
2024/11/14 01:12:57 UTC,teal hq
2024/11/14 01:12:57 UTC,teal hq
2024/11/14 01:13:11 UTC,teal
2024/11/14 01:13:11 UTC,teal
2024/11/14 01:31:47 UTC,content designer
2024/11/14 01:31:47 UTC,content designer
2024/11/14 01:31:47 UTC,researcher
2024/11/14 01:31:47 UTC,researcher
2024/11/14 01:31:47 UTC,researcher
2024/11/14 01:31:47 UTC,researcher
2024/11/14 03:01:03 UTC,researcher
2024/11/14 03:14:58 UTC,writer
2024/11/14 03:15:31 UTC,researcher
2024/11/14 03:42:13 UTC,writer
2024/11/14 03:44:21 UTC,writer
2024/11/14 03:44:21 UTC,writer
2024/11/14 03:44:21 UTC,writer
2024/11/14 03:44:21 UTC,writer
2024/11/14 05:27:45 UTC,content designer
2024/11/14 19:44:30 UTC,researcher
2024/11/14 19:44:30 UTC,researcher
2024/11/14 19:44:30 UTC,researcher
2024/11/14 19:44:30 UTC,researcher
2024/11/14 19:52:50 UTC,zety\: resume builder & career website
2024/11/14 19:52:52 UTC,zety\: resume builder & career website
2024/11/14 19:53:03 UTC,Teal
2024/11/14 19:53:04 UTC,Teal
2024/11/14 19:53:13 UTC,Zety\: Resume Builder & Career Website
2024/11/14 19:53:15 UTC,Zety\: Resume Builder & Career Website
2024/11/14 19:53:45 UTC,Trudy
2024/11/14 19:53:46 UTC,Trudy
2024/11/14 19:53:55 UTC,Zety\: Resume Builder & Career Website
2024/11/14 22:15:43 UTC,content designer
2024/11/14 22:15:43 UTC,content designer
2024/11/15 03:41:42 UTC,writer
2024/11/15 03:41:42 UTC,writer
2024/11/15 03:41:42 UTC,writer
2024/11/15 03:41:42 UTC,writer
2024/11/15 07:00:02 UTC,researcher
2024/11/15 07:14:34 UTC,writer
2024/11/15 07:16:03 UTC,researcher
2024/11/15 07:44:56 UTC,writer
2024/11/15 09:24:59 UTC,content designer
2024/11/15 20:46:06 UTC,researcher
2024/11/15 20:46:06 UTC,researcher
2024/11/15 20:46:06 UTC,researcher
2024/11/15 20:46:06 UTC,researcher
2024/11/15 21:51:57 UTC,content designer
2024/11/15 21:51:57 UTC,content designer
2024/11/16 03:36:52 UTC,writer
2024/11/16 03:36:52 UTC,writer
2024/11/16 03:36:52 UTC,writer
2024/11/16 03:36:52 UTC,writer
2024/11/16 10:13:38 UTC,researcher
2024/11/16 10:27:43 UTC,writer
2024/11/16 10:28:44 UTC,researcher
2024/11/16 10:54:24 UTC,writer
2024/11/16 12:31:29 UTC,content designer
2024/11/16 19:45:21 UTC,researcher
2024/11/16 19:45:21 UTC,researcher
2024/11/16 19:45:21 UTC,researcher
2024/11/16 19:45:21 UTC,researcher
2024/11/16 21:37:34 UTC,content designer
2024/11/16 21:37:34 UTC,content designer
2024/11/17 03:45:29 UTC,writer
2024/11/17 03:45:29 UTC,writer
2024/11/17 03:45:29 UTC,writer
2024/11/17 03:45:29 UTC,writer
2024/11/17 12:17:34 UTC,researcher
2024/11/17 12:33:16 UTC,writer
2024/11/17 12:33:42 UTC,researcher
2024/11/17 13:00:23 UTC,writer
2024/11/17 14:38:16 UTC,content designer
2024/11/17 20:15:26 UTC,researcher
2024/11/17 20:15:26 UTC,researcher
2024/11/17 20:15:26 UTC,researcher
2024/11/17 20:15:26 UTC,researcher
2024/11/17 21:41:28 UTC,content designer
2024/11/17 21:41:28 UTC,content designer
2024/11/18 03:48:38 UTC,writer
2024/11/18 03:48:38 UTC,writer
2024/11/18 03:48:38 UTC,writer
2024/11/18 03:48:38 UTC,writer
2024/11/18 14:22:58 UTC,researcher
2024/11/18 14:39:31 UTC,writer
2024/11/18 14:39:32 UTC,researcher
2024/11/18 15:05:46 UTC,writer
2024/11/18 16:44:11 UTC,content designer
2024/11/18 19:40:56 UTC,researcher
2024/11/18 19:40:56 UTC,researcher
2024/11/18 19:40:56 UTC,researcher
2024/11/18 19:40:56 UTC,researcher
2024/11/18 21:51:10 UTC,content designer
2024/11/18 21:51:10 UTC,content designer
2024/11/19 03:42:22 UTC,writer
2024/11/19 03:42:22 UTC,writer
2024/11/19 03:42:22 UTC,writer
2024/11/19 03:42:22 UTC,writer
2024/11/19 16:31:07 UTC,researcher
2024/11/19 16:45:16 UTC,researcher
2024/11/19 16:47:29 UTC,writer
2024/11/19 17:11:39 UTC,writer
2024/11/19 18:52:39 UTC,content designer
2024/11/19 19:41:43 UTC,researcher
2024/11/19 19:41:43 UTC,researcher
2024/11/19 19:41:43 UTC,researcher
2024/11/19 19:41:43 UTC,researcher
2024/11/19 21:46:25 UTC,content designer
2024/11/19 21:46:25 UTC,content designer
2024/11/20 03:42:47 UTC,writer
2024/11/20 03:42:47 UTC,writer
2024/11/20 03:42:47 UTC,writer
2024/11/20 03:42:47 UTC,writer
2024/11/20 18:39:03 UTC,researcher
2024/11/20 18:53:39 UTC,researcher
2024/11/20 18:54:34 UTC,writer
2024/11/20 19:19:03 UTC,writer
2024/11/20 20:11:01 UTC,researcher
2024/11/20 20:11:01 UTC,researcher
2024/11/20 20:11:01 UTC,researcher
2024/11/20 20:11:01 UTC,researcher
2024/11/20 21:01:34 UTC,content designer
2024/11/20 21:49:47 UTC,content designer
2024/11/20 21:49:47 UTC,content designer
2024/11/21 03:49:14 UTC,writer
2024/11/21 03:49:14 UTC,writer
2024/11/21 03:49:14 UTC,writer
2024/11/21 03:49:14 UTC,writer
2024/11/21 19:43:39 UTC,researcher
2024/11/21 19:43:39 UTC,researcher
2024/11/21 19:43:39 UTC,researcher
2024/11/21 19:43:39 UTC,researcher
2024/11/21 21:01:20 UTC,researcher
2024/11/21 21:15:16 UTC,researcher
2024/11/21 21:17:13 UTC,writer
2024/11/21 21:42:48 UTC,writer
2024/11/21 21:59:06 UTC,content designer
2024/11/21 21:59:06 UTC,content designer
2024/11/21 23:23:29 UTC,content designer
2024/11/22 03:44:52 UTC,writer
2024/11/22 03:44:52 UTC,writer
2024/11/22 03:44:52 UTC,writer
2024/11/22 03:44:52 UTC,writer
2024/11/22 19:49:19 UTC,researcher
2024/11/22 19:49:19 UTC,researcher
2024/11/22 19:49:19 UTC,researcher
2024/11/22 19:49:19 UTC,researcher
2024/11/22 22:27:05 UTC,content designer
2024/11/22 22:27:05 UTC,content designer
2024/11/22 23:09:38 UTC,researcher
2024/11/22 23:23:57 UTC,researcher
2024/11/22 23:26:24 UTC,writer
2024/11/22 23:51:18 UTC,writer
2024/11/23 01:31:11 UTC,content designer
2024/11/23 03:51:57 UTC,writer
2024/11/23 03:51:57 UTC,writer
2024/11/23 03:51:57 UTC,writer
2024/11/23 03:51:57 UTC,writer
2024/11/23 19:41:31 UTC,researcher
2024/11/23 19:41:31 UTC,researcher
2024/11/23 19:41:31 UTC,researcher
2024/11/23 19:41:31 UTC,researcher
2024/11/23 21:42:40 UTC,content designer
2024/11/23 21:42:40 UTC,content designer
2024/11/24 01:16:38 UTC,researcher
2024/11/24 01:33:37 UTC,researcher
2024/11/24 01:35:18 UTC,writer
2024/11/24 01:58:07 UTC,writer
2024/11/24 03:37:06 UTC,content designer
2024/11/24 03:42:42 UTC,writer
2024/11/24 03:42:42 UTC,writer
2024/11/24 03:42:42 UTC,writer
2024/11/24 03:42:42 UTC,writer
2024/11/24 19:48:53 UTC,researcher
2024/11/24 19:48:53 UTC,researcher
2024/11/24 19:48:53 UTC,researcher
2024/11/24 19:48:53 UTC,researcher
2024/11/24 21:40:52 UTC,content designer
2024/11/24 21:40:52 UTC,content designer
2024/11/25 03:20:45 UTC,researcher
2024/11/25 03:39:36 UTC,writer
2024/11/25 03:39:47 UTC,researcher
2024/11/25 03:40:48 UTC,writer
2024/11/25 03:40:48 UTC,writer
2024/11/25 03:40:48 UTC,writer
2024/11/25 03:40:48 UTC,writer
2024/11/25 04:01:20 UTC,writer
2024/11/25 05:42:31 UTC,content designer
2024/11/25 19:42:44 UTC,researcher
2024/11/25 19:42:44 UTC,researcher
2024/11/25 19:42:44 UTC,researcher
2024/11/25 19:42:44 UTC,researcher
2024/11/25 21:52:19 UTC,content designer
2024/11/25 21:52:19 UTC,content designer
2024/11/26 03:42:57 UTC,writer
2024/11/26 03:42:57 UTC,writer
2024/11/26 03:42:57 UTC,writer
2024/11/26 03:42:57 UTC,writer
2024/11/26 05:25:31 UTC,researcher
2024/11/26 05:44:29 UTC,researcher
2024/11/26 05:44:37 UTC,writer
2024/11/26 06:05:32 UTC,writer
2024/11/26 07:47:50 UTC,content designer
2024/11/26 19:41:18 UTC,researcher
2024/11/26 19:41:18 UTC,researcher
2024/11/26 19:41:18 UTC,researcher
2024/11/26 19:41:18 UTC,researcher
2024/11/26 21:47:05 UTC,content designer
2024/11/26 21:47:05 UTC,content designer
2024/11/27 03:48:17 UTC,writer
2024/11/27 03:48:17 UTC,writer
2024/11/27 03:48:17 UTC,writer
2024/11/27 03:48:17 UTC,writer
2024/11/27 07:33:19 UTC,researcher
2024/11/27 07:54:31 UTC,researcher
2024/11/27 07:54:44 UTC,writer
2024/11/27 08:13:16 UTC,writer
2024/11/27 09:55:41 UTC,content designer
2024/11/27 19:50:46 UTC,researcher
2024/11/27 19:50:46 UTC,researcher
2024/11/27 19:50:46 UTC,researcher
2024/11/27 19:50:46 UTC,researcher
2024/11/27 21:40:23 UTC,content designer
2024/11/27 21:40:23 UTC,content designer
2024/11/28 03:40:50 UTC,writer
2024/11/28 03:40:50 UTC,writer
2024/11/28 03:40:50 UTC,writer
2024/11/28 03:40:50 UTC,writer
2024/11/28 09:41:53 UTC,researcher
2024/11/28 10:03:12 UTC,writer
2024/11/28 10:04:04 UTC,researcher
2024/11/28 10:21:40 UTC,writer
2024/11/28 12:03:11 UTC,content designer
2024/11/28 19:36:20 UTC,researcher
2024/11/28 19:36:20 UTC,researcher
2024/11/28 19:36:20 UTC,researcher
2024/11/28 19:36:20 UTC,researcher
2024/11/28 21:45:10 UTC,content designer
2024/11/28 21:45:10 UTC,content designer
2024/11/29 03:38:17 UTC,writer
2024/11/29 03:38:17 UTC,writer
2024/11/29 03:38:17 UTC,writer
2024/11/29 03:38:17 UTC,writer
2024/11/29 19:39:47 UTC,researcher
2024/11/29 19:39:47 UTC,researcher
2024/11/29 19:39:47 UTC,researcher
2024/11/29 19:39:47 UTC,researcher
2024/11/29 21:48:58 UTC,content designer
2024/11/29 21:48:58 UTC,content designer
2024/11/30 03:40:50 UTC,writer
2024/11/30 03:40:50 UTC,writer
2024/11/30 03:40:50 UTC,writer
2024/11/30 03:40:50 UTC,writer
2024/11/30 19:44:38 UTC,researcher
2024/11/30 19:44:38 UTC,researcher
2024/11/30 19:44:38 UTC,researcher
2024/11/30 19:44:38 UTC,researcher
2024/11/30 21:39:12 UTC,content designer
2024/11/30 21:39:13 UTC,content designer
2024/12/01 03:45:32 UTC,writer
2024/12/01 03:45:32 UTC,writer
2024/12/01 03:45:32 UTC,writer
2024/12/01 03:45:32 UTC,writer
2024/12/01 19:37:14 UTC,researcher
2024/12/01 19:37:14 UTC,researcher
2024/12/01 19:37:14 UTC,researcher
2024/12/01 19:37:14 UTC,researcher
2024/12/01 21:47:17 UTC,content designer
2024/12/01 21:47:17 UTC,content designer
2024/12/02 03:38:06 UTC,writer
2024/12/02 03:38:06 UTC,writer
2024/12/02 03:38:06 UTC,writer
2024/12/02 03:38:06 UTC,writer
2024/12/02 19:47:44 UTC,researcher
2024/12/02 19:47:44 UTC,researcher
2024/12/02 19:47:44 UTC,researcher
2024/12/02 19:47:44 UTC,researcher
2024/12/02 20:37:33 UTC,jaclyn leaver
2024/12/02 21:37:00 UTC,content designer
2024/12/02 21:37:00 UTC,content designer
2024/12/03 03:36:29 UTC,writer
2024/12/03 03:36:29 UTC,writer
2024/12/03 03:36:29 UTC,writer
2024/12/03 03:36:29 UTC,writer
2024/12/03 19:50:33 UTC,researcher
2024/12/03 19:50:33 UTC,researcher
2024/12/03 19:50:33 UTC,researcher
2024/12/03 19:50:33 UTC,researcher
2024/12/03 22:56:43 UTC,content designer
2024/12/03 22:56:43 UTC,content designer
2024/12/04 03:42:35 UTC,writer
2024/12/04 03:42:35 UTC,writer
2024/12/04 03:42:35 UTC,writer
2024/12/04 03:42:35 UTC,writer
2024/12/04 19:40:10 UTC,researcher
2024/12/04 19:40:10 UTC,researcher
2024/12/04 19:40:11 UTC,researcher
2024/12/04 19:40:11 UTC,researcher
2024/12/04 21:39:49 UTC,content designer
2024/12/04 21:39:49 UTC,content designer
2024/12/05 03:44:51 UTC,writer
2024/12/05 03:44:51 UTC,writer
2024/12/05 03:44:51 UTC,writer
2024/12/05 03:44:51 UTC,writer
2024/12/05 04:20:08 UTC,trudy
2024/12/05 04:20:09 UTC,trudy
2024/12/05 04:20:14 UTC,trudy
2024/12/05 06:13:48 UTC,ideo
2024/12/05 16:43:26 UTC,dr kat eghdamian
2024/12/05 16:43:27 UTC,ega
2024/12/05 16:43:27 UTC,egap srl
2024/12/05 16:43:27 UTC,interviewing
2024/12/05 16:43:29 UTC,egap
2024/12/05 16:43:31 UTC,egap
2024/12/05 19:53:28 UTC,researcher
2024/12/05 19:53:28 UTC,researcher
2024/12/05 19:53:28 UTC,researcher
2024/12/05 19:53:28 UTC,researcher
2024/12/05 21:54:14 UTC,content designer
2024/12/05 21:54:14 UTC,content designer
2024/12/06 03:53:24 UTC,writer
2024/12/06 03:53:24 UTC,writer
2024/12/06 03:53:24 UTC,writer
2024/12/06 03:53:24 UTC,writer
2024/12/06 19:46:25 UTC,researcher
2024/12/06 19:46:25 UTC,researcher
2024/12/06 19:46:26 UTC,researcher
2024/12/06 19:46:26 UTC,researcher
2024/12/06 21:56:34 UTC,content designer
2024/12/06 21:56:34 UTC,content designer
2024/12/07 03:44:19 UTC,writer
2024/12/07 03:44:19 UTC,writer
2024/12/07 03:44:19 UTC,writer
2024/12/07 03:44:20 UTC,writer
2024/12/07 19:49:29 UTC,researcher
2024/12/07 19:49:29 UTC,researcher
2024/12/07 19:49:29 UTC,researcher
2024/12/07 19:49:29 UTC,researcher
2024/12/07 21:50:55 UTC,content designer
2024/12/07 21:50:55 UTC,content designer
2024/12/08 03:40:13 UTC,writer
2024/12/08 03:40:13 UTC,writer
2024/12/08 03:40:13 UTC,writer
2024/12/08 03:40:13 UTC,writer
2024/12/08 19:56:40 UTC,researcher
2024/12/08 19:56:40 UTC,researcher
2024/12/08 19:56:40 UTC,researcher
2024/12/08 19:56:40 UTC,researcher
2024/12/08 21:52:46 UTC,content designer
2024/12/08 21:52:46 UTC,content designer
2024/12/09 02:15:33 UTC,Trudy
2024/12/09 03:44:28 UTC,writer
2024/12/09 03:44:28 UTC,writer
2024/12/09 03:44:28 UTC,writer
2024/12/09 03:44:28 UTC,writer
2024/12/09 18:34:03 UTC,Head of Content
2024/12/09 18:34:04 UTC,Head of Content
2024/12/09 18:34:05 UTC,Head of Content
2024/12/09 18:34:05 UTC,Head of Content
2024/12/09 18:34:07 UTC,writer
2024/12/09 19:18:05 UTC,Head of Content
2024/12/09 19:18:05 UTC,Head of Content
2024/12/09 19:45:08 UTC,researcher
2024/12/09 19:45:08 UTC,researcher
2024/12/09 19:45:08 UTC,researcher
2024/12/09 19:45:08 UTC,researcher
2024/12/09 21:48:02 UTC,content designer
2024/12/09 21:48:02 UTC,content designer
2024/12/09 23:51:17 UTC,Head of Content
2024/12/09 23:51:18 UTC,Head of Content
2024/12/10 03:45:35 UTC,writer
2024/12/10 03:45:35 UTC,writer
2024/12/10 03:45:35 UTC,writer
2024/12/10 03:45:35 UTC,writer
2024/12/10 20:03:32 UTC,researcher
2024/12/10 20:03:32 UTC,researcher
2024/12/10 20:03:32 UTC,researcher
2024/12/10 20:03:32 UTC,researcher
2024/12/10 21:50:04 UTC,content designer
2024/12/10 21:50:04 UTC,content designer
2024/12/11 03:42:06 UTC,writer
2024/12/11 03:42:06 UTC,writer
2024/12/11 03:42:06 UTC,writer
2024/12/11 03:42:06 UTC,writer
2024/12/11 19:52:52 UTC,researcher
2024/12/11 19:52:52 UTC,researcher
2024/12/11 19:52:52 UTC,researcher
2024/12/11 19:52:52 UTC,researcher
2024/12/11 21:54:10 UTC,content designer
2024/12/11 21:54:10 UTC,content designer
2024/12/12 03:42:37 UTC,writer
2024/12/12 03:42:37 UTC,writer
2024/12/12 03:42:37 UTC,writer
2024/12/12 03:42:37 UTC,writer
2024/12/12 04:28:46 UTC,Trudy
2024/12/12 19:50:18 UTC,researcher
2024/12/12 19:50:18 UTC,researcher
2024/12/12 19:50:18 UTC,researcher
2024/12/12 19:50:18 UTC,researcher
2024/12/12 21:52:46 UTC,content designer
2024/12/12 21:52:46 UTC,content designer
2024/12/13 03:42:52 UTC,writer
2024/12/13 03:42:52 UTC,writer
2024/12/13 03:42:52 UTC,writer
2024/12/13 03:42:52 UTC,writer
2024/12/13 18:23:52 UTC,evan ochsenfaber (faber)
2024/12/13 18:23:53 UTC,egap
2024/12/13 18:23:53 UTC,evidence in governance and politics
2024/12/13 18:23:55 UTC,evidence in governance and politics
2024/12/13 18:24:37 UTC,evidence in governance and politics
2024/12/13 18:24:42 UTC,evidence in governance and politics
2024/12/13 18:24:51 UTC,evidence in governance and politics
2024/12/13 18:24:52 UTC,evidence in governance and politics
2024/12/13 18:25:06 UTC,evidence in governance and politics
2024/12/13 18:25:07 UTC,evidence in governance and politics
2024/12/13 18:25:15 UTC,evidence in governance and politics
2024/12/13 18:25:20 UTC,evidence in governance and politics
2024/12/13 18:25:23 UTC,evidence in governance and politics
2024/12/13 18:25:26 UTC,evidence in governance and politics
2024/12/13 19:43:04 UTC,researcher
2024/12/13 19:43:04 UTC,researcher
2024/12/13 19:43:04 UTC,researcher
2024/12/13 19:43:04 UTC,researcher
2024/12/13 21:43:41 UTC,content designer
2024/12/13 21:43:41 UTC,content designer
2024/12/14 03:38:16 UTC,writer
2024/12/14 03:38:16 UTC,writer
2024/12/14 03:38:16 UTC,writer
2024/12/14 03:38:16 UTC,writer
2024/12/14 19:55:03 UTC,researcher
2024/12/14 19:55:03 UTC,researcher
2024/12/14 19:55:03 UTC,researcher
2024/12/14 19:55:03 UTC,researcher
2024/12/14 21:49:52 UTC,content designer
2024/12/14 21:49:52 UTC,content designer
2024/12/15 03:43:26 UTC,writer
2024/12/15 03:43:26 UTC,writer
2024/12/15 03:43:26 UTC,writer
2024/12/15 03:43:26 UTC,writer
2024/12/15 19:46:46 UTC,researcher
2024/12/15 19:46:46 UTC,researcher
2024/12/15 19:46:46 UTC,researcher
2024/12/15 19:46:46 UTC,researcher
2024/12/15 21:47:39 UTC,content designer
2024/12/15 21:47:39 UTC,content designer
2024/12/16 03:46:23 UTC,writer
2024/12/16 03:46:23 UTC,writer
2024/12/16 03:46:23 UTC,writer
2024/12/16 03:46:23 UTC,writer
2024/12/16 19:40:17 UTC,corey white
2024/12/16 19:40:18 UTC,copywriting
2024/12/16 19:40:18 UTC,zety\: resume builder & career website
2024/12/16 19:40:19 UTC,copywriter jobs
2024/12/16 19:40:21 UTC,copywriter
2024/12/16 19:40:22 UTC,copywriter
2024/12/16 19:40:24 UTC,copywriter
2024/12/16 19:40:24 UTC,copywriter
2024/12/16 19:42:25 UTC,copywriter
2024/12/16 19:42:27 UTC,copywriter
2024/12/16 19:42:34 UTC,freelance copywriter
2024/12/16 19:42:34 UTC,freelance copywriter
2024/12/16 19:46:02 UTC,researcher
2024/12/16 19:46:02 UTC,researcher
2024/12/16 19:46:02 UTC,researcher
2024/12/16 19:46:02 UTC,researcher
2024/12/16 23:01:39 UTC,content designer
2024/12/16 23:01:39 UTC,content designer
2024/12/17 04:08:15 UTC,writer
2024/12/17 04:10:01 UTC,writer
2024/12/17 20:13:35 UTC,researcher
2024/12/17 20:17:14 UTC,researcher
2024/12/17 22:16:39 UTC,content designer
2024/12/18 04:25:24 UTC,writer
2024/12/18 04:27:33 UTC,writer
2024/12/18 23:45:14 UTC,researcher
2024/12/18 23:51:26 UTC,researcher
2024/12/19 00:39:57 UTC,content designer
2024/12/19 04:08:05 UTC,writer
2024/12/19 04:13:29 UTC,writer
2024/12/19 20:48:06 UTC,researcher
2024/12/19 20:48:34 UTC,researcher
2024/12/19 22:09:25 UTC,content designer
2024/12/20 03:42:47 UTC,researcher
2024/12/20 03:46:17 UTC,writer
2024/12/20 03:54:01 UTC,researcher
2024/12/20 04:08:44 UTC,writer
2024/12/20 04:13:30 UTC,writer
2024/12/20 04:20:06 UTC,writer
2024/12/20 05:52:19 UTC,content designer
2024/12/20 20:21:15 UTC,researcher
2024/12/20 20:31:06 UTC,researcher
2024/12/20 22:11:08 UTC,content designer
2024/12/21 01:06:13 UTC,Trudy
2024/12/21 04:11:00 UTC,writer
2024/12/21 04:15:58 UTC,writer
2024/12/21 05:45:52 UTC,researcher
2024/12/21 05:51:50 UTC,writer
2024/12/21 05:59:07 UTC,researcher
2024/12/21 06:18:07 UTC,writer
2024/12/21 07:56:17 UTC,content designer
2024/12/21 20:09:35 UTC,researcher
2024/12/21 20:16:24 UTC,researcher
2024/12/21 22:30:28 UTC,content designer
2024/12/22 04:08:13 UTC,writer
2024/12/22 04:09:18 UTC,writer
2024/12/22 04:21:18 UTC,writer
2024/12/22 07:47:23 UTC,researcher
2024/12/22 07:53:30 UTC,writer
2024/12/22 08:01:08 UTC,researcher
2024/12/22 08:21:09 UTC,writer
2024/12/22 09:59:50 UTC,content designer
2024/12/22 20:15:51 UTC,researcher
2024/12/22 20:23:00 UTC,researcher
2024/12/22 20:29:09 UTC,researcher
2024/12/22 22:16:52 UTC,content designer
2024/12/23 04:11:35 UTC,writer
2024/12/23 04:12:30 UTC,writer
2024/12/23 09:43:35 UTC,researcher
2024/12/23 09:50:42 UTC,writer
2024/12/23 09:56:49 UTC,researcher
2024/12/23 10:17:55 UTC,writer
2024/12/23 11:57:40 UTC,content designer
2024/12/23 20:21:29 UTC,researcher
2024/12/23 20:28:31 UTC,researcher
2024/12/23 22:19:49 UTC,content designer
2024/12/24 04:14:13 UTC,writer
2024/12/24 04:17:33 UTC,writer
2024/12/24 11:40:02 UTC,researcher
2024/12/24 11:47:46 UTC,writer
2024/12/24 11:52:59 UTC,researcher
2024/12/24 12:14:09 UTC,writer
2024/12/24 13:54:08 UTC,content designer
2024/12/24 20:16:26 UTC,researcher
2024/12/24 20:20:22 UTC,researcher
2024/12/24 22:27:13 UTC,content designer
2024/12/25 04:17:59 UTC,writer
2024/12/25 04:32:50 UTC,writer
2024/12/25 13:35:10 UTC,researcher
2024/12/25 13:43:08 UTC,writer
2024/12/25 13:47:22 UTC,researcher
2024/12/25 14:09:38 UTC,writer
2024/12/25 15:47:45 UTC,content designer
2024/12/25 20:17:31 UTC,researcher
2024/12/25 20:20:05 UTC,researcher
2024/12/25 22:14:33 UTC,content designer
2024/12/26 04:12:53 UTC,writer
2024/12/26 04:24:06 UTC,writer
2024/12/26 15:30:46 UTC,researcher
2024/12/26 15:38:55 UTC,writer
2024/12/26 15:43:22 UTC,researcher
2024/12/26 16:05:13 UTC,writer
2024/12/26 17:42:58 UTC,content designer
2024/12/26 20:20:16 UTC,researcher
2024/12/26 20:22:58 UTC,researcher
2024/12/26 22:08:53 UTC,content designer
2024/12/27 04:28:49 UTC,writer
2024/12/27 04:33:22 UTC,writer
2024/12/27 17:25:46 UTC,researcher
2024/12/27 17:32:26 UTC,writer
2024/12/27 17:38:13 UTC,researcher
2024/12/27 18:01:03 UTC,writer
2024/12/27 19:39:46 UTC,content designer
2024/12/27 20:11:17 UTC,researcher
2024/12/27 20:15:07 UTC,researcher
2024/12/27 22:12:41 UTC,content designer
2024/12/28 04:07:46 UTC,writer
2024/12/28 04:19:38 UTC,writer
2024/12/28 19:18:45 UTC,researcher
2024/12/28 19:26:42 UTC,writer
2024/12/28 19:33:43 UTC,researcher
2024/12/28 19:55:56 UTC,writer
2024/12/28 20:21:04 UTC,researcher
2024/12/28 20:30:56 UTC,researcher
2024/12/28 21:35:17 UTC,content designer
2024/12/28 22:13:49 UTC,content designer
2024/12/28 22:23:58 UTC,content designer
2024/12/29 04:14:45 UTC,writer
2024/12/29 04:15:42 UTC,writer
2024/12/29 20:08:08 UTC,researcher
2024/12/29 20:33:40 UTC,researcher
2024/12/29 21:12:46 UTC,researcher
2024/12/29 21:20:10 UTC,writer
2024/12/29 21:28:43 UTC,researcher
2024/12/29 21:53:00 UTC,writer
2024/12/29 22:12:35 UTC,content designer
2024/12/29 23:29:57 UTC,content designer
2024/12/30 04:07:01 UTC,writer
2024/12/30 04:14:04 UTC,writer
2024/12/30 04:24:45 UTC,writer
2024/12/30 20:09:32 UTC,researcher
2024/12/30 20:28:30 UTC,researcher
2024/12/30 22:16:55 UTC,content designer
2024/12/30 23:06:08 UTC,researcher
2024/12/30 23:12:11 UTC,writer
2024/12/30 23:22:42 UTC,researcher
2024/12/30 23:47:20 UTC,writer
2024/12/31 01:22:53 UTC,content designer
2024/12/31 04:08:09 UTC,writer
2024/12/31 04:09:45 UTC,writer
2024/12/31 20:14:42 UTC,researcher
2024/12/31 20:16:22 UTC,researcher
2024/12/31 22:29:00 UTC,content designer
2025/01/01 00:59:39 UTC,researcher
2025/01/01 01:03:10 UTC,writer
2025/01/01 01:15:05 UTC,researcher
2025/01/01 01:40:52 UTC,writer
2025/01/01 03:13:39 UTC,content designer
2025/01/01 04:13:48 UTC,writer
2025/01/01 04:30:32 UTC,writer
2025/01/01 20:16:11 UTC,researcher
2025/01/01 20:29:41 UTC,researcher
2025/01/01 22:20:49 UTC,content designer
2025/01/02 02:49:40 UTC,researcher
2025/01/02 02:56:11 UTC,writer
2025/01/02 03:06:57 UTC,researcher
2025/01/02 03:33:16 UTC,writer
2025/01/02 04:13:13 UTC,writer
2025/01/02 04:18:19 UTC,writer
2025/01/02 05:05:20 UTC,content designer
2025/01/02 20:11:37 UTC,researcher
2025/01/02 20:19:58 UTC,researcher
2025/01/02 22:11:09 UTC,content designer
2025/01/03 04:11:15 UTC,writer
2025/01/03 04:25:55 UTC,writer
2025/01/03 04:42:14 UTC,researcher
2025/01/03 04:49:24 UTC,writer
2025/01/03 04:59:22 UTC,researcher
2025/01/03 05:26:04 UTC,writer
2025/01/03 06:58:23 UTC,content designer
2025/01/03 20:16:26 UTC,researcher
2025/01/03 20:19:17 UTC,researcher
2025/01/03 22:16:25 UTC,content designer
2025/01/04 04:19:17 UTC,writer
2025/01/04 04:25:20 UTC,writer
2025/01/04 06:54:22 UTC,researcher
2025/01/04 06:59:33 UTC,writer
2025/01/04 07:10:18 UTC,researcher
2025/01/04 07:35:50 UTC,writer
2025/01/04 09:10:40 UTC,content designer
2025/01/04 20:26:37 UTC,researcher
2025/01/04 20:30:12 UTC,researcher
2025/01/04 22:12:44 UTC,content designer
2025/01/05 04:15:09 UTC,writer
2025/01/05 04:16:13 UTC,writer
2025/01/05 08:54:07 UTC,researcher
2025/01/05 09:00:24 UTC,writer
2025/01/05 09:08:51 UTC,researcher
2025/01/05 09:34:58 UTC,writer
2025/01/05 11:09:51 UTC,content designer
2025/01/05 20:09:43 UTC,researcher
2025/01/05 20:21:48 UTC,researcher
2025/01/05 22:14:07 UTC,content designer
2025/01/05 22:27:10 UTC,content designer
2025/01/06 04:08:54 UTC,writer
2025/01/06 04:10:11 UTC,writer
2025/01/06 10:48:02 UTC,researcher
2025/01/06 10:53:17 UTC,writer
2025/01/06 11:05:30 UTC,researcher
2025/01/06 11:29:30 UTC,writer
2025/01/06 13:03:38 UTC,content designer
2025/01/06 17:14:05 UTC,Trudy
2025/01/06 20:12:52 UTC,researcher
2025/01/06 20:18:10 UTC,researcher
2025/01/06 22:46:04 UTC,content designer
2025/01/07 04:08:15 UTC,writer
2025/01/07 04:15:51 UTC,writer
2025/01/07 12:47:02 UTC,researcher
2025/01/07 12:52:00 UTC,writer
2025/01/07 13:05:24 UTC,researcher
2025/01/07 13:27:52 UTC,writer
2025/01/07 15:02:26 UTC,content designer
2025/01/07 20:14:28 UTC,researcher
2025/01/07 20:23:05 UTC,researcher
2025/01/07 22:37:15 UTC,content designer
2025/01/08 04:17:24 UTC,writer
2025/01/08 04:20:22 UTC,writer
2025/01/08 14:45:18 UTC,researcher
2025/01/08 14:50:37 UTC,writer
2025/01/08 15:02:50 UTC,researcher
2025/01/08 15:26:19 UTC,writer
2025/01/08 16:59:13 UTC,content designer
2025/01/08 18:25:46 UTC,Trudy
2025/01/08 18:25:47 UTC,Trudy
2025/01/08 20:14:50 UTC,researcher
2025/01/08 20:18:49 UTC,researcher
2025/01/08 22:23:04 UTC,content designer
2025/01/09 04:11:28 UTC,writer
2025/01/09 04:26:15 UTC,writer
2025/01/09 16:42:12 UTC,researcher
2025/01/09 16:45:41 UTC,writer
2025/01/09 16:58:12 UTC,researcher
2025/01/09 17:21:22 UTC,writer
2025/01/09 18:56:29 UTC,content designer
2025/01/09 20:09:30 UTC,researcher
2025/01/09 20:22:27 UTC,researcher
2025/01/09 22:11:18 UTC,content designer
2025/01/10 04:11:38 UTC,writer
2025/01/10 04:14:21 UTC,josh jacquot
2025/01/10 04:14:22 UTC,josh jacquot
2025/01/10 04:14:28 UTC,josh jacquot
2025/01/10 04:14:29 UTC,josh jacquot
2025/01/10 04:19:41 UTC,writer
2025/01/10 18:38:37 UTC,researcher
2025/01/10 18:41:43 UTC,writer
2025/01/10 18:47:30 UTC,teal
2025/01/10 18:47:30 UTC,trudy
2025/01/10 18:47:31 UTC,teal
2025/01/10 18:55:03 UTC,researcher
2025/01/10 19:19:02 UTC,writer
2025/01/10 20:23:49 UTC,researcher
2025/01/10 20:36:08 UTC,researcher
2025/01/10 20:54:14 UTC,content designer
2025/01/10 22:13:41 UTC,content designer
2025/01/10 23:38:04 UTC,Content Designer
2025/01/10 23:39:35 UTC,Content Designer
2025/01/11 00:10:11 UTC,evidence in governance and politics
2025/01/11 00:10:12 UTC,andrea nguyen
2025/01/11 00:10:12 UTC,andré ross
2025/01/11 04:12:17 UTC,writer
2025/01/11 04:17:48 UTC,writer
2025/01/11 20:23:40 UTC,researcher
2025/01/11 20:31:21 UTC,researcher
2025/01/11 20:34:10 UTC,researcher
2025/01/11 20:36:05 UTC,writer
2025/01/11 20:53:06 UTC,researcher
2025/01/11 21:14:21 UTC,writer
2025/01/11 22:22:38 UTC,content designer
2025/01/11 22:49:12 UTC,content designer
2025/01/12 04:08:27 UTC,writer
2025/01/12 04:18:45 UTC,writer
2025/01/12 19:24:46 UTC,Content Designer
2025/01/12 19:35:50 UTC,Content Designer
2025/01/12 20:16:05 UTC,researcher
2025/01/12 20:21:34 UTC,researcher
2025/01/12 22:10:58 UTC,content designer
2025/01/12 22:33:49 UTC,researcher
2025/01/12 22:36:45 UTC,writer
2025/01/12 22:54:33 UTC,researcher
2025/01/12 23:14:06 UTC,writer
2025/01/13 00:50:43 UTC,content designer
2025/01/13 04:15:56 UTC,writer
2025/01/13 04:18:13 UTC,writer
2025/01/13 20:17:57 UTC,researcher
2025/01/13 20:22:15 UTC,researcher
2025/01/13 22:09:13 UTC,content designer
2025/01/14 04:07:51 UTC,writer
2025/01/14 04:10:28 UTC,writer
2025/01/14 15:03:03 UTC,Trudy
2025/01/14 20:27:19 UTC,researcher
2025/01/14 20:34:12 UTC,researcher
2025/01/14 22:31:38 UTC,content designer
2025/01/15 04:24:21 UTC,writer
2025/01/15 04:24:34 UTC,writer
2025/01/15 20:17:50 UTC,researcher
2025/01/15 20:28:27 UTC,researcher
2025/01/15 21:49:53 UTC,christopher j. rodriguez
2025/01/15 21:49:57 UTC,christine krug
2025/01/15 21:49:58 UTC,christine bumatay
2025/01/15 22:14:44 UTC,content designer
2025/01/16 04:23:57 UTC,writer
2025/01/16 04:29:48 UTC,researcher
2025/01/16 04:36:51 UTC,writer
2025/01/16 04:45:19 UTC,writer
2025/01/16 04:50:51 UTC,researcher
2025/01/16 05:17:00 UTC,writer
2025/01/16 06:54:02 UTC,content designer
2025/01/16 20:25:04 UTC,researcher
2025/01/16 20:37:16 UTC,researcher
2025/01/16 22:20:04 UTC,content designer
2025/01/17 06:03:34 UTC,writer
2025/01/17 06:06:36 UTC,writer
2025/01/17 06:31:27 UTC,researcher
2025/01/17 06:38:07 UTC,writer
2025/01/17 06:51:47 UTC,researcher
2025/01/17 07:18:26 UTC,writer
2025/01/17 08:54:44 UTC,content designer
2025/01/17 20:54:27 UTC,researcher
2025/01/17 21:42:44 UTC,researcher
2025/01/17 22:14:58 UTC,content designer
2025/01/18 04:11:30 UTC,writer
2025/01/18 04:12:16 UTC,writer
2025/01/18 08:31:23 UTC,researcher
2025/01/18 08:37:15 UTC,writer
2025/01/18 08:50:44 UTC,researcher
2025/01/18 09:17:24 UTC,writer
2025/01/18 10:54:32 UTC,content designer
2025/01/18 20:23:11 UTC,researcher
2025/01/18 20:26:18 UTC,researcher
2025/01/18 22:07:21 UTC,content designer
2025/01/19 04:07:05 UTC,writer
2025/01/19 04:14:45 UTC,writer
2025/01/19 10:28:50 UTC,researcher
2025/01/19 10:34:19 UTC,writer
2025/01/19 10:46:50 UTC,researcher
2025/01/19 11:15:37 UTC,writer
2025/01/19 12:53:08 UTC,content designer
2025/01/19 20:10:04 UTC,researcher
2025/01/19 20:31:37 UTC,researcher
2025/01/19 22:24:41 UTC,content designer
2025/01/19 22:28:34 UTC,content designer
2025/01/20 04:13:15 UTC,writer
2025/01/20 04:13:57 UTC,writer
2025/01/20 04:23:39 UTC,writer
2025/01/20 12:25:56 UTC,researcher
2025/01/20 12:30:35 UTC,writer
2025/01/20 12:45:26 UTC,researcher
2025/01/20 13:12:58 UTC,writer
2025/01/20 14:49:40 UTC,content designer
2025/01/20 20:23:21 UTC,researcher
2025/01/20 20:27:15 UTC,researcher
2025/01/20 22:21:02 UTC,content designer
2025/01/21 04:13:44 UTC,writer
2025/01/21 04:19:04 UTC,writer
2025/01/21 14:34:28 UTC,researcher
2025/01/21 14:38:46 UTC,writer
2025/01/21 14:56:07 UTC,researcher
2025/01/21 15:22:29 UTC,writer
2025/01/21 17:01:15 UTC,content designer
2025/01/21 20:25:25 UTC,researcher
2025/01/21 20:32:36 UTC,researcher
2025/01/21 22:28:30 UTC,content designer
2025/01/22 04:42:36 UTC,writer
2025/01/22 04:53:05 UTC,writer
2025/01/22 16:36:23 UTC,researcher
2025/01/22 16:38:26 UTC,writer
2025/01/22 16:56:32 UTC,researcher
2025/01/22 17:24:16 UTC,writer
2025/01/22 19:01:08 UTC,content designer
2025/01/22 22:13:42 UTC,content designer
2025/01/22 22:51:49 UTC,researcher
2025/01/22 22:52:34 UTC,researcher
2025/01/23 04:16:20 UTC,writer
2025/01/23 04:51:41 UTC,writer
2025/01/23 08:12:15 UTC,content designer
2025/01/23 18:37:41 UTC,researcher
2025/01/23 18:38:34 UTC,writer
2025/01/23 18:58:16 UTC,researcher
2025/01/23 19:25:14 UTC,writer
2025/01/23 20:18:58 UTC,researcher
2025/01/23 20:27:15 UTC,researcher
2025/01/23 21:02:46 UTC,content designer
2025/01/23 22:11:35 UTC,content designer
2025/01/24 04:15:26 UTC,writer
2025/01/24 04:21:29 UTC,writer
2025/01/24 12:17:14 UTC,researcher
2025/01/24 20:18:49 UTC,researcher
2025/01/24 22:14:33 UTC,content designer
2025/01/25 04:08:21 UTC,writer
2025/01/25 04:22:01 UTC,writer
2025/01/25 20:14:34 UTC,researcher
2025/01/25 20:17:35 UTC,researcher
2025/01/25 22:18:38 UTC,content designer
2025/01/26 04:15:27 UTC,writer
2025/01/26 04:16:01 UTC,writer
2025/01/26 20:15:31 UTC,researcher
2025/01/26 20:18:47 UTC,researcher
2025/01/26 22:10:44 UTC,content designer
2025/01/27 04:07:35 UTC,writer
2025/01/27 04:16:10 UTC,writer
2025/01/27 20:17:29 UTC,researcher
2025/01/27 20:23:04 UTC,researcher
2025/01/27 22:15:37 UTC,content designer
2025/01/28 04:28:16 UTC,writer
2025/01/28 04:45:40 UTC,writer
2025/01/28 20:15:49 UTC,researcher
2025/01/28 20:15:58 UTC,researcher
2025/01/28 22:18:18 UTC,content designer
2025/01/29 04:23:16 UTC,writer
2025/01/29 04:24:13 UTC,writer
2025/01/29 20:16:08 UTC,researcher
2025/01/29 20:21:13 UTC,researcher
2025/01/29 22:11:54 UTC,content designer
2025/01/30 04:26:02 UTC,writer
2025/01/30 04:27:03 UTC,writer
2025/01/30 20:14:02 UTC,researcher
2025/01/30 20:28:17 UTC,researcher
2025/01/30 22:14:59 UTC,content designer
2025/01/31 04:24:05 UTC,writer
2025/01/31 04:38:08 UTC,writer
2025/01/31 08:00:52 UTC,writer
2025/01/31 20:26:19 UTC,researcher
2025/01/31 20:48:01 UTC,researcher
2025/01/31 21:33:03 UTC,holly lentine
2025/01/31 21:33:04 UTC,hilary wells
2025/01/31 21:33:04 UTC,hjörtur hilmarsson
2025/01/31 22:44:19 UTC,content designer
2025/02/01 04:07:29 UTC,writer
2025/02/01 04:10:42 UTC,writer
2025/02/01 20:21:59 UTC,researcher
2025/02/01 20:23:40 UTC,researcher
2025/02/01 21:44:40 UTC,Head of Content
2025/02/01 22:25:07 UTC,content designer
2025/02/02 04:10:27 UTC,writer
2025/02/02 04:14:57 UTC,writer
2025/02/02 20:13:33 UTC,researcher
2025/02/02 20:24:25 UTC,researcher
2025/02/02 22:48:03 UTC,content designer
2025/02/03 04:10:26 UTC,writer
2025/02/03 04:22:22 UTC,writer
2025/02/03 20:16:00 UTC,researcher
2025/02/03 20:27:21 UTC,researcher
2025/02/03 22:08:57 UTC,content designer
2025/02/04 04:21:23 UTC,writer
2025/02/04 04:28:07 UTC,writer
2025/02/04 20:14:00 UTC,researcher
2025/02/04 20:26:30 UTC,researcher
2025/02/04 22:44:38 UTC,content designer
2025/02/05 04:18:16 UTC,writer
2025/02/05 04:18:21 UTC,writer
2025/02/05 20:35:37 UTC,researcher
2025/02/05 20:46:18 UTC,researcher
2025/02/05 22:20:05 UTC,content designer
2025/02/06 04:22:00 UTC,writer
2025/02/06 04:38:37 UTC,writer
2025/02/06 20:31:02 UTC,researcher
2025/02/06 20:34:28 UTC,researcher
2025/02/06 22:19:18 UTC,content designer
2025/02/06 23:10:03 UTC,teal
2025/02/06 23:10:03 UTC,trudy
2025/02/07 04:33:01 UTC,writer
2025/02/07 04:36:07 UTC,writer
2025/02/07 21:10:42 UTC,researcher
2025/02/07 21:19:17 UTC,researcher
2025/02/07 22:40:23 UTC,content designer
2025/02/07 23:37:15 UTC,teal
2025/02/07 23:37:17 UTC,teal
2025/02/08 04:10:33 UTC,writer
2025/02/08 04:14:15 UTC,writer
2025/02/08 20:19:25 UTC,researcher
2025/02/08 20:26:23 UTC,researcher
2025/02/08 22:15:47 UTC,content designer
2025/02/09 01:31:01 UTC,Trudy
2025/02/09 04:13:15 UTC,writer
2025/02/09 04:14:13 UTC,writer
2025/02/09 20:24:58 UTC,researcher
2025/02/09 20:27:03 UTC,researcher
2025/02/09 22:11:26 UTC,content designer
2025/02/10 04:16:50 UTC,writer
2025/02/10 04:22:23 UTC,writer
2025/02/10 20:15:28 UTC,researcher
2025/02/10 20:21:12 UTC,researcher
2025/02/10 22:31:14 UTC,content designer
2025/02/11 04:07:54 UTC,writer
2025/02/11 04:24:55 UTC,writer
2025/02/11 07:02:30 UTC,writer
2025/02/11 07:05:46 UTC,researcher
2025/02/11 07:14:58 UTC,researcher
2025/02/11 07:39:28 UTC,writer
2025/02/11 09:25:14 UTC,content designer
2025/02/11 20:14:29 UTC,researcher
2025/02/11 20:34:51 UTC,researcher
2025/02/11 21:14:05 UTC,teal
2025/02/11 21:14:05 UTC,trudy
2025/02/11 21:14:08 UTC,teal
2025/02/11 21:14:51 UTC,teal nexus
2025/02/11 21:14:54 UTC,teal newsletter
2025/02/11 21:14:55 UTC,teal newsletter
2025/02/11 22:41:13 UTC,content designer
2025/02/12 04:19:05 UTC,writer
2025/02/12 04:34:47 UTC,writer
2025/02/12 09:12:32 UTC,writer
2025/02/12 09:14:41 UTC,researcher
2025/02/12 09:26:47 UTC,researcher
2025/02/12 09:49:51 UTC,writer
2025/02/12 10:01:36 UTC,writer
2025/02/12 11:37:36 UTC,content designer
2025/02/12 20:28:48 UTC,researcher
2025/02/12 20:46:40 UTC,researcher
2025/02/12 22:17:26 UTC,content designer
2025/02/13 04:19:50 UTC,writer
2025/02/13 04:20:27 UTC,writer
2025/02/13 11:26:47 UTC,writer
2025/02/13 11:27:05 UTC,researcher
2025/02/13 11:39:48 UTC,researcher
2025/02/13 12:02:23 UTC,writer
2025/02/13 13:51:02 UTC,content designer
2025/02/13 20:13:38 UTC,researcher
2025/02/13 20:24:07 UTC,researcher
2025/02/13 22:18:22 UTC,content designer
2025/02/14 04:17:54 UTC,writer
2025/02/14 05:37:18 UTC,writer
2025/02/14 13:39:43 UTC,writer
2025/02/14 13:39:54 UTC,researcher
2025/02/14 13:50:46 UTC,researcher
2025/02/14 14:14:57 UTC,writer
2025/02/14 16:03:50 UTC,content designer
2025/02/14 18:30:15 UTC,mandy mehdizadeh
2025/02/14 18:30:15 UTC,manijeh afnan-murray
2025/02/14 18:30:15 UTC,my trudy
2025/02/14 18:30:16 UTC,product marketing
2025/02/14 18:30:17 UTC,mandy pardehpoosh
2025/02/14 18:30:17 UTC,mandy pardehpoosh
2025/02/14 18:30:58 UTC,heranush hopkins ibclc
2025/02/14 18:30:59 UTC,headspace
2025/02/14 18:31:03 UTC,writer
2025/02/14 18:31:04 UTC,writer
2025/02/14 18:31:12 UTC,head of product marketing
2025/02/14 18:31:12 UTC,head of product marketing
2025/02/14 18:31:12 UTC,head of product marketing
2025/02/14 18:31:13 UTC,head of product marketing
2025/02/14 18:31:13 UTC,head of product marketing
2025/02/14 18:34:01 UTC,head of product marketing
2025/02/14 18:34:01 UTC,head of product marketing
2025/02/14 18:34:02 UTC,writer
2025/02/14 18:36:29 UTC,Mandy Pardehpoosh
2025/02/14 19:05:33 UTC,head of product marketing
2025/02/14 19:05:33 UTC,head of product marketing
2025/02/14 19:05:34 UTC,writer
2025/02/14 19:07:29 UTC,head of product marketing
2025/02/14 19:07:29 UTC,head of product marketing
2025/02/14 19:07:30 UTC,writer
2025/02/14 20:33:52 UTC,researcher
2025/02/14 20:44:01 UTC,researcher
2025/02/14 22:24:31 UTC,content designer
2025/02/14 22:51:45 UTC,head of product marketing
2025/02/14 22:51:45 UTC,head of product marketing
2025/02/14 22:51:46 UTC,writer
2025/02/15 02:51:10 UTC,Trudy
2025/02/15 04:12:52 UTC,writer
2025/02/15 04:15:17 UTC,writer
2025/02/15 15:49:58 UTC,writer
2025/02/15 15:50:46 UTC,researcher
2025/02/15 16:00:51 UTC,researcher
2025/02/15 16:27:00 UTC,writer
2025/02/15 18:13:21 UTC,content designer
2025/02/15 20:18:17 UTC,researcher
2025/02/15 20:22:18 UTC,researcher
2025/02/15 22:18:49 UTC,Trudy
2025/02/15 22:21:20 UTC,content designer
2025/02/16 04:15:53 UTC,writer
2025/02/16 04:18:42 UTC,writer
2025/02/16 18:01:21 UTC,writer
2025/02/16 18:02:19 UTC,researcher
2025/02/16 18:12:33 UTC,researcher
2025/02/16 18:39:51 UTC,writer
2025/02/16 20:26:20 UTC,researcher
2025/02/16 20:26:52 UTC,content designer
2025/02/16 20:37:19 UTC,researcher
2025/02/16 22:20:15 UTC,content designer
2025/02/16 22:40:48 UTC,Trudy
2025/02/17 04:15:01 UTC,writer
2025/02/17 04:18:14 UTC,writer
2025/02/17 17:24:25 UTC,Trudy
2025/02/17 17:24:26 UTC,Trudy
2025/02/17 20:18:14 UTC,researcher
2025/02/17 20:20:05 UTC,researcher
2025/02/17 20:32:53 UTC,researcher
2025/02/17 20:33:14 UTC,writer
2025/02/17 20:43:39 UTC,researcher
2025/02/17 21:09:53 UTC,writer
2025/02/17 22:24:49 UTC,content designer
2025/02/17 22:55:08 UTC,content designer
2025/02/18 04:13:04 UTC,writer
2025/02/18 04:13:23 UTC,writer
2025/02/18 20:11:27 UTC,researcher
2025/02/18 20:16:26 UTC,researcher
2025/02/18 22:28:41 UTC,content designer
2025/02/18 22:48:14 UTC,writer
2025/02/18 22:49:01 UTC,researcher
2025/02/18 22:59:26 UTC,researcher
2025/02/18 23:27:30 UTC,writer
2025/02/19 01:11:35 UTC,content designer
2025/02/19 03:11:34 UTC,Trudy
2025/02/19 04:14:33 UTC,writer
2025/02/19 04:25:32 UTC,writer
2025/02/19 15:21:07 UTC,Trudy
2025/02/19 17:37:06 UTC,Trudy
2025/02/19 20:11:16 UTC,researcher
2025/02/19 20:33:31 UTC,researcher
2025/02/19 22:10:42 UTC,content designer
2025/02/20 01:01:51 UTC,researcher
2025/02/20 01:02:11 UTC,writer
2025/02/20 01:11:08 UTC,researcher
2025/02/20 01:38:39 UTC,writer
2025/02/20 03:24:13 UTC,content designer
2025/02/20 04:08:46 UTC,writer
2025/02/20 04:24:39 UTC,writer
2025/02/20 20:21:09 UTC,researcher
2025/02/20 20:24:48 UTC,researcher
2025/02/20 21:17:44 UTC,head of product marketing
2025/02/20 21:17:44 UTC,head of product marketing
2025/02/20 21:17:44 UTC,head of product marketing
2025/02/20 21:17:45 UTC,head of product marketing
2025/02/20 21:17:45 UTC,head of product marketing
2025/02/20 21:17:45 UTC,head of product marketing
2025/02/20 21:17:45 UTC,head of product marketing
2025/02/20 21:17:45 UTC,writer
2025/02/20 21:17:46 UTC,head of product marketing
2025/02/20 21:17:46 UTC,head of product marketing
2025/02/20 21:17:47 UTC,head of product marketing
2025/02/20 22:07:42 UTC,mandy pardehpoosh
2025/02/20 22:07:45 UTC,mandy pardehpoosh
2025/02/20 22:07:46 UTC,head of product marketing
2025/02/20 22:07:46 UTC,mandy pardehpoosh
2025/02/20 22:07:46 UTC,mandy pardehpoosh
2025/02/20 22:07:47 UTC,mandy pardehpoosh
2025/02/20 22:07:52 UTC,vp of marketing
2025/02/20 22:07:52 UTC,vp of marketing
2025/02/20 22:07:53 UTC,vp of marketing
2025/02/20 22:09:02 UTC,content designer
2025/02/20 22:31:14 UTC,head of product marketing
2025/02/20 22:31:14 UTC,head of product marketing
2025/02/20 22:31:14 UTC,head of product marketing
2025/02/20 22:31:14 UTC,mandy pardehpoosh
2025/02/20 22:31:14 UTC,vp of marketing
2025/02/20 22:31:15 UTC,head of product marketing
2025/02/20 22:31:15 UTC,head of product marketing
2025/02/20 22:31:15 UTC,head of product marketing
2025/02/20 22:31:15 UTC,head of product marketing
2025/02/20 22:31:15 UTC,mandy pardehpoosh
2025/02/20 22:31:15 UTC,mandy pardehpoosh
2025/02/20 22:31:15 UTC,mandy pardehpoosh
2025/02/20 22:31:15 UTC,mandy pardehpoosh
2025/02/20 22:31:15 UTC,mandy pardehpoosh
2025/02/20 22:31:15 UTC,mandy pardehpoosh
2025/02/20 22:31:15 UTC,vp of marketing
2025/02/20 22:31:15 UTC,vp of marketing
2025/02/20 22:31:15 UTC,vp of marketing
2025/02/20 22:31:15 UTC,vp of marketing
2025/02/20 22:31:15 UTC,vp of marketing
2025/02/20 22:31:15 UTC,vp of marketing
2025/02/20 22:31:26 UTC,head of content
2025/02/20 22:31:26 UTC,head of content
2025/02/20 22:31:26 UTC,head of content
2025/02/20 22:31:26 UTC,head of product marketing
2025/02/20 22:31:26 UTC,mandy pardehpoosh
2025/02/20 22:31:26 UTC,vp of marketing
2025/02/20 22:31:27 UTC,head of content
2025/02/20 22:31:27 UTC,head of content
2025/02/21 03:13:30 UTC,researcher
2025/02/21 03:14:28 UTC,writer
2025/02/21 03:25:22 UTC,researcher
2025/02/21 03:50:04 UTC,writer
2025/02/21 04:09:41 UTC,writer
2025/02/21 04:10:57 UTC,writer
2025/02/21 05:22:38 UTC,Trudy
2025/02/21 05:36:58 UTC,content designer
2025/02/21 15:23:38 UTC,Trudy
2025/02/21 19:00:11 UTC,head of content
2025/02/21 19:00:11 UTC,head of content
2025/02/21 19:00:11 UTC,head of content
2025/02/21 19:00:11 UTC,head of content
2025/02/21 19:00:11 UTC,head of content
2025/02/21 19:00:11 UTC,head of product marketing
2025/02/21 19:00:11 UTC,head of product marketing
2025/02/21 19:00:11 UTC,head of product marketing
2025/02/21 19:00:11 UTC,head of product marketing
2025/02/21 19:00:11 UTC,mandy pardehpoosh
2025/02/21 19:00:11 UTC,mandy pardehpoosh
2025/02/21 19:00:11 UTC,mandy pardehpoosh
2025/02/21 19:00:11 UTC,mandy pardehpoosh
2025/02/21 19:00:11 UTC,mandy pardehpoosh
2025/02/21 19:00:11 UTC,vp of marketing
2025/02/21 19:00:11 UTC,vp of marketing
2025/02/21 19:00:11 UTC,vp of marketing
2025/02/21 19:00:11 UTC,vp of marketing
2025/02/21 19:00:11 UTC,vp of marketing
2025/02/21 19:00:12 UTC,head of content
2025/02/21 19:00:12 UTC,head of content
2025/02/21 19:00:12 UTC,head of product marketing
2025/02/21 19:00:12 UTC,head of product marketing
2025/02/21 19:00:12 UTC,mandy pardehpoosh
2025/02/21 19:00:12 UTC,mandy pardehpoosh
2025/02/21 19:00:12 UTC,vp of marketing
2025/02/21 19:00:12 UTC,vp of marketing
2025/02/21 19:00:12 UTC,writer
2025/02/21 19:00:13 UTC,head of content
2025/02/21 19:00:13 UTC,head of content
2025/02/21 19:00:13 UTC,head of product marketing
2025/02/21 19:00:13 UTC,head of product marketing
2025/02/21 19:00:13 UTC,mandy pardehpoosh
2025/02/21 19:00:13 UTC,mandy pardehpoosh
2025/02/21 19:00:13 UTC,vp of marketing
2025/02/21 19:00:13 UTC,vp of marketing
2025/02/21 19:00:15 UTC,social media manager
2025/02/21 19:00:16 UTC,head of content
2025/02/21 19:00:16 UTC,head of product marketing
2025/02/21 19:00:16 UTC,mandy pardehpoosh
2025/02/21 19:00:16 UTC,social media manager
2025/02/21 19:00:16 UTC,social media manager
2025/02/21 19:00:16 UTC,social media manager
2025/02/21 19:00:16 UTC,vp of marketing
2025/02/21 19:00:17 UTC,social media manager
2025/02/21 20:24:35 UTC,researcher
2025/02/21 20:45:44 UTC,researcher
2025/02/21 22:20:14 UTC,content designer
2025/02/22 04:10:59 UTC,writer
2025/02/22 04:22:31 UTC,writer
2025/02/22 05:24:28 UTC,researcher
2025/02/22 05:24:49 UTC,writer
2025/02/22 05:35:39 UTC,researcher
2025/02/22 05:59:00 UTC,writer
2025/02/22 07:47:21 UTC,content designer
2025/02/22 20:33:19 UTC,researcher
2025/02/22 20:41:20 UTC,researcher
2025/02/22 22:21:09 UTC,content designer
2025/02/23 04:13:48 UTC,writer
2025/02/23 04:25:40 UTC,writer
2025/02/23 07:37:44 UTC,writer
2025/02/23 07:38:54 UTC,researcher
2025/02/23 07:49:02 UTC,researcher
2025/02/23 08:12:22 UTC,writer
2025/02/23 09:59:21 UTC,content designer
2025/02/23 20:18:10 UTC,researcher
2025/02/23 20:28:38 UTC,researcher
2025/02/23 20:42:47 UTC,researcher
2025/02/23 21:12:48 UTC,Artificial Intelligence Researcher
2025/02/23 22:12:12 UTC,content designer
2025/02/23 23:11:52 UTC,Content Designer
2025/02/24 04:19:23 UTC,writer
2025/02/24 04:22:45 UTC,writer
2025/02/24 07:11:54 UTC,Technical Writer
2025/02/24 09:51:26 UTC,writer
2025/02/24 09:54:00 UTC,researcher
2025/02/24 10:03:55 UTC,researcher
2025/02/24 10:27:10 UTC,writer
2025/02/24 12:12:48 UTC,content designer
2025/02/24 20:18:50 UTC,researcher
2025/02/24 20:47:35 UTC,researcher
2025/02/24 22:22:07 UTC,content designer
2025/02/24 23:12:20 UTC,Content Designer
2025/02/25 00:50:44 UTC,Teal
2025/02/25 00:50:45 UTC,Teal
2025/02/25 04:12:20 UTC,writer
2025/02/25 04:14:05 UTC,writer
2025/02/25 12:09:06 UTC,writer
2025/02/25 12:10:23 UTC,researcher
2025/02/25 12:20:07 UTC,researcher
2025/02/25 12:43:58 UTC,writer
2025/02/25 14:31:47 UTC,content designer
2025/02/25 20:27:49 UTC,researcher
2025/02/25 20:35:18 UTC,researcher
2025/02/25 21:19:50 UTC,Trudy
2025/02/25 21:33:54 UTC,head of content
2025/02/25 21:33:54 UTC,head of content
2025/02/25 21:33:54 UTC,head of product marketing
2025/02/25 21:33:54 UTC,head of product marketing
2025/02/25 21:33:54 UTC,mandy pardehpoosh
2025/02/25 21:33:54 UTC,mandy pardehpoosh
2025/02/25 21:33:54 UTC,social media manager
2025/02/25 21:33:54 UTC,social media manager
2025/02/25 21:33:54 UTC,vp of marketing
2025/02/25 21:33:54 UTC,vp of marketing
2025/02/25 21:33:55 UTC,writer
2025/02/25 21:34:00 UTC,Head of Content
2025/02/25 22:30:51 UTC,content designer
2025/02/25 22:49:15 UTC,Head of Content
2025/02/25 23:03:08 UTC,head of content
2025/02/25 23:03:08 UTC,head of content
2025/02/25 23:03:08 UTC,head of product marketing
2025/02/25 23:03:08 UTC,head of product marketing
2025/02/25 23:03:08 UTC,mandy pardehpoosh
2025/02/25 23:03:08 UTC,mandy pardehpoosh
2025/02/25 23:03:08 UTC,social media manager
2025/02/25 23:03:08 UTC,social media manager
2025/02/25 23:03:08 UTC,vp of marketing
2025/02/25 23:03:08 UTC,vp of marketing
2025/02/25 23:03:47 UTC,head of content
2025/02/25 23:03:47 UTC,head of content
2025/02/25 23:03:47 UTC,head of product marketing
2025/02/25 23:03:47 UTC,head of product marketing
2025/02/25 23:03:47 UTC,mandy pardehpoosh
2025/02/25 23:03:47 UTC,mandy pardehpoosh
2025/02/25 23:03:47 UTC,social media manager
2025/02/25 23:03:47 UTC,social media manager
2025/02/25 23:03:47 UTC,vp of marketing
2025/02/25 23:03:47 UTC,vp of marketing
2025/02/25 23:03:47 UTC,writer
2025/02/25 23:03:49 UTC,Head of Content
2025/02/26 04:11:57 UTC,writer
2025/02/26 04:49:42 UTC,writer
2025/02/26 14:25:53 UTC,writer
2025/02/26 14:27:54 UTC,researcher
2025/02/26 14:34:01 UTC,researcher
2025/02/26 15:01:36 UTC,writer
2025/02/26 16:47:13 UTC,content designer
2025/02/26 16:47:50 UTC,head of content
2025/02/26 16:47:50 UTC,head of content
2025/02/26 16:47:50 UTC,head of product marketing
2025/02/26 16:47:50 UTC,head of product marketing
2025/02/26 16:47:50 UTC,mandy pardehpoosh
2025/02/26 16:47:50 UTC,mandy pardehpoosh
2025/02/26 16:47:50 UTC,social media manager
2025/02/26 16:47:50 UTC,social media manager
2025/02/26 16:47:50 UTC,vp of marketing
2025/02/26 16:47:50 UTC,vp of marketing
2025/02/26 16:48:28 UTC,head of content
2025/02/26 16:48:28 UTC,head of content
2025/02/26 16:48:28 UTC,head of product marketing
2025/02/26 16:48:28 UTC,head of product marketing
2025/02/26 16:48:28 UTC,mandy pardehpoosh
2025/02/26 16:48:28 UTC,mandy pardehpoosh
2025/02/26 16:48:28 UTC,social media manager
2025/02/26 16:48:28 UTC,social media manager
2025/02/26 16:48:28 UTC,vp of marketing
2025/02/26 16:48:28 UTC,vp of marketing
2025/02/26 16:48:29 UTC,writer
2025/02/26 16:48:32 UTC,Content Director
2025/02/26 17:29:59 UTC,head of content
2025/02/26 17:29:59 UTC,head of content
2025/02/26 17:29:59 UTC,head of product marketing
2025/02/26 17:29:59 UTC,head of product marketing
2025/02/26 17:29:59 UTC,mandy pardehpoosh
2025/02/26 17:29:59 UTC,mandy pardehpoosh
2025/02/26 17:29:59 UTC,social media manager
2025/02/26 17:29:59 UTC,social media manager
2025/02/26 17:29:59 UTC,vp of marketing
2025/02/26 17:29:59 UTC,vp of marketing
2025/02/26 17:30:00 UTC,head of content
2025/02/26 17:30:00 UTC,head of content
2025/02/26 17:30:00 UTC,head of content
2025/02/26 17:30:00 UTC,head of product marketing
2025/02/26 17:30:00 UTC,head of product marketing
2025/02/26 17:30:00 UTC,mandy pardehpoosh
2025/02/26 17:30:00 UTC,mandy pardehpoosh
2025/02/26 17:30:00 UTC,social media manager
2025/02/26 17:30:00 UTC,social media manager
2025/02/26 17:30:00 UTC,social media manager
2025/02/26 17:30:00 UTC,vp of marketing
2025/02/26 17:30:00 UTC,vp of marketing
2025/02/26 17:30:00 UTC,vp of marketing
2025/02/26 17:30:00 UTC,writer
2025/02/26 17:30:01 UTC,head of content
2025/02/26 17:30:01 UTC,head of content
2025/02/26 17:30:01 UTC,head of product marketing
2025/02/26 17:30:01 UTC,head of product marketing
2025/02/26 17:30:01 UTC,mandy pardehpoosh
2025/02/26 17:30:01 UTC,mandy pardehpoosh
2025/02/26 17:30:01 UTC,social media manager
2025/02/26 17:30:01 UTC,social media manager
2025/02/26 17:30:01 UTC,vp of marketing
2025/02/26 17:30:01 UTC,vp of marketing
2025/02/26 17:30:04 UTC,head of content
2025/02/26 17:30:04 UTC,head of product marketing
2025/02/26 17:30:04 UTC,mandy pardehpoosh
2025/02/26 17:30:04 UTC,social media manager
2025/02/26 17:30:04 UTC,vp of marketing
2025/02/26 18:57:06 UTC,head of content
2025/02/26 18:57:06 UTC,head of content
2025/02/26 18:57:06 UTC,head of product marketing
2025/02/26 18:57:06 UTC,head of product marketing
2025/02/26 18:57:06 UTC,mandy pardehpoosh
2025/02/26 18:57:06 UTC,mandy pardehpoosh
2025/02/26 18:57:06 UTC,social media manager
2025/02/26 18:57:06 UTC,social media manager
2025/02/26 18:57:06 UTC,vp of marketing
2025/02/26 18:57:06 UTC,vp of marketing
2025/02/26 20:20:48 UTC,researcher
2025/02/26 20:26:20 UTC,researcher
2025/02/26 22:07:35 UTC,content designer
2025/02/27 04:09:45 UTC,writer
2025/02/27 04:25:03 UTC,writer
2025/02/27 16:40:53 UTC,writer
2025/02/27 16:43:15 UTC,researcher
2025/02/27 16:50:08 UTC,researcher
2025/02/27 17:17:36 UTC,writer
2025/02/27 18:40:05 UTC,head of content
2025/02/27 18:40:05 UTC,head of content
2025/02/27 18:40:05 UTC,head of content
2025/02/27 18:40:05 UTC,head of content
2025/02/27 18:40:05 UTC,head of content
2025/02/27 18:40:05 UTC,head of content
2025/02/27 18:40:05 UTC,head of content
2025/02/27 18:40:05 UTC,head of product marketing
2025/02/27 18:40:05 UTC,head of product marketing
2025/02/27 18:40:05 UTC,head of product marketing
2025/02/27 18:40:05 UTC,head of product marketing
2025/02/27 18:40:05 UTC,head of product marketing
2025/02/27 18:40:05 UTC,mandy pardehpoosh
2025/02/27 18:40:05 UTC,mandy pardehpoosh
2025/02/27 18:40:05 UTC,mandy pardehpoosh
2025/02/27 18:40:05 UTC,mandy pardehpoosh
2025/02/27 18:40:05 UTC,social media manager
2025/02/27 18:40:05 UTC,social media manager
2025/02/27 18:40:05 UTC,social media manager
2025/02/27 18:40:05 UTC,social media manager
2025/02/27 18:40:05 UTC,social media manager
2025/02/27 18:40:05 UTC,vp of marketing
2025/02/27 18:40:05 UTC,vp of marketing
2025/02/27 18:40:05 UTC,vp of marketing
2025/02/27 18:40:05 UTC,vp of marketing
2025/02/27 18:40:05 UTC,vp of marketing
2025/02/27 18:40:05 UTC,vp of marketing
2025/02/27 18:40:05 UTC,vp of marketing
2025/02/27 18:40:05 UTC,writer
2025/02/27 18:40:06 UTC,head of product marketing
2025/02/27 18:40:06 UTC,mandy pardehpoosh
2025/02/27 18:40:06 UTC,mandy pardehpoosh
2025/02/27 18:40:06 UTC,social media manager
2025/02/27 18:40:06 UTC,social media manager
2025/02/27 18:40:07 UTC,airbnb
2025/02/27 18:40:08 UTC,airbnb
2025/02/27 18:40:08 UTC,airbnb
2025/02/27 18:40:08 UTC,head of content
2025/02/27 18:40:08 UTC,head of product marketing
2025/02/27 18:40:08 UTC,mandy pardehpoosh
2025/02/27 18:40:08 UTC,social media manager
2025/02/27 18:40:08 UTC,vp of marketing
2025/02/27 18:40:09 UTC,airbnb
2025/02/27 18:40:09 UTC,airbnb
2025/02/27 18:40:10 UTC,airbnb
2025/02/27 19:02:53 UTC,content designer
2025/02/27 20:24:04 UTC,researcher
2025/02/27 20:40:08 UTC,researcher
2025/02/27 22:23:19 UTC,content designer
2025/02/28 04:17:01 UTC,writer
2025/02/28 04:20:49 UTC,writer
2025/02/28 05:12:26 UTC,Designer
2025/02/28 15:24:03 UTC,Trudy
2025/02/28 18:55:03 UTC,writer
2025/02/28 18:57:15 UTC,researcher
2025/02/28 19:06:48 UTC,researcher
2025/02/28 19:35:04 UTC,writer
2025/02/28 20:50:56 UTC,Senior Director Product Marketing
2025/02/28 20:59:45 UTC,Senior Director Product Marketing
2025/02/28 21:19:48 UTC,content designer
2025/02/28 21:19:54 UTC,researcher
2025/02/28 21:40:13 UTC,researcher
2025/02/28 22:13:23 UTC,content designer
2025/03/01 04:18:56 UTC,writer
2025/03/01 04:19:03 UTC,writer
2025/03/01 19:35:01 UTC,Product Manager
2025/03/01 20:38:48 UTC,researcher
2025/03/01 21:02:12 UTC,researcher
2025/03/01 21:25:09 UTC,writer
2025/03/01 21:29:34 UTC,researcher
2025/03/01 21:36:35 UTC,researcher
2025/03/01 22:03:07 UTC,writer
2025/03/01 22:17:40 UTC,content designer
2025/03/01 23:48:46 UTC,content designer
2025/03/02 04:21:23 UTC,writer
2025/03/02 04:24:58 UTC,writer
2025/03/02 15:16:11 UTC,researcher
2025/03/02 15:24:28 UTC,researcher
2025/03/02 18:45:03 UTC,Trudy
2025/03/02 19:11:53 UTC,Product Manager
2025/03/02 22:18:48 UTC,content designer
2025/03/02 23:11:50 UTC,Content Designer
2025/03/02 23:40:37 UTC,writer
2025/03/02 23:45:57 UTC,researcher
2025/03/02 23:51:57 UTC,researcher
2025/03/02 23:56:39 UTC,writer
2025/03/03 00:18:12 UTC,writer
2025/03/03 02:06:01 UTC,content designer
2025/03/03 04:15:24 UTC,writer
2025/03/03 19:36:39 UTC,Product Manager
2025/03/03 20:11:35 UTC,researcher
2025/03/03 20:32:36 UTC,Product Manager
2025/03/03 20:42:08 UTC,researcher
2025/03/03 22:21:11 UTC,content designer
2025/03/03 23:11:55 UTC,User Experience Researcher
2025/03/04 01:59:04 UTC,writer
2025/03/04 02:05:17 UTC,researcher
2025/03/04 02:10:18 UTC,researcher
2025/03/04 02:35:31 UTC,writer
2025/03/04 04:12:00 UTC,writer
2025/03/04 04:21:58 UTC,writer
2025/03/04 04:22:24 UTC,content designer
2025/03/04 20:15:08 UTC,researcher
2025/03/04 20:36:21 UTC,researcher
2025/03/04 22:16:42 UTC,content designer
2025/03/05 04:15:28 UTC,writer
2025/03/05 04:17:38 UTC,writer
2025/03/05 04:18:06 UTC,writer
2025/03/05 04:21:20 UTC,researcher
2025/03/05 04:26:14 UTC,researcher
2025/03/05 04:51:33 UTC,writer
2025/03/05 06:38:54 UTC,content designer
2025/03/05 20:13:16 UTC,researcher
2025/03/05 20:44:29 UTC,researcher
2025/03/05 22:40:44 UTC,content designer
2025/03/06 02:26:58 UTC,Trudy
2025/03/06 02:28:24 UTC,Trudy
2025/03/06 02:28:42 UTC,Trudy
2025/03/06 04:09:58 UTC,writer
2025/03/06 04:14:06 UTC,writer
2025/03/06 06:32:47 UTC,writer
2025/03/06 06:37:15 UTC,researcher
2025/03/06 06:44:06 UTC,researcher
2025/03/06 07:08:52 UTC,writer
2025/03/06 08:56:38 UTC,content designer
2025/03/06 16:48:37 UTC,hannington mutebi
2025/03/06 16:48:38 UTC,head of content
2025/03/06 16:48:39 UTC,handshake
2025/03/06 16:48:40 UTC,handshake
2025/03/06 20:38:35 UTC,researcher
2025/03/06 20:44:41 UTC,researcher
2025/03/06 22:19:48 UTC,content designer
2025/03/07 00:19:41 UTC,airbnb
2025/03/07 00:19:42 UTC,airbnb
2025/03/07 00:19:42 UTC,airbnb
2025/03/07 00:19:42 UTC,airbnb
2025/03/07 00:19:42 UTC,airbnb
2025/03/07 00:19:42 UTC,airbnb
2025/03/07 00:19:42 UTC,airbnb
2025/03/07 00:19:42 UTC,head of content
2025/03/07 00:19:42 UTC,head of content
2025/03/07 00:19:42 UTC,head of content
2025/03/07 00:19:42 UTC,head of content
2025/03/07 00:19:42 UTC,head of content
2025/03/07 00:19:42 UTC,head of content
2025/03/07 00:19:42 UTC,head of content
2025/03/07 00:19:42 UTC,head of product marketing
2025/03/07 00:19:42 UTC,head of product marketing
2025/03/07 00:19:42 UTC,head of product marketing
2025/03/07 00:19:42 UTC,head of product marketing
2025/03/07 00:19:42 UTC,head of product marketing
2025/03/07 00:19:42 UTC,head of product marketing
2025/03/07 00:19:42 UTC,mandy pardehpoosh
2025/03/07 00:19:42 UTC,mandy pardehpoosh
2025/03/07 00:19:42 UTC,mandy pardehpoosh
2025/03/07 00:19:42 UTC,mandy pardehpoosh
2025/03/07 00:19:42 UTC,mandy pardehpoosh
2025/03/07 00:19:42 UTC,mandy pardehpoosh
2025/03/07 00:19:42 UTC,social media manager
2025/03/07 00:19:42 UTC,social media manager
2025/03/07 00:19:42 UTC,social media manager
2025/03/07 00:19:42 UTC,social media manager
2025/03/07 00:19:42 UTC,social media manager
2025/03/07 00:19:42 UTC,social media manager
2025/03/07 00:19:42 UTC,social media manager
2025/03/07 00:19:42 UTC,vp of marketing
2025/03/07 00:19:42 UTC,vp of marketing
2025/03/07 00:19:42 UTC,vp of marketing
2025/03/07 00:19:42 UTC,vp of marketing
2025/03/07 00:19:42 UTC,vp of marketing
2025/03/07 00:19:42 UTC,vp of marketing
2025/03/07 00:19:42 UTC,writer
2025/03/07 00:19:49 UTC,head of content
2025/03/07 00:19:50 UTC,airbnb
2025/03/07 00:19:50 UTC,head of product marketing
2025/03/07 00:19:50 UTC,mandy pardehpoosh
2025/03/07 00:19:50 UTC,social media manager
2025/03/07 00:19:50 UTC,vp of marketing
2025/03/07 04:09:15 UTC,writer
2025/03/07 04:16:00 UTC,writer
2025/03/07 08:50:13 UTC,writer
2025/03/07 08:53:38 UTC,researcher
2025/03/07 09:00:35 UTC,researcher
2025/03/07 09:26:47 UTC,writer
2025/03/07 11:14:14 UTC,content designer
2025/03/07 20:21:53 UTC,researcher
2025/03/07 20:44:11 UTC,researcher
2025/03/07 22:20:39 UTC,content designer
2025/03/08 04:09:44 UTC,writer
2025/03/08 04:09:50 UTC,writer
2025/03/08 11:06:52 UTC,writer
2025/03/08 11:09:31 UTC,researcher
2025/03/08 11:17:45 UTC,researcher
2025/03/08 11:42:57 UTC,writer
2025/03/08 13:31:23 UTC,content designer
2025/03/08 20:28:09 UTC,researcher
2025/03/08 20:47:40 UTC,researcher
2025/03/08 22:19:05 UTC,content designer
2025/03/09 04:12:32 UTC,writer
2025/03/09 04:20:20 UTC,writer
2025/03/09 13:22:22 UTC,writer
2025/03/09 13:25:54 UTC,researcher
2025/03/09 13:34:50 UTC,researcher
2025/03/09 13:59:26 UTC,writer
2025/03/09 15:47:12 UTC,content designer
2025/03/09 19:23:52 UTC,researcher
2025/03/09 19:33:27 UTC,researcher
2025/03/09 21:11:03 UTC,content designer
2025/03/09 21:12:11 UTC,Content Designer
2025/03/09 23:12:41 UTC,Senior Researcher
2025/03/09 23:36:42 UTC,Trudy
2025/03/09 23:37:30 UTC,Trudy
2025/03/10 01:11:51 UTC,Marketing Analyst
2025/03/10 03:08:21 UTC,writer
2025/03/10 03:10:40 UTC,writer
2025/03/10 03:11:58 UTC,Technical Writer
2025/03/10 05:11:50 UTC,Writer
2025/03/10 15:37:27 UTC,writer
2025/03/10 15:50:53 UTC,researcher
2025/03/10 15:58:56 UTC,researcher
2025/03/10 16:23:50 UTC,writer
2025/03/10 18:10:46 UTC,content designer
2025/03/10 19:10:54 UTC,researcher
2025/03/10 19:24:08 UTC,researcher
2025/03/10 20:16:56 UTC,Trudy
2025/03/10 21:09:34 UTC,content designer
2025/03/11 03:24:34 UTC,writer
2025/03/11 03:27:53 UTC,writer
2025/03/11 04:04:52 UTC,Trudy
2025/03/11 18:00:05 UTC,writer
2025/03/11 18:05:59 UTC,researcher
2025/03/11 18:11:23 UTC,researcher
2025/03/11 18:38:32 UTC,writer
2025/03/11 19:10:40 UTC,researcher
2025/03/11 19:22:28 UTC,researcher
2025/03/11 20:25:00 UTC,content designer
2025/03/11 21:16:58 UTC,content designer
2025/03/11 22:27:50 UTC,Trudy
2025/03/12 03:16:29 UTC,writer
2025/03/12 03:16:34 UTC,writer
2025/03/12 18:03:46 UTC,airbnb
2025/03/12 18:03:46 UTC,avi steinlauf
2025/03/12 18:34:51 UTC,evidence in governance and politics
2025/03/12 18:34:52 UTC,design research
2025/03/12 18:34:52 UTC,peter duris
2025/03/12 19:22:53 UTC,researcher
2025/03/12 19:26:07 UTC,researcher
2025/03/12 20:23:31 UTC,writer
2025/03/12 20:27:38 UTC,researcher
2025/03/12 20:32:56 UTC,researcher
2025/03/12 21:02:52 UTC,writer
2025/03/12 21:36:08 UTC,content designer
2025/03/12 22:51:22 UTC,content designer
2025/03/13 03:09:01 UTC,writer
2025/03/13 03:10:39 UTC,writer
2025/03/13 19:39:34 UTC,researcher
2025/03/13 19:44:54 UTC,researcher
2025/03/13 21:09:08 UTC,content designer
2025/03/13 22:47:21 UTC,writer
2025/03/13 22:49:27 UTC,researcher
2025/03/13 22:54:39 UTC,researcher
2025/03/13 23:23:30 UTC,writer
2025/03/14 01:10:10 UTC,content designer
2025/03/14 02:48:54 UTC,User Experience Designer
2025/03/14 03:14:53 UTC,writer
2025/03/14 03:26:49 UTC,writer
2025/03/14 03:37:36 UTC,User Experience Designer
2025/03/14 19:20:27 UTC,researcher
2025/03/14 19:20:40 UTC,researcher
2025/03/14 21:12:47 UTC,content designer
2025/03/15 00:21:49 UTC,Trudy
2025/03/15 01:05:51 UTC,writer
2025/03/15 01:08:38 UTC,researcher
2025/03/15 01:13:59 UTC,researcher
2025/03/15 01:40:37 UTC,writer
2025/03/15 03:09:04 UTC,writer
2025/03/15 03:12:53 UTC,writer
2025/03/15 03:29:22 UTC,content designer
2025/03/15 19:36:25 UTC,researcher
2025/03/15 19:49:58 UTC,researcher
2025/03/15 21:27:41 UTC,content designer
2025/03/16 03:09:23 UTC,writer
2025/03/16 03:09:23 UTC,writer
2025/03/16 03:26:19 UTC,writer
2025/03/16 03:28:30 UTC,researcher
2025/03/16 03:34:07 UTC,researcher
2025/03/16 04:03:31 UTC,writer
2025/03/16 05:50:24 UTC,content designer
2025/03/16 19:28:32 UTC,researcher
2025/03/16 19:37:02 UTC,researcher
2025/03/16 21:09:50 UTC,content designer
2025/03/16 23:11:54 UTC,Content Designer
2025/03/17 01:11:50 UTC,Artificial Intelligence Engineer
2025/03/17 03:13:26 UTC,writer
2025/03/17 03:14:44 UTC,writer
2025/03/17 03:45:58 UTC,Trudy
2025/03/17 05:43:43 UTC,writer
2025/03/17 05:46:22 UTC,researcher
2025/03/17 05:51:00 UTC,researcher
2025/03/17 06:21:18 UTC,writer
2025/03/17 08:07:06 UTC,content designer
2025/03/17 16:50:32 UTC,teal
2025/03/17 16:50:32 UTC,trudy
2025/03/17 16:50:35 UTC,teal
2025/03/17 16:51:13 UTC,Avi Steinlauf
2025/03/17 19:11:19 UTC,researcher
2025/03/17 19:23:22 UTC,researcher
2025/03/17 21:14:14 UTC,content designer
2025/03/18 01:12:01 UTC,Content Designer
2025/03/18 02:49:42 UTC,Trudy
2025/03/18 03:20:46 UTC,writer
2025/03/18 03:22:15 UTC,writer
2025/03/18 08:04:16 UTC,writer
2025/03/18 08:07:25 UTC,researcher
2025/03/18 08:10:13 UTC,researcher
2025/03/18 08:40:48 UTC,writer
2025/03/18 10:28:23 UTC,content designer
2025/03/18 19:18:19 UTC,researcher
2025/03/18 19:29:23 UTC,researcher
2025/03/18 21:34:54 UTC,content designer
2025/03/19 03:10:10 UTC,writer
2025/03/19 03:24:08 UTC,writer
2025/03/19 10:26:18 UTC,writer
2025/03/19 10:27:09 UTC,researcher
2025/03/19 10:29:52 UTC,researcher
2025/03/19 10:59:44 UTC,writer
2025/03/19 12:48:00 UTC,content designer
2025/03/19 19:41:26 UTC,researcher
2025/03/19 19:47:42 UTC,researcher
2025/03/19 21:29:15 UTC,content designer
2025/03/20 03:09:42 UTC,writer
2025/03/20 03:21:22 UTC,writer
2025/03/20 12:45:45 UTC,writer
2025/03/20 12:47:45 UTC,researcher
2025/03/20 12:49:49 UTC,researcher
2025/03/20 13:20:03 UTC,writer
2025/03/20 15:08:31 UTC,content designer
2025/03/20 19:21:30 UTC,researcher
2025/03/20 19:22:19 UTC,researcher
2025/03/20 20:18:01 UTC,airbnb
2025/03/20 20:18:01 UTC,airbnb
2025/03/20 20:18:01 UTC,airbnb
2025/03/20 20:18:01 UTC,airbnb
2025/03/20 20:18:01 UTC,airbnb
2025/03/20 20:18:01 UTC,airbnb
2025/03/20 20:18:01 UTC,airbnb
2025/03/20 20:18:01 UTC,head of content
2025/03/20 20:18:01 UTC,head of content
2025/03/20 20:18:01 UTC,head of content
2025/03/20 20:18:01 UTC,head of content
2025/03/20 20:18:01 UTC,head of content
2025/03/20 20:18:01 UTC,head of content
2025/03/20 20:18:01 UTC,head of content
2025/03/20 20:18:01 UTC,head of product marketing
2025/03/20 20:18:01 UTC,head of product marketing
2025/03/20 20:18:01 UTC,head of product marketing
2025/03/20 20:18:01 UTC,head of product marketing
2025/03/20 20:18:01 UTC,head of product marketing
2025/03/20 20:18:01 UTC,head of product marketing
2025/03/20 20:18:01 UTC,mandy pardehpoosh
2025/03/20 20:18:01 UTC,mandy pardehpoosh
2025/03/20 20:18:01 UTC,mandy pardehpoosh
2025/03/20 20:18:01 UTC,mandy pardehpoosh
2025/03/20 20:18:01 UTC,mandy pardehpoosh
2025/03/20 20:18:01 UTC,mandy pardehpoosh
2025/03/20 20:18:01 UTC,social media manager
2025/03/20 20:18:01 UTC,social media manager
2025/03/20 20:18:01 UTC,social media manager
2025/03/20 20:18:01 UTC,social media manager
2025/03/20 20:18:01 UTC,social media manager
2025/03/20 20:18:01 UTC,social media manager
2025/03/20 20:18:01 UTC,social media manager
2025/03/20 20:18:01 UTC,vp of marketing
2025/03/20 20:18:01 UTC,vp of marketing
2025/03/20 20:18:01 UTC,vp of marketing
2025/03/20 20:18:01 UTC,vp of marketing
2025/03/20 20:18:01 UTC,vp of marketing
2025/03/20 20:18:01 UTC,vp of marketing
2025/03/20 20:18:02 UTC,airbnb
2025/03/20 20:18:02 UTC,airbnb
2025/03/20 20:18:02 UTC,head of content
2025/03/20 20:18:02 UTC,head of content
2025/03/20 20:18:02 UTC,head of product marketing
2025/03/20 20:18:02 UTC,head of product marketing
2025/03/20 20:18:02 UTC,mandy pardehpoosh
2025/03/20 20:18:02 UTC,mandy pardehpoosh
2025/03/20 20:18:02 UTC,social media manager
2025/03/20 20:18:02 UTC,social media manager
2025/03/20 20:18:02 UTC,vp of marketing
2025/03/20 20:18:02 UTC,vp of marketing
2025/03/20 20:18:02 UTC,writer
2025/03/20 20:18:06 UTC,airbnb
2025/03/20 20:18:06 UTC,head of content
2025/03/20 20:18:06 UTC,head of product marketing
2025/03/20 20:18:06 UTC,mandy pardehpoosh
2025/03/20 20:18:06 UTC,social media manager
2025/03/20 20:18:06 UTC,vp of marketing
2025/03/20 20:25:49 UTC,mandy pardehpoosh
2025/03/20 20:25:49 UTC,mandy pardehpoosh
2025/03/20 21:21:02 UTC,content designer
2025/03/21 03:16:37 UTC,writer
2025/03/21 03:20:58 UTC,writer
2025/03/21 04:12:00 UTC,Trudy
2025/03/21 15:06:30 UTC,writer
2025/03/21 15:10:49 UTC,researcher
2025/03/21 15:13:07 UTC,researcher
2025/03/21 15:41:05 UTC,writer
2025/03/21 17:30:10 UTC,content designer
2025/03/21 19:45:53 UTC,researcher
2025/03/21 19:54:29 UTC,researcher
2025/03/21 21:24:58 UTC,content designer
2025/03/22 02:49:03 UTC,Trudy
2025/03/22 03:12:48 UTC,writer
2025/03/22 03:12:50 UTC,writer
2025/03/22 17:25:46 UTC,writer
2025/03/22 17:28:49 UTC,researcher
2025/03/22 17:32:13 UTC,researcher
2025/03/22 17:59:36 UTC,writer
2025/03/22 18:48:06 UTC,Head of Marketing
2025/03/22 19:11:58 UTC,researcher
2025/03/22 19:16:31 UTC,researcher
2025/03/22 19:24:49 UTC,Head of Marketing
2025/03/22 19:50:32 UTC,content designer
2025/03/22 21:18:38 UTC,content designer
2025/03/23 03:03:11 UTC,Trudy
2025/03/23 03:11:04 UTC,writer
2025/03/23 03:12:12 UTC,writer
2025/03/23 16:20:31 UTC,Trudy
2025/03/23 19:10:11 UTC,researcher
2025/03/23 19:47:42 UTC,writer
2025/03/23 19:50:01 UTC,researcher
2025/03/23 19:50:53 UTC,researcher
2025/03/23 19:52:49 UTC,researcher
2025/03/23 20:23:10 UTC,writer
2025/03/23 21:29:05 UTC,content designer
2025/03/23 22:11:01 UTC,content designer
2025/03/24 03:08:45 UTC,writer
2025/03/24 03:09:17 UTC,writer
2025/03/24 19:25:37 UTC,researcher
2025/03/24 19:53:57 UTC,researcher
2025/03/24 20:26:48 UTC,Trudy
2025/03/24 22:07:32 UTC,writer
2025/03/24 22:10:53 UTC,researcher
2025/03/24 22:12:08 UTC,researcher
2025/03/24 22:43:38 UTC,writer
2025/03/25 00:31:17 UTC,content designer
2025/03/25 00:46:34 UTC,content designer
2025/03/25 03:15:46 UTC,writer
2025/03/25 03:20:18 UTC,writer
2025/03/25 12:56:42 UTC,Trudy
2025/03/25 19:22:09 UTC,researcher
2025/03/25 19:32:42 UTC,researcher
2025/03/25 21:19:45 UTC,content designer
2025/03/26 00:31:08 UTC,writer
2025/03/26 00:33:37 UTC,researcher
2025/03/26 00:35:47 UTC,researcher
2025/03/26 01:07:22 UTC,writer
2025/03/26 02:54:22 UTC,content designer
2025/03/26 03:13:31 UTC,writer
2025/03/26 03:24:56 UTC,writer
2025/03/26 19:42:05 UTC,researcher
2025/03/26 19:43:46 UTC,writer
2025/03/26 21:32:09 UTC,content designer
2025/03/26 21:33:06 UTC,researcher
2025/03/27 02:55:23 UTC,writer
2025/03/27 02:57:49 UTC,researcher
2025/03/27 03:00:34 UTC,researcher
2025/03/27 03:08:05 UTC,writer
2025/03/27 03:32:49 UTC,writer
2025/03/27 05:19:14 UTC,content designer
2025/03/27 19:21:25 UTC,researcher
2025/03/27 19:21:42 UTC,researcher
2025/03/27 21:09:52 UTC,content designer
2025/03/28 03:11:31 UTC,writer
2025/03/28 03:16:30 UTC,writer
2025/03/28 05:16:12 UTC,writer
2025/03/28 05:19:09 UTC,researcher
2025/03/28 05:21:11 UTC,researcher
2025/03/28 05:54:01 UTC,writer
2025/03/28 07:41:32 UTC,content designer
2025/03/28 16:07:42 UTC,josh jacquot
2025/03/28 16:07:42 UTC,justin byrth
2025/03/28 16:07:43 UTC,justin welsh
2025/03/28 16:08:13 UTC,jean-michel benoit noriega
2025/03/28 16:08:13 UTC,jesse luimes
2025/03/28 16:08:16 UTC,jena shams-rawhani
2025/03/28 16:08:16 UTC,jenn low
2025/03/28 16:08:17 UTC,jena viviano dunay
2025/03/28 19:11:00 UTC,researcher
2025/03/28 19:44:07 UTC,researcher
2025/03/28 21:26:53 UTC,content designer
2025/03/29 01:40:22 UTC,Trudy
2025/03/29 03:13:36 UTC,writer
2025/03/29 03:20:11 UTC,writer
2025/03/29 07:44:52 UTC,writer
2025/03/29 07:46:53 UTC,researcher
2025/03/29 07:49:04 UTC,researcher
2025/03/29 08:22:49 UTC,writer
2025/03/29 10:09:00 UTC,content designer
2025/03/29 19:11:16 UTC,researcher
2025/03/29 19:30:38 UTC,researcher
2025/03/29 21:23:04 UTC,content designer
2025/03/30 03:09:48 UTC,writer
2025/03/30 03:17:00 UTC,writer
2025/03/30 10:09:26 UTC,writer
2025/03/30 10:11:51 UTC,researcher
2025/03/30 10:16:09 UTC,researcher
2025/03/30 10:48:52 UTC,writer
2025/03/30 12:36:37 UTC,content designer
2025/03/30 19:14:52 UTC,researcher
2025/03/30 21:06:19 UTC,researcher
2025/03/30 21:52:10 UTC,content designer
2025/03/31 03:07:32 UTC,writer
2025/03/31 03:14:52 UTC,writer
2025/03/31 12:39:57 UTC,writer
2025/03/31 12:42:13 UTC,researcher
2025/03/31 12:44:53 UTC,researcher
2025/03/31 13:16:24 UTC,writer
2025/03/31 14:13:25 UTC,Trudy
2025/03/31 15:03:44 UTC,content designer
2025/03/31 19:21:09 UTC,researcher
2025/03/31 19:21:45 UTC,researcher
2025/03/31 21:22:42 UTC,content designer
2025/04/01 03:10:39 UTC,writer
2025/04/01 03:12:59 UTC,writer
2025/04/01 15:00:24 UTC,writer
2025/04/01 15:00:54 UTC,researcher
2025/04/01 15:04:48 UTC,researcher
2025/04/01 15:38:33 UTC,writer
2025/04/01 17:43:50 UTC,content designer
2025/04/01 19:14:40 UTC,researcher
2025/04/01 19:32:19 UTC,researcher
2025/04/01 21:33:03 UTC,content designer
2025/04/02 03:09:03 UTC,writer
2025/04/02 03:11:12 UTC,writer
2025/04/02 03:18:50 UTC,Trudy
2025/04/02 17:48:40 UTC,writer
2025/04/02 17:48:52 UTC,researcher
2025/04/02 17:53:42 UTC,researcher
2025/04/02 18:26:36 UTC,writer
2025/04/02 19:22:30 UTC,researcher
2025/04/02 19:34:31 UTC,researcher
2025/04/02 20:14:34 UTC,content designer
2025/04/02 21:11:59 UTC,content designer
2025/04/03 03:18:39 UTC,writer
2025/04/03 03:23:31 UTC,writer
2025/04/03 19:13:13 UTC,researcher
2025/04/03 19:26:00 UTC,researcher
2025/04/03 20:11:32 UTC,writer
2025/04/03 20:12:35 UTC,researcher
2025/04/03 20:16:49 UTC,researcher
2025/04/03 20:47:48 UTC,writer
2025/04/03 21:11:20 UTC,content designer
2025/04/03 22:35:31 UTC,content designer
2025/04/04 03:23:42 UTC,writer
2025/04/04 03:24:22 UTC,writer
2025/04/04 03:41:47 UTC,Trudy
2025/04/04 17:15:06 UTC,writer
2025/04/04 17:15:17 UTC,senior program manager
2025/04/04 17:15:18 UTC,senior program manager
2025/04/04 17:15:18 UTC,senior program manager
2025/04/04 17:15:19 UTC,senior program manager
2025/04/04 17:15:19 UTC,senior program manager
2025/04/04 17:15:51 UTC,software engineer
2025/04/04 17:15:51 UTC,software engineer
2025/04/04 17:15:52 UTC,software engineer
2025/04/04 17:16:29 UTC,head of product
2025/04/04 17:16:30 UTC,head of product
2025/04/04 17:16:31 UTC,head of product
2025/04/04 17:16:53 UTC,VP of Marketing
2025/04/04 17:16:54 UTC,VP of Marketing
2025/04/04 17:16:55 UTC,VP of Marketing
2025/04/04 17:17:12 UTC,VP of Marketing
2025/04/04 17:17:13 UTC,VP of Marketing
2025/04/04 17:17:13 UTC,VP of Marketing
2025/04/04 17:17:13 UTC,VP of Marketing
2025/04/04 17:17:13 UTC,VP of Marketing
2025/04/04 17:17:13 UTC,head of product
2025/04/04 17:17:13 UTC,senior program manager
2025/04/04 17:17:13 UTC,software engineer
2025/04/04 17:17:14 UTC,VP of Marketing
2025/04/04 17:17:24 UTC,data scientist
2025/04/04 17:17:24 UTC,data scientist
2025/04/04 17:17:25 UTC,data scientist
2025/04/04 17:17:44 UTC,customer service
2025/04/04 17:17:44 UTC,customer service
2025/04/04 17:17:45 UTC,customer service
2025/04/04 17:18:08 UTC,sales representative
2025/04/04 17:18:08 UTC,sales representative
2025/04/04 17:18:09 UTC,sales representative
2025/04/04 19:25:40 UTC,researcher
2025/04/04 19:46:15 UTC,researcher
2025/04/04 21:26:07 UTC,content designer
2025/04/04 22:42:12 UTC,writer
2025/04/04 22:42:47 UTC,researcher
2025/04/04 22:47:32 UTC,researcher
2025/04/04 23:20:29 UTC,writer
2025/04/05 01:06:31 UTC,content designer
2025/04/05 03:09:55 UTC,writer
2025/04/05 03:20:45 UTC,writer
2025/04/05 19:10:52 UTC,researcher
2025/04/05 19:21:27 UTC,researcher
2025/04/05 21:26:18 UTC,content designer
2025/04/06 01:18:01 UTC,writer
2025/04/06 01:18:26 UTC,researcher
2025/04/06 01:20:53 UTC,researcher
2025/04/06 01:54:36 UTC,writer
2025/04/06 03:12:16 UTC,writer
2025/04/06 03:14:55 UTC,writer
2025/04/06 03:42:07 UTC,content designer
2025/04/06 19:22:47 UTC,researcher
2025/04/06 19:30:57 UTC,researcher
2025/04/06 19:48:11 UTC,Data Science Specialist
2025/04/06 21:35:19 UTC,Data Science Specialist
2025/04/07 00:37:42 UTC,content designer
2025/04/07 03:14:45 UTC,writer
2025/04/07 03:19:15 UTC,writer
2025/04/07 03:38:40 UTC,researcher
2025/04/07 03:39:37 UTC,writer
2025/04/07 03:41:10 UTC,researcher
2025/04/07 04:14:19 UTC,writer
2025/04/07 06:01:25 UTC,content designer
2025/04/07 14:21:55 UTC,Trudy
2025/04/07 19:20:16 UTC,researcher
2025/04/07 19:29:13 UTC,Data Science Specialist
2025/04/07 19:37:26 UTC,researcher
2025/04/07 21:16:10 UTC,content designer
2025/04/08 03:11:51 UTC,writer
2025/04/08 03:27:32 UTC,writer
2025/04/08 06:01:46 UTC,researcher
2025/04/08 06:02:16 UTC,writer
2025/04/08 06:05:43 UTC,researcher
2025/04/08 06:39:00 UTC,writer
2025/04/08 08:23:45 UTC,content designer
2025/04/08 20:29:17 UTC,researcher
2025/04/08 20:44:46 UTC,researcher
2025/04/08 22:00:09 UTC,content designer
2025/04/09 03:11:56 UTC,writer
2025/04/09 03:23:02 UTC,writer
2025/04/09 08:38:12 UTC,writer
2025/04/09 08:39:40 UTC,researcher
2025/04/09 08:44:23 UTC,researcher
2025/04/09 09:18:40 UTC,writer
2025/04/09 11:02:13 UTC,content designer
2025/04/09 19:39:36 UTC,researcher
2025/04/09 20:19:50 UTC,researcher
2025/04/09 21:12:26 UTC,content designer
2025/04/10 03:09:29 UTC,writer
2025/04/10 03:12:20 UTC,writer
2025/04/10 11:02:31 UTC,writer
2025/04/10 11:05:28 UTC,researcher
2025/04/10 11:08:47 UTC,researcher
2025/04/10 11:43:20 UTC,writer
2025/04/10 13:24:45 UTC,content designer
2025/04/10 19:22:37 UTC,researcher
2025/04/10 19:24:36 UTC,researcher
2025/04/10 21:15:19 UTC,content designer
2025/04/11 03:07:31 UTC,writer
2025/04/11 03:15:30 UTC,writer
2025/04/11 03:55:39 UTC,Trudy
2025/04/11 13:28:22 UTC,writer
2025/04/11 13:33:05 UTC,researcher
2025/04/11 13:37:04 UTC,researcher
2025/04/11 14:09:26 UTC,writer
2025/04/11 15:52:41 UTC,content designer
2025/04/11 19:14:20 UTC,researcher
2025/04/11 19:34:38 UTC,researcher
2025/04/11 21:29:36 UTC,content designer
2025/04/12 03:12:23 UTC,writer
2025/04/12 03:21:50 UTC,writer
2025/04/12 15:57:00 UTC,writer
2025/04/12 16:00:02 UTC,researcher
2025/04/12 16:05:06 UTC,researcher
2025/04/12 16:38:30 UTC,writer
2025/04/12 18:19:29 UTC,content designer
2025/04/12 19:15:54 UTC,researcher
2025/04/12 19:21:06 UTC,researcher
2025/04/12 21:18:06 UTC,content designer
2025/04/13 03:09:13 UTC,writer
2025/04/13 03:18:11 UTC,writer
2025/04/13 05:03:14 UTC,Trudy
2025/04/13 18:32:56 UTC,writer
2025/04/13 18:34:25 UTC,researcher
2025/04/13 18:40:06 UTC,researcher
2025/04/13 19:14:15 UTC,writer
2025/04/13 19:17:54 UTC,researcher
2025/04/13 19:28:02 UTC,researcher
2025/04/13 20:56:31 UTC,content designer
2025/04/13 21:10:39 UTC,content designer
2025/04/14 03:11:21 UTC,writer
2025/04/14 03:16:30 UTC,writer
2025/04/14 20:58:21 UTC,writer
2025/04/14 20:59:39 UTC,researcher
2025/04/14 21:04:13 UTC,researcher
2025/04/14 21:09:36 UTC,evidence in governance and politics
2025/04/14 21:14:19 UTC,data scientist
2025/04/14 21:14:35 UTC,zety\: resume builder & career website
2025/04/14 21:19:53 UTC,researcher
2025/04/14 21:25:46 UTC,customer service
2025/04/14 21:25:52 UTC,chastity douyon
2025/04/14 21:25:53 UTC,chastity douyon
2025/04/14 21:34:14 UTC,content designer
2025/04/14 21:37:01 UTC,writer
2025/04/14 23:21:08 UTC,content designer
2025/04/15 03:10:04 UTC,writer
2025/04/15 03:35:33 UTC,writer
2025/04/15 11:22:08 UTC,researcher
2025/04/15 12:47:40 UTC,content designer
2025/04/15 19:10:25 UTC,researcher
2025/04/15 23:27:04 UTC,writer
2025/04/15 23:27:36 UTC,researcher
2025/04/15 23:33:41 UTC,researcher
2025/04/16 00:02:25 UTC,researcher
2025/04/16 00:06:03 UTC,writer
2025/04/16 01:49:16 UTC,content designer
2025/04/16 03:11:47 UTC,writer
2025/04/16 03:24:33 UTC,writer
2025/04/16 19:12:39 UTC,researcher
2025/04/16 19:22:31 UTC,researcher
2025/04/16 21:53:07 UTC,content designer
2025/04/17 01:56:57 UTC,writer
2025/04/17 01:58:17 UTC,researcher
2025/04/17 02:02:24 UTC,researcher
2025/04/17 02:36:31 UTC,writer
2025/04/17 03:15:59 UTC,writer
2025/04/17 03:24:58 UTC,writer
2025/04/17 03:58:32 UTC,Trudy
2025/04/17 04:18:14 UTC,content designer
2025/04/17 15:08:07 UTC,Trudy
2025/04/17 19:13:36 UTC,researcher
2025/04/17 19:51:42 UTC,researcher
2025/04/17 21:12:18 UTC,content designer
2025/04/17 21:50:24 UTC,Trudy
2025/04/18 03:15:23 UTC,writer
2025/04/18 03:19:54 UTC,writer
2025/04/18 04:22:32 UTC,writer
2025/04/18 04:25:14 UTC,researcher
2025/04/18 04:28:48 UTC,researcher
2025/04/18 05:06:55 UTC,writer
2025/04/18 06:46:21 UTC,content designer
2025/04/18 20:57:16 UTC,researcher
2025/04/18 21:11:44 UTC,content designer
2025/04/18 22:12:15 UTC,researcher
2025/04/19 00:47:55 UTC,Trudy
2025/04/19 03:11:08 UTC,writer
2025/04/19 03:15:03 UTC,writer
2025/04/19 06:52:46 UTC,writer
2025/04/19 06:56:23 UTC,researcher
2025/04/19 06:59:10 UTC,researcher
2025/04/19 07:33:25 UTC,writer
2025/04/19 09:12:16 UTC,content designer
2025/04/19 16:15:33 UTC,Trudy
2025/04/19 19:49:13 UTC,researcher
2025/04/19 19:57:13 UTC,researcher
2025/04/19 21:07:17 UTC,content designer
2025/04/20 03:09:55 UTC,writer
2025/04/20 03:10:08 UTC,writer
2025/04/20 09:16:27 UTC,writer
2025/04/20 09:19:21 UTC,researcher
2025/04/20 09:21:47 UTC,researcher
2025/04/20 09:58:37 UTC,writer
2025/04/20 11:36:21 UTC,content designer
2025/04/20 19:19:49 UTC,researcher
2025/04/20 19:23:23 UTC,researcher
2025/04/20 21:20:57 UTC,content designer
2025/04/21 03:07:56 UTC,writer
2025/04/21 03:09:27 UTC,writer
2025/04/21 11:43:27 UTC,writer
2025/04/21 11:47:45 UTC,researcher
2025/04/21 11:48:29 UTC,researcher
2025/04/21 12:26:41 UTC,writer
2025/04/21 14:05:03 UTC,content designer
2025/04/21 16:48:07 UTC,Content Designer
2025/04/21 19:07:40 UTC,researcher
2025/04/21 19:13:28 UTC,researcher
2025/04/21 21:14:26 UTC,content designer
2025/04/22 03:13:21 UTC,writer
2025/04/22 03:16:01 UTC,writer
2025/04/22 14:13:29 UTC,writer
2025/04/22 14:15:19 UTC,researcher
2025/04/22 14:17:55 UTC,researcher
2025/04/22 14:55:28 UTC,writer
2025/04/22 16:32:33 UTC,content designer
2025/04/22 19:26:10 UTC,researcher
2025/04/22 20:26:04 UTC,researcher
2025/04/22 21:22:37 UTC,content designer
2025/04/23 03:27:17 UTC,writer
2025/04/23 03:35:54 UTC,writer
2025/04/23 16:49:33 UTC,writer
2025/04/23 16:53:03 UTC,researcher
2025/04/23 16:54:50 UTC,researcher
2025/04/23 17:31:09 UTC,writer
2025/04/23 18:09:24 UTC,Content Designer
2025/04/23 19:08:47 UTC,content designer
2025/04/23 19:14:57 UTC,researcher
2025/04/23 19:24:13 UTC,researcher
2025/04/23 20:26:09 UTC,Content Designer
2025/04/23 21:28:12 UTC,content designer
2025/04/24 03:09:08 UTC,writer
2025/04/24 03:16:36 UTC,writer
2025/04/24 15:21:26 UTC,Trudy
2025/04/24 19:18:13 UTC,writer
2025/04/24 19:19:35 UTC,researcher
2025/04/24 19:22:25 UTC,researcher
2025/04/24 19:54:35 UTC,researcher
2025/04/24 19:59:06 UTC,writer
2025/04/24 20:01:49 UTC,researcher
2025/04/24 20:05:42 UTC,Content Designer
2025/04/24 21:34:30 UTC,content designer
2025/04/25 00:08:36 UTC,Trudy
2025/04/25 03:22:10 UTC,writer
2025/04/25 03:25:35 UTC,writer
2025/04/25 05:51:53 UTC,content designer
2025/04/25 14:21:17 UTC,writer
2025/04/25 14:26:07 UTC,writer
2025/04/25 15:34:55 UTC,Trudy
2025/04/25 21:33:27 UTC,content designer
2025/04/25 21:45:22 UTC,writer
2025/04/25 21:47:25 UTC,researcher
2025/04/25 21:50:46 UTC,researcher
2025/04/25 22:25:40 UTC,writer
2025/04/26 00:04:25 UTC,content designer
2025/04/26 03:11:23 UTC,writer
2025/04/26 03:13:01 UTC,writer
2025/04/26 19:11:16 UTC,researcher
2025/04/26 19:17:06 UTC,researcher
2025/04/26 21:15:39 UTC,content designer
2025/04/27 00:10:38 UTC,writer
2025/04/27 00:11:34 UTC,researcher
2025/04/27 00:14:37 UTC,researcher
2025/04/27 00:51:53 UTC,writer
2025/04/27 02:27:33 UTC,content designer
2025/04/27 03:16:46 UTC,writer
2025/04/27 03:19:17 UTC,writer
2025/04/27 19:13:34 UTC,researcher
2025/04/27 19:29:30 UTC,Trudy
2025/04/27 19:35:21 UTC,Trudy
2025/04/27 19:43:07 UTC,researcher
2025/04/27 21:14:32 UTC,content designer
2025/04/28 02:33:45 UTC,researcher
2025/04/28 02:34:43 UTC,writer
2025/04/28 02:39:55 UTC,researcher
2025/04/28 03:16:38 UTC,writer
2025/04/28 03:26:26 UTC,writer
2025/04/28 03:40:00 UTC,writer
2025/04/28 04:52:48 UTC,content designer
2025/04/28 19:13:02 UTC,researcher
2025/04/28 19:35:32 UTC,researcher
2025/04/28 21:28:48 UTC,content designer
2025/04/29 04:01:22 UTC,writer
2025/04/29 04:18:02 UTC,writer
2025/04/29 05:03:22 UTC,writer
2025/04/29 05:04:42 UTC,researcher
2025/04/29 05:10:06 UTC,researcher
2025/04/29 05:47:38 UTC,writer
2025/04/29 07:21:46 UTC,content designer
2025/04/29 19:28:15 UTC,researcher
2025/04/29 19:38:42 UTC,researcher
2025/04/29 21:01:06 UTC,myTrudy
2025/04/29 21:22:54 UTC,content designer
2025/04/30 03:11:01 UTC,writer
2025/04/30 03:12:26 UTC,writer
2025/04/30 07:31:00 UTC,writer
2025/04/30 07:31:57 UTC,researcher
2025/04/30 07:35:23 UTC,researcher
2025/04/30 08:15:19 UTC,writer
2025/04/30 09:50:11 UTC,content designer
2025/04/30 19:29:32 UTC,researcher
2025/04/30 19:31:07 UTC,researcher
2025/04/30 21:18:26 UTC,content designer
2025/05/01 03:21:46 UTC,writer
2025/05/01 03:26:35 UTC,writer
2025/05/01 09:58:03 UTC,researcher
2025/05/01 09:58:56 UTC,writer
2025/05/01 10:04:18 UTC,researcher
2025/05/01 10:42:45 UTC,writer
2025/05/01 11:22:46 UTC,researcher
2025/05/01 11:30:05 UTC,content designer
2025/05/01 11:30:14 UTC,writer
2025/05/01 11:30:18 UTC,writer
2025/05/01 11:37:49 UTC,researcher
2025/05/01 12:16:28 UTC,content designer
2025/05/02 03:19:51 UTC,writer
2025/05/02 11:20:33 UTC,content designer
2025/05/02 11:32:03 UTC,writer
2025/05/02 11:40:18 UTC,researcher
2025/05/02 11:44:20 UTC,researcher
2025/05/02 11:48:55 UTC,writer
2025/05/02 12:24:38 UTC,researcher
2025/05/02 12:25:28 UTC,writer
2025/05/02 12:32:01 UTC,researcher
2025/05/02 13:11:03 UTC,writer
2025/05/02 14:42:51 UTC,content designer
2025/05/03 03:08:42 UTC,writer
2025/05/03 03:12:46 UTC,writer
2025/05/03 11:15:45 UTC,researcher
2025/05/03 11:16:44 UTC,writer
2025/05/03 11:28:18 UTC,content designer
2025/05/03 11:29:17 UTC,writer
2025/05/03 11:36:38 UTC,researcher
2025/05/03 14:51:01 UTC,researcher
2025/05/03 14:54:25 UTC,writer
2025/05/03 14:57:30 UTC,researcher
2025/05/03 15:36:14 UTC,writer
2025/05/03 17:08:52 UTC,content designer
2025/05/03 18:03:16 UTC,myTrudy
2025/05/03 18:11:21 UTC,myTrudy
2025/05/03 18:55:52 UTC,myTrudy
2025/05/03 20:17:46 UTC,myTrudy
2025/05/03 20:30:18 UTC,myTrudy
2025/05/03 20:30:58 UTC,myTrudy
2025/05/03 20:32:13 UTC,myTrudy
2025/05/03 20:34:05 UTC,myTrudy
2025/05/03 22:31:21 UTC,myTrudy
2025/05/03 23:06:05 UTC,myTrudy
2025/05/04 01:11:43 UTC,myTrudy
2025/05/04 01:15:04 UTC,myTrudy
2025/05/04 11:18:09 UTC,researcher
2025/05/04 11:18:28 UTC,writer
2025/05/04 11:19:17 UTC,researcher
2025/05/04 11:20:59 UTC,writer
2025/05/04 11:24:30 UTC,content designer
2025/05/04 17:16:14 UTC,researcher
2025/05/04 17:19:13 UTC,writer
2025/05/04 17:20:46 UTC,researcher
2025/05/04 18:01:06 UTC,writer
2025/05/04 18:44:05 UTC,myTrudy
2025/05/04 19:01:21 UTC,myTrudy
2025/05/04 19:35:38 UTC,content designer
2025/05/05 00:07:58 UTC,myTrudy
2025/05/05 10:19:20 UTC,writer
2025/05/05 11:15:17 UTC,content designer
2025/05/05 11:28:54 UTC,researcher
2025/05/05 11:39:11 UTC,researcher
2025/05/05 11:44:09 UTC,writer
2025/05/05 14:06:58 UTC,myTrudy
2025/05/05 19:43:29 UTC,researcher
2025/05/05 19:47:13 UTC,writer
2025/05/05 19:48:13 UTC,researcher
2025/05/05 20:29:52 UTC,writer
2025/05/05 22:02:47 UTC,content designer
2025/05/06 11:18:22 UTC,researcher
2025/05/06 11:21:34 UTC,content designer
2025/05/06 11:27:30 UTC,writer
2025/05/06 11:31:47 UTC,researcher
2025/05/06 11:33:02 UTC,writer
2025/05/06 22:10:46 UTC,researcher
2025/05/06 22:16:11 UTC,researcher
2025/05/06 22:16:25 UTC,writer
2025/05/06 22:55:41 UTC,writer
2025/05/07 00:31:05 UTC,content designer
2025/05/07 11:13:37 UTC,writer
2025/05/07 11:13:53 UTC,researcher
2025/05/07 11:14:20 UTC,content designer
2025/05/07 11:30:26 UTC,writer
2025/05/07 11:36:47 UTC,researcher
2025/05/07 15:49:01 UTC,myTrudy
2025/05/07 18:43:08 UTC,Head of Marketing
2025/05/07 18:51:35 UTC,Head of Marketing
2025/05/08 00:50:51 UTC,researcher
2025/05/08 00:53:28 UTC,researcher
2025/05/08 00:55:22 UTC,writer
2025/05/08 01:34:44 UTC,writer
2025/05/08 03:10:18 UTC,content designer
2025/05/08 11:16:06 UTC,content designer
2025/05/08 11:21:44 UTC,researcher
2025/05/08 11:28:29 UTC,writer
2025/05/08 11:29:28 UTC,researcher
2025/05/08 11:35:18 UTC,writer
2025/05/08 19:32:02 UTC,Head of Marketing
2025/05/09 03:13:25 UTC,researcher
2025/05/09 03:18:39 UTC,writer
2025/05/09 03:19:39 UTC,researcher
2025/05/09 03:59:55 UTC,writer
2025/05/09 05:35:16 UTC,content designer
2025/05/09 11:22:55 UTC,researcher
2025/05/09 11:29:45 UTC,writer
2025/05/09 11:36:00 UTC,content designer
2025/05/09 11:39:46 UTC,researcher
2025/05/09 11:42:09 UTC,writer
2025/05/10 05:37:54 UTC,researcher
2025/05/10 05:43:32 UTC,writer
2025/05/10 05:45:33 UTC,researcher
2025/05/10 06:23:06 UTC,writer
2025/05/10 08:00:26 UTC,content designer
2025/05/10 11:14:06 UTC,writer
2025/05/10 11:15:58 UTC,researcher
2025/05/10 11:23:46 UTC,writer
2025/05/10 11:24:16 UTC,content designer
2025/05/10 11:31:27 UTC,researcher
2025/05/11 03:09:25 UTC,writer
2025/05/11 03:26:25 UTC,writer
2025/05/11 08:02:54 UTC,researcher
2025/05/11 08:09:25 UTC,researcher
2025/05/11 08:10:20 UTC,writer
2025/05/11 08:49:01 UTC,writer
2025/05/11 10:25:09 UTC,content designer
2025/05/11 11:12:43 UTC,researcher
2025/05/11 11:18:55 UTC,writer
2025/05/11 11:23:16 UTC,content designer
2025/05/11 11:24:53 UTC,writer
2025/05/11 11:29:41 UTC,researcher
2025/05/11 20:48:08 UTC,myTrudy
2025/05/11 21:59:54 UTC,myTrudy
2025/05/12 03:17:40 UTC,writer
2025/05/12 03:20:02 UTC,writer
2025/05/12 10:25:20 UTC,researcher
2025/05/12 10:32:59 UTC,writer
2025/05/12 10:33:44 UTC,researcher
2025/05/12 11:10:51 UTC,writer
2025/05/12 11:24:45 UTC,writer
2025/05/12 11:32:41 UTC,writer
2025/05/12 11:35:00 UTC,researcher
2025/05/12 11:36:31 UTC,researcher
2025/05/12 11:38:55 UTC,content designer
2025/05/12 12:48:52 UTC,content designer
2025/05/12 21:26:27 UTC,content designer
2025/05/13 03:37:24 UTC,writer
2025/05/13 03:43:00 UTC,writer
2025/05/13 11:26:08 UTC,writer
2025/05/13 11:34:58 UTC,content designer
2025/05/13 11:37:10 UTC,researcher
2025/05/13 11:38:20 UTC,researcher
2025/05/13 11:41:44 UTC,writer
2025/05/13 12:47:27 UTC,researcher
2025/05/13 12:54:09 UTC,writer
2025/05/13 12:54:18 UTC,researcher
2025/05/13 13:32:49 UTC,writer
2025/05/13 15:10:13 UTC,content designer
2025/05/13 20:17:28 UTC,myTrudy
2025/05/14 03:20:28 UTC,writer
2025/05/14 03:24:45 UTC,writer
2025/05/14 04:29:02 UTC,myTrudy
2025/05/14 11:20:52 UTC,writer
2025/05/14 11:35:37 UTC,writer
2025/05/14 11:37:42 UTC,researcher
2025/05/14 11:41:44 UTC,content designer
2025/05/14 11:44:59 UTC,researcher
2025/05/14 15:24:36 UTC,researcher
2025/05/14 15:28:47 UTC,writer
2025/05/14 15:30:40 UTC,researcher
2025/05/14 16:07:10 UTC,writer
2025/05/14 17:44:30 UTC,content designer
2025/05/15 01:03:50 UTC,myTrudy
2025/05/15 03:10:31 UTC,writer
2025/05/15 03:12:43 UTC,writer
2025/05/15 11:16:02 UTC,researcher
2025/05/15 11:28:44 UTC,writer
2025/05/15 11:30:27 UTC,researcher
2025/05/15 11:41:58 UTC,writer
2025/05/15 11:48:25 UTC,content designer
2025/05/15 18:46:19 UTC,researcher
2025/05/15 18:53:03 UTC,writer
2025/05/15 18:55:30 UTC,researcher
2025/05/15 19:31:14 UTC,writer
2025/05/15 21:06:33 UTC,content designer
2025/05/16 03:19:28 UTC,writer
2025/05/16 03:20:09 UTC,writer
2025/05/16 04:11:17 UTC,myTrudy
2025/05/16 11:18:24 UTC,researcher
2025/05/16 11:30:28 UTC,writer
2025/05/16 11:41:42 UTC,writer
2025/05/16 11:42:04 UTC,content designer
2025/05/16 11:44:48 UTC,researcher
2025/05/16 22:28:01 UTC,researcher
2025/05/16 22:35:31 UTC,writer
2025/05/16 22:37:44 UTC,researcher
2025/05/16 23:11:46 UTC,writer
2025/05/17 00:48:15 UTC,content designer
2025/05/17 03:14:11 UTC,writer
2025/05/17 03:17:49 UTC,writer
2025/05/17 11:14:10 UTC,content designer
2025/05/17 11:18:42 UTC,researcher
2025/05/17 11:23:46 UTC,researcher
2025/05/17 11:29:15 UTC,writer
2025/05/17 11:33:51 UTC,writer
2025/05/17 15:44:29 UTC,myTrudy
2025/05/18 00:52:40 UTC,researcher
2025/05/18 01:02:40 UTC,writer
2025/05/18 01:03:14 UTC,researcher
2025/05/18 01:37:47 UTC,writer
2025/05/18 03:14:15 UTC,content designer
2025/05/18 03:22:10 UTC,writer
2025/05/18 03:29:20 UTC,writer
2025/05/18 11:08:24 UTC,writer
2025/05/18 11:27:26 UTC,content designer
2025/05/18 11:27:53 UTC,writer
2025/05/18 11:33:03 UTC,researcher
2025/05/18 11:34:14 UTC,researcher
2025/05/18 20:07:43 UTC,researcher
2025/05/19 03:14:27 UTC,researcher
2025/05/19 03:24:36 UTC,researcher
2025/05/19 03:26:05 UTC,writer
2025/05/19 03:31:32 UTC,writer
2025/05/19 03:38:44 UTC,writer
2025/05/19 04:00:30 UTC,writer
2025/05/19 05:34:39 UTC,content designer
2025/05/19 11:32:24 UTC,writer
2025/05/19 11:37:24 UTC,researcher
2025/05/19 11:40:38 UTC,writer
2025/05/19 11:41:31 UTC,content designer
2025/05/19 11:43:05 UTC,researcher
2025/05/19 19:19:45 UTC,researcher
2025/05/20 03:17:12 UTC,writer
2025/05/20 03:19:48 UTC,writer
2025/05/20 05:42:18 UTC,researcher
2025/05/20 05:52:31 UTC,researcher
2025/05/20 05:54:41 UTC,writer
2025/05/20 06:27:15 UTC,writer
2025/05/20 08:03:38 UTC,content designer
2025/05/20 11:18:41 UTC,researcher
2025/05/20 11:26:08 UTC,researcher
2025/05/20 11:41:55 UTC,writer
2025/05/20 11:44:33 UTC,writer
2025/05/20 12:04:49 UTC,content designer
2025/05/20 13:52:06 UTC,myTrudy
2025/05/21 03:14:42 UTC,writer
2025/05/21 03:19:14 UTC,writer
2025/05/21 08:19:00 UTC,researcher
2025/05/21 08:27:55 UTC,researcher
2025/05/21 08:32:08 UTC,writer
2025/05/21 09:05:10 UTC,writer
2025/05/21 10:43:07 UTC,content designer
2025/05/21 11:24:15 UTC,writer
2025/05/21 11:42:40 UTC,writer
2025/05/21 11:47:39 UTC,researcher
2025/05/21 11:49:56 UTC,researcher
2025/05/21 11:54:34 UTC,content designer
2025/05/21 14:03:57 UTC,myTrudy
2025/05/22 02:05:06 UTC,researcher
2025/05/22 03:29:37 UTC,writer
2025/05/22 03:35:52 UTC,writer
2025/05/22 11:06:32 UTC,researcher
2025/05/22 11:15:07 UTC,researcher
2025/05/22 11:20:23 UTC,writer
2025/05/22 11:32:44 UTC,writer
2025/05/22 11:38:42 UTC,researcher
2025/05/22 11:38:59 UTC,writer
2025/05/22 11:43:47 UTC,researcher
2025/05/22 11:46:51 UTC,content designer
2025/05/22 11:53:30 UTC,writer
2025/05/22 13:03:31 UTC,myTrudy
2025/05/22 13:29:47 UTC,content designer
2025/05/23 03:16:21 UTC,writer
2025/05/23 03:42:11 UTC,writer
2025/05/23 04:02:18 UTC,myTrudy
2025/05/23 04:18:23 UTC,myTrudy
2025/05/23 11:41:35 UTC,writer
2025/05/23 11:43:56 UTC,researcher
2025/05/23 11:47:16 UTC,writer
2025/05/23 11:49:13 UTC,content designer
2025/05/23 12:02:03 UTC,researcher
2025/05/23 13:33:06 UTC,researcher
2025/05/23 13:40:57 UTC,researcher
2025/05/23 13:44:36 UTC,writer
2025/05/23 14:17:08 UTC,writer
2025/05/23 15:58:59 UTC,content designer
2025/05/24 03:23:17 UTC,writer
2025/05/24 03:24:09 UTC,writer
2025/05/24 11:13:02 UTC,researcher
2025/05/24 11:18:37 UTC,writer
2025/05/24 11:22:23 UTC,researcher
2025/05/24 11:23:55 UTC,writer
2025/05/24 11:31:46 UTC,content designer
2025/05/24 15:59:19 UTC,researcher
2025/05/24 16:08:54 UTC,researcher
2025/05/24 16:12:23 UTC,writer
2025/05/24 16:45:51 UTC,writer
2025/05/24 18:23:09 UTC,content designer
2025/05/25 03:19:06 UTC,writer
2025/05/25 03:19:31 UTC,writer
2025/05/25 11:12:47 UTC,researcher
2025/05/25 11:22:27 UTC,researcher
2025/05/25 11:28:09 UTC,writer
2025/05/25 11:34:06 UTC,content designer
2025/05/25 11:37:29 UTC,writer
2025/05/25 18:26:54 UTC,researcher
2025/05/25 18:35:14 UTC,researcher
2025/05/25 18:39:15 UTC,writer
2025/05/25 19:12:07 UTC,writer
2025/05/25 20:50:54 UTC,content designer
2025/05/26 03:16:38 UTC,writer
2025/05/26 03:22:18 UTC,writer
2025/05/26 11:11:24 UTC,content designer
2025/05/26 11:32:06 UTC,researcher
2025/05/26 11:33:40 UTC,researcher
2025/05/26 11:34:18 UTC,writer
2025/05/26 11:37:51 UTC,writer
2025/05/26 21:05:33 UTC,researcher
2025/05/26 21:13:32 UTC,researcher
2025/05/26 21:19:06 UTC,writer
2025/05/26 21:52:59 UTC,writer
2025/05/26 23:30:03 UTC,content designer
2025/05/27 03:27:58 UTC,writer
2025/05/27 03:31:03 UTC,writer
2025/05/27 11:34:43 UTC,writer
2025/05/27 11:42:58 UTC,researcher
2025/05/27 11:45:55 UTC,researcher
2025/05/27 11:45:56 UTC,writer
2025/05/27 11:48:09 UTC,content designer
2025/05/27 23:29:58 UTC,researcher
2025/05/27 23:35:26 UTC,researcher
2025/05/27 23:40:59 UTC,writer
2025/05/28 00:13:51 UTC,writer
2025/05/28 01:52:36 UTC,content designer
2025/05/28 03:08:32 UTC,writer
2025/05/28 03:20:30 UTC,writer
2025/05/28 11:15:09 UTC,researcher
2025/05/28 11:27:07 UTC,researcher
2025/05/28 11:48:20 UTC,writer
2025/05/28 11:48:50 UTC,content designer
2025/05/28 11:50:05 UTC,writer
2025/05/29 00:19:58 UTC,researcher
2025/05/29 01:52:45 UTC,researcher
2025/05/29 01:57:38 UTC,researcher
2025/05/29 02:03:55 UTC,writer
2025/05/29 02:37:48 UTC,writer
2025/05/29 02:50:21 UTC,researcher
2025/05/29 03:25:53 UTC,writer
2025/05/29 03:32:05 UTC,writer
2025/05/29 03:59:37 UTC,content designer
2025/05/29 04:13:03 UTC,content designer
2025/05/29 11:27:26 UTC,writer
2025/05/29 11:30:06 UTC,writer
2025/05/29 11:34:01 UTC,content designer
2025/05/29 11:36:44 UTC,researcher
2025/05/29 11:44:15 UTC,researcher
2025/05/30 03:18:08 UTC,writer
2025/05/30 03:20:16 UTC,writer
2025/05/30 04:17:50 UTC,researcher
2025/05/30 04:22:42 UTC,researcher
2025/05/30 04:28:28 UTC,writer
2025/05/30 05:04:28 UTC,writer
2025/05/30 06:38:07 UTC,content designer
2025/05/30 11:13:01 UTC,writer
2025/05/30 11:41:56 UTC,researcher
2025/05/30 11:46:09 UTC,writer
2025/05/30 11:48:04 UTC,content designer
2025/05/30 11:48:08 UTC,researcher
2025/05/31 03:13:37 UTC,writer
2025/05/31 03:23:28 UTC,writer
2025/05/31 06:38:01 UTC,researcher
2025/05/31 06:43:06 UTC,researcher
2025/05/31 06:49:03 UTC,writer
2025/05/31 07:25:37 UTC,writer
2025/05/31 08:59:52 UTC,content designer
2025/05/31 11:25:17 UTC,researcher
2025/05/31 11:26:38 UTC,writer
2025/05/31 11:28:09 UTC,researcher
2025/05/31 11:29:18 UTC,content designer
2025/05/31 11:36:45 UTC,writer
2025/05/31 13:51:10 UTC,myTrudy
2025/06/01 03:25:15 UTC,writer
2025/06/01 03:26:53 UTC,writer
2025/06/01 08:53:39 UTC,researcher
2025/06/01 09:00:13 UTC,researcher
2025/06/01 09:06:27 UTC,writer
2025/06/01 09:41:36 UTC,writer
2025/06/01 11:16:59 UTC,content designer
2025/06/01 11:18:11 UTC,content designer
2025/06/01 11:23:49 UTC,researcher
2025/06/01 11:29:08 UTC,researcher
2025/06/01 11:31:05 UTC,writer
2025/06/01 11:35:38 UTC,writer
2025/06/01 15:30:27 UTC,myTrudy
2025/06/01 15:30:56 UTC,myTrudy
2025/06/01 15:30:56 UTC,myTrudy
2025/06/01 15:30:56 UTC,myTrudy
2025/06/02 03:16:40 UTC,writer
2025/06/02 03:17:45 UTC,writer
2025/06/02 11:11:11 UTC,researcher
2025/06/02 11:18:03 UTC,researcher
2025/06/02 11:21:42 UTC,writer
2025/06/02 11:26:38 UTC,writer
2025/06/02 11:28:01 UTC,writer
2025/06/02 11:32:38 UTC,content designer
2025/06/02 11:39:09 UTC,researcher
2025/06/02 11:41:36 UTC,researcher
2025/06/02 11:58:31 UTC,writer
2025/06/02 13:35:12 UTC,content designer
2025/06/02 21:29:07 UTC,content designer
2025/06/02 22:25:47 UTC,evidence in governance and politics
2025/06/02 22:25:49 UTC,edge
2025/06/02 22:25:49 UTC,edge factor
2025/06/02 22:25:49 UTC,edge focus
2025/06/03 03:22:22 UTC,writer
2025/06/03 03:24:16 UTC,writer
2025/06/03 11:10:32 UTC,researcher
2025/06/03 11:11:09 UTC,writer
2025/06/03 11:27:14 UTC,writer
2025/06/03 11:40:08 UTC,content designer
2025/06/03 11:44:50 UTC,researcher
2025/06/03 13:32:23 UTC,researcher
2025/06/03 13:36:54 UTC,researcher
2025/06/03 13:42:40 UTC,writer
2025/06/03 14:19:28 UTC,writer
2025/06/03 15:56:24 UTC,content designer
2025/06/03 23:56:19 UTC,myTrudy
2025/06/04 03:28:01 UTC,myTrudy
2025/06/04 03:28:50 UTC,writer
2025/06/04 03:32:57 UTC,writer
2025/06/04 04:16:26 UTC,content designer
2025/06/04 11:15:15 UTC,writer
2025/06/04 11:28:48 UTC,researcher
2025/06/04 11:36:29 UTC,writer
2025/06/04 11:41:49 UTC,content designer
2025/06/04 11:48:53 UTC,researcher
2025/06/04 15:53:32 UTC,researcher
2025/06/04 15:57:46 UTC,researcher
2025/06/04 16:04:55 UTC,writer
2025/06/04 16:36:41 UTC,teal
2025/06/04 16:36:41 UTC,trudy
2025/06/04 16:36:43 UTC,teal
2025/06/04 16:42:40 UTC,writer
2025/06/04 16:51:17 UTC,teal
2025/06/04 16:51:19 UTC,teal
2025/06/04 17:00:45 UTC,teal
2025/06/04 17:00:47 UTC,teal
2025/06/04 17:35:56 UTC,Head Of Content
2025/06/04 17:35:56 UTC,Head Of Content
2025/06/04 17:35:57 UTC,Head Of Content
2025/06/04 17:35:57 UTC,Head Of Content
2025/06/04 17:35:57 UTC,Head Of Content
2025/06/04 17:35:57 UTC,Head of Content
2025/06/04 17:35:57 UTC,writer
2025/06/04 17:35:59 UTC,Head Of Content
2025/06/04 17:36:00 UTC,Head Of Content
2025/06/04 17:36:00 UTC,Head Of Content
2025/06/04 17:36:00 UTC,Head of Content
2025/06/04 17:36:00 UTC,Head of Content
2025/06/04 17:36:00 UTC,writer
2025/06/04 17:36:00 UTC,writer
2025/06/04 17:36:04 UTC,Head Of Content
2025/06/04 17:36:04 UTC,Head Of Content
2025/06/04 17:36:04 UTC,Head of Content
2025/06/04 17:36:04 UTC,writer
2025/06/04 17:36:05 UTC,Head of Content
2025/06/04 17:36:05 UTC,writer
2025/06/04 17:36:06 UTC,Head Of Content
2025/06/04 18:20:25 UTC,content designer
2025/06/04 19:28:55 UTC,chastity douyon
2025/06/04 19:28:57 UTC,chris beaver
2025/06/04 19:28:58 UTC,chris beaver
2025/06/04 22:52:36 UTC,Head Of Content
2025/06/04 22:52:36 UTC,Head Of Content
2025/06/04 22:52:37 UTC,Head Of Content
2025/06/04 22:52:37 UTC,Head Of Content
2025/06/04 22:52:37 UTC,Head Of Content
2025/06/04 22:52:37 UTC,Head Of Content
2025/06/04 22:52:37 UTC,Head Of Content
2025/06/04 22:52:37 UTC,Head Of Content
2025/06/04 22:52:37 UTC,Head Of Content
2025/06/04 22:52:37 UTC,Head Of Content
2025/06/04 22:52:37 UTC,Head Of Content
2025/06/04 22:52:37 UTC,Head Of Content
2025/06/04 22:52:37 UTC,Head Of Content
2025/06/04 22:52:37 UTC,Head Of Content
2025/06/04 22:52:39 UTC,Head Of Content
2025/06/04 22:52:39 UTC,Head Of Content
2025/06/04 23:21:24 UTC,Head Of Content
2025/06/04 23:21:24 UTC,Head Of Content
2025/06/04 23:21:24 UTC,Head Of Content
2025/06/04 23:21:24 UTC,Head Of Content
2025/06/04 23:21:24 UTC,Head Of Content
2025/06/04 23:21:24 UTC,Head Of Content
2025/06/04 23:21:24 UTC,Head Of Content
2025/06/04 23:21:25 UTC,Head Of Content
2025/06/04 23:21:25 UTC,Head Of Content
2025/06/04 23:21:25 UTC,Head Of Content
2025/06/04 23:21:25 UTC,Head Of Content
2025/06/04 23:21:25 UTC,Head Of Content
2025/06/04 23:21:25 UTC,Head Of Content
2025/06/04 23:21:25 UTC,Head Of Content
2025/06/04 23:21:26 UTC,Head Of Content
2025/06/04 23:21:26 UTC,Head Of Content
2025/06/04 23:29:26 UTC,head of product
2025/06/04 23:29:26 UTC,head of product
2025/06/04 23:29:26 UTC,head of product
2025/06/04 23:29:27 UTC,head of product
2025/06/05 03:10:46 UTC,writer
2025/06/05 03:29:59 UTC,writer
2025/06/05 13:55:31 UTC,writer
2025/06/05 14:05:41 UTC,content designer
2025/06/05 14:09:36 UTC,writer
2025/06/05 14:20:27 UTC,researcher
2025/06/05 14:28:06 UTC,researcher
2025/06/05 18:32:21 UTC,researcher
2025/06/05 18:36:00 UTC,researcher
2025/06/05 18:41:54 UTC,writer
2025/06/05 19:21:38 UTC,writer
2025/06/05 20:57:15 UTC,content designer
2025/06/05 23:31:57 UTC,myTrudy
2025/06/06 03:15:29 UTC,writer
2025/06/06 03:20:16 UTC,writer
2025/06/06 11:15:53 UTC,researcher
2025/06/06 11:18:35 UTC,researcher
2025/06/06 11:43:04 UTC,writer
2025/06/06 11:46:45 UTC,content designer
2025/06/06 11:47:52 UTC,writer
2025/06/06 15:46:26 UTC,Head Of Content
2025/06/06 15:46:26 UTC,Head Of Content
2025/06/06 15:46:26 UTC,Head Of Content
2025/06/06 15:46:26 UTC,Head Of Content
2025/06/06 15:46:26 UTC,Head Of Content
2025/06/06 15:46:26 UTC,Head Of Content
2025/06/06 15:46:26 UTC,Head Of Content
2025/06/06 15:46:26 UTC,Head Of Content
2025/06/06 15:46:26 UTC,Head Of Content
2025/06/06 15:46:26 UTC,Head Of Content
2025/06/06 15:46:26 UTC,head of product
2025/06/06 15:46:26 UTC,head of product
2025/06/06 15:46:26 UTC,head of product
2025/06/06 15:46:26 UTC,head of product
2025/06/06 15:46:26 UTC,head of product
2025/06/06 15:46:26 UTC,writer
2025/06/06 15:46:27 UTC,Head Of Content
2025/06/06 15:46:27 UTC,Head Of Content
2025/06/06 15:46:27 UTC,Head Of Content
2025/06/06 15:46:27 UTC,Head Of Content
2025/06/06 15:46:27 UTC,head of product
2025/06/06 15:46:27 UTC,head of product
2025/06/06 15:46:28 UTC,Head Of Content
2025/06/06 15:46:28 UTC,Head Of Content
2025/06/06 15:46:28 UTC,head of product
2025/06/06 19:57:03 UTC,Head of Product Design
2025/06/06 20:47:01 UTC,researcher
2025/06/06 20:50:22 UTC,researcher
2025/06/06 20:54:54 UTC,writer
2025/06/06 21:11:36 UTC,Head of Product Design
2025/06/06 21:35:15 UTC,writer
2025/06/06 22:54:08 UTC,Head Of Content
2025/06/06 22:54:08 UTC,Head Of Content
2025/06/06 22:54:08 UTC,Head Of Content
2025/06/06 22:54:08 UTC,Head Of Content
2025/06/06 22:54:08 UTC,Head Of Content
2025/06/06 22:54:08 UTC,Head Of Content
2025/06/06 22:54:08 UTC,Head Of Content
2025/06/06 22:54:08 UTC,Head Of Content
2025/06/06 22:54:08 UTC,Head Of Content
2025/06/06 22:54:08 UTC,Head Of Content
2025/06/06 22:54:08 UTC,head of product
2025/06/06 22:54:08 UTC,head of product
2025/06/06 22:54:08 UTC,head of product
2025/06/06 22:54:08 UTC,head of product
2025/06/06 22:54:08 UTC,head of product
2025/06/06 22:54:08 UTC,writer
2025/06/06 22:54:09 UTC,Head Of Content
2025/06/06 22:54:09 UTC,Head Of Content
2025/06/06 22:54:09 UTC,Head Of Content
2025/06/06 22:54:09 UTC,Head Of Content
2025/06/06 22:54:09 UTC,head of product
2025/06/06 22:54:09 UTC,head of product
2025/06/06 23:13:40 UTC,content designer
2025/06/07 03:09:27 UTC,writer
2025/06/07 03:26:09 UTC,writer
2025/06/07 11:11:53 UTC,researcher
2025/06/07 11:13:01 UTC,writer
2025/06/07 11:18:32 UTC,writer
2025/06/07 11:20:31 UTC,content designer
2025/06/07 11:28:55 UTC,researcher
2025/06/07 16:08:25 UTC,Head of Product Design
2025/06/07 19:38:00 UTC,Head of Product Design
2025/06/07 19:41:22 UTC,Head of Product Design
2025/06/07 23:05:13 UTC,researcher
2025/06/07 23:07:48 UTC,researcher
2025/06/07 23:10:52 UTC,writer
2025/06/07 23:53:18 UTC,writer
2025/06/08 01:27:40 UTC,content designer
2025/06/08 03:20:40 UTC,writer
2025/06/08 03:30:50 UTC,writer
2025/06/08 11:10:47 UTC,researcher
2025/06/08 11:21:42 UTC,writer
2025/06/08 11:30:52 UTC,writer
2025/06/08 11:30:59 UTC,researcher
2025/06/08 11:32:34 UTC,content designer
2025/06/08 16:15:07 UTC,Head of Product Design
2025/06/08 18:39:26 UTC,Head of Content
2025/06/08 21:23:45 UTC,content designer
2025/06/09 01:18:38 UTC,researcher
2025/06/09 01:21:56 UTC,researcher
2025/06/09 01:24:14 UTC,writer
2025/06/09 02:08:00 UTC,writer
2025/06/09 03:15:35 UTC,writer
2025/06/09 03:24:48 UTC,writer
2025/06/09 03:41:39 UTC,content designer
2025/06/09 11:32:16 UTC,researcher
2025/06/09 11:32:41 UTC,writer
2025/06/09 11:39:25 UTC,researcher
2025/06/09 11:39:53 UTC,writer
2025/06/09 11:40:09 UTC,content designer
2025/06/09 16:19:22 UTC,Head of Product Design
2025/06/09 19:36:22 UTC,researcher
2025/06/10 03:12:59 UTC,writer
2025/06/10 03:13:21 UTC,writer
2025/06/10 03:35:43 UTC,researcher
2025/06/10 03:38:29 UTC,researcher
2025/06/10 03:41:19 UTC,writer
2025/06/10 04:21:58 UTC,writer
2025/06/10 05:54:04 UTC,content designer
2025/06/10 07:40:07 UTC,researcher
2025/06/10 11:33:53 UTC,researcher
2025/06/10 11:40:50 UTC,writer
2025/06/10 11:44:48 UTC,writer
2025/06/10 12:03:13 UTC,content designer
2025/06/10 16:26:47 UTC,Head of Product Design
2025/06/10 17:18:38 UTC,Rachel Oeth
2025/06/10 17:18:39 UTC,Rachel Oeth
2025/06/10 20:02:52 UTC,Head of Content
2025/06/11 00:37:20 UTC,writer
2025/06/11 04:34:59 UTC,content designer
2025/06/11 05:50:55 UTC,researcher
2025/06/11 05:56:56 UTC,researcher
2025/06/11 06:00:06 UTC,writer
2025/06/11 06:41:32 UTC,writer
2025/06/11 08:08:55 UTC,content designer
2025/06/11 11:16:54 UTC,researcher
2025/06/11 11:17:01 UTC,content designer
2025/06/11 11:20:40 UTC,writer
2025/06/11 11:23:41 UTC,researcher
2025/06/11 11:32:23 UTC,writer
2025/06/11 15:21:34 UTC,evidence in governance and politics
2025/06/11 15:21:35 UTC,product marketing
2025/06/11 15:21:38 UTC,product designer groups
2025/06/11 15:21:44 UTC,product designers
2025/06/11 15:21:46 UTC,product designers
2025/06/11 15:21:49 UTC,product designers
2025/06/11 15:21:50 UTC,product designers
2025/06/11 15:22:06 UTC,product designers
2025/06/11 15:22:50 UTC,product design agency
2025/06/11 15:22:52 UTC,product design agency
2025/06/11 15:22:54 UTC,product design agency
2025/06/11 15:22:55 UTC,product design agency
2025/06/11 15:25:41 UTC,product design agency
2025/06/11 16:27:31 UTC,Head of Product Design
2025/06/12 00:31:28 UTC,writer
2025/06/12 04:27:56 UTC,content designer
2025/06/12 07:33:04 UTC,researcher
2025/06/12 08:15:52 UTC,researcher
2025/06/12 08:22:53 UTC,researcher
2025/06/12 08:25:46 UTC,writer
2025/06/12 09:07:24 UTC,writer
2025/06/12 10:34:56 UTC,content designer
2025/06/12 11:27:23 UTC,writer
2025/06/12 11:28:14 UTC,content designer
2025/06/12 11:29:08 UTC,researcher
2025/06/12 11:44:03 UTC,writer
2025/06/12 16:23:49 UTC,Head of Product Design
2025/06/13 00:25:46 UTC,writer
2025/06/13 03:59:24 UTC,stephanie losee
2025/06/13 04:02:39 UTC,Head of Content
2025/06/13 04:04:07 UTC,Editorial Director
2025/06/13 04:04:38 UTC,Strategy Director
2025/06/13 04:07:10 UTC,Director of Product Marketing
2025/06/13 04:07:39 UTC,Content Director
2025/06/13 04:08:15 UTC,Head of Content
2025/06/13 04:27:24 UTC,content designer
2025/06/13 07:26:19 UTC,researcher
2025/06/13 10:30:17 UTC,researcher
2025/06/13 10:37:02 UTC,researcher
2025/06/13 10:39:55 UTC,writer
2025/06/13 11:21:55 UTC,writer
2025/06/13 11:34:03 UTC,researcher
2025/06/13 11:43:34 UTC,writer
2025/06/13 11:43:40 UTC,content designer
2025/06/13 11:44:34 UTC,writer
2025/06/13 12:47:23 UTC,content designer
2025/06/13 15:34:36 UTC,Content Strategist
2025/06/13 15:35:14 UTC,Head of Media
2025/06/13 15:38:25 UTC,Head of Content
2025/06/13 15:38:33 UTC,Content Director
2025/06/13 16:16:20 UTC,Head of Content
2025/06/13 17:15:06 UTC,User Experience Writer
2025/06/13 17:15:58 UTC,Content Designer
2025/06/13 17:16:06 UTC,Content Strategist
2025/06/13 17:17:49 UTC,content designer
2025/06/13 17:17:50 UTC,Head Of Content
2025/06/13 17:17:50 UTC,Head Of Content
2025/06/13 17:17:50 UTC,content designer
2025/06/13 17:17:50 UTC,content designer
2025/06/13 17:17:50 UTC,head of product
2025/06/13 17:17:51 UTC,Head of Content
2025/06/13 17:17:51 UTC,writer
2025/06/13 17:17:52 UTC,content designer
2025/06/13 17:20:29 UTC,Head Of Content
2025/06/13 17:20:29 UTC,Head Of Content
2025/06/13 17:20:29 UTC,content designer
2025/06/13 17:20:29 UTC,head of product
2025/06/13 18:07:47 UTC,Head Of Content
2025/06/13 18:07:47 UTC,Head Of Content
2025/06/13 18:07:47 UTC,Head Of Content
2025/06/13 18:07:47 UTC,Head Of Content
2025/06/13 18:07:47 UTC,head of product
2025/06/13 18:07:48 UTC,head of product
2025/06/13 18:08:26 UTC,Head of Content
2025/06/13 18:41:02 UTC,Head of Copy
2025/06/13 18:41:15 UTC,Head of Copy
2025/06/13 18:48:20 UTC,product design agency
2025/06/13 18:48:20 UTC,product design agency
2025/06/13 21:19:06 UTC,Head of Content
2025/06/13 21:21:05 UTC,Head of Content
2025/06/13 21:27:53 UTC,Head Of Content
2025/06/13 21:27:53 UTC,Head Of Content
2025/06/13 21:27:53 UTC,Head Of Content
2025/06/13 21:27:53 UTC,Head Of Content
2025/06/13 21:27:53 UTC,head of product
2025/06/13 21:27:53 UTC,head of product
2025/06/13 23:09:41 UTC,Head Of Content
2025/06/13 23:09:41 UTC,Head Of Content
2025/06/13 23:09:41 UTC,Head Of Content
2025/06/13 23:09:41 UTC,Head Of Content
2025/06/13 23:09:41 UTC,head of product
2025/06/13 23:09:41 UTC,head of product
2025/06/14 00:27:59 UTC,writer
2025/06/14 04:24:12 UTC,content designer
2025/06/14 07:16:21 UTC,researcher
2025/06/14 11:13:25 UTC,writer
2025/06/14 11:15:43 UTC,researcher
2025/06/14 11:20:16 UTC,content designer
2025/06/14 11:29:00 UTC,writer
2025/06/14 12:41:57 UTC,researcher
2025/06/14 12:48:48 UTC,researcher
2025/06/14 12:51:43 UTC,writer
2025/06/14 13:35:38 UTC,writer
2025/06/14 15:01:01 UTC,content designer
2025/06/14 16:28:58 UTC,Head of Content
2025/06/14 18:36:52 UTC,Director of Product Marketing
2025/06/14 19:05:29 UTC,Director of Product Marketing
2025/06/15 00:11:30 UTC,writer
2025/06/15 01:28:48 UTC,Creative Writer
2025/06/15 04:27:00 UTC,content designer
2025/06/15 07:17:43 UTC,researcher
2025/06/15 11:15:06 UTC,writer
2025/06/15 11:15:50 UTC,content designer
2025/06/15 11:31:11 UTC,writer
2025/06/15 11:33:41 UTC,researcher
2025/06/15 14:53:47 UTC,researcher
2025/06/15 15:02:39 UTC,researcher
2025/06/15 15:04:59 UTC,writer
2025/06/15 15:48:40 UTC,writer
2025/06/15 16:14:32 UTC,Head of Content
2025/06/15 17:13:43 UTC,content designer
2025/06/15 19:45:25 UTC,Social Director
2025/06/16 00:11:45 UTC,writer
2025/06/16 04:25:16 UTC,content designer
2025/06/16 07:12:16 UTC,researcher
2025/06/16 11:47:38 UTC,content designer
2025/06/16 12:06:54 UTC,writer
2025/06/16 12:34:45 UTC,researcher
2025/06/16 12:39:16 UTC,writer
2025/06/16 16:40:49 UTC,Head of Content
2025/06/16 17:07:05 UTC,researcher
2025/06/16 17:17:22 UTC,researcher
2025/06/16 17:18:10 UTC,writer
2025/06/16 18:01:11 UTC,writer
2025/06/16 19:27:35 UTC,content designer
2025/06/17 00:35:09 UTC,writer
2025/06/17 04:37:57 UTC,content designer
2025/06/17 07:41:08 UTC,researcher
2025/06/17 11:34:26 UTC,writer
2025/06/17 11:35:49 UTC,writer
2025/06/17 11:48:25 UTC,researcher
2025/06/17 11:51:50 UTC,content designer
2025/06/17 16:12:51 UTC,Head of Content
2025/06/17 19:23:10 UTC,researcher
2025/06/17 19:33:03 UTC,researcher
2025/06/17 19:36:04 UTC,writer
2025/06/17 20:18:18 UTC,writer
2025/06/17 21:44:12 UTC,content designer
2025/06/18 00:12:20 UTC,writer
2025/06/18 04:29:18 UTC,content designer
2025/06/18 10:43:33 UTC,researcher
2025/06/18 11:10:56 UTC,researcher
2025/06/18 11:39:16 UTC,content designer
2025/06/18 11:58:14 UTC,writer
2025/06/18 11:59:30 UTC,writer
2025/06/18 16:37:17 UTC,Head of Content
2025/06/18 20:33:06 UTC,Creative Writer
2025/06/18 21:40:58 UTC,researcher
2025/06/18 21:51:32 UTC,researcher
2025/06/18 21:52:28 UTC,writer
2025/06/18 22:35:55 UTC,writer
2025/06/19 00:01:53 UTC,content designer
2025/06/19 00:22:02 UTC,writer
2025/06/19 11:19:45 UTC,content designer
2025/06/19 11:39:30 UTC,researcher
2025/06/19 16:13:30 UTC,writer
2025/06/19 16:23:21 UTC,Head of Content
2025/06/19 19:12:16 UTC,writer
2025/06/19 19:35:27 UTC,teal
2025/06/19 19:35:27 UTC,teal
2025/06/19 19:35:28 UTC,the cake
2025/06/19 19:35:28 UTC,the cake
2025/06/19 19:35:28 UTC,the media groups
2025/06/19 19:35:28 UTC,the media groups
2025/06/19 19:35:29 UTC,the muse
2025/06/19 19:35:29 UTC,the muse
2025/06/19 19:35:30 UTC,the muse
2025/06/19 19:35:39 UTC,linkedin news
2025/06/19 19:35:40 UTC,linkedin for marketing
2025/06/19 19:35:40 UTC,linkedin for marketing
2025/06/19 19:35:40 UTC,linkedin news
2025/06/19 19:35:41 UTC,liz wessel
2025/06/19 19:35:42 UTC,liz wessel
2025/06/19 19:35:57 UTC,liz wessel wayup
2025/06/19 19:35:58 UTC,liz wessel wayup
2025/06/19 19:36:29 UTC,jobscan
2025/06/19 19:36:30 UTC,j.t. magen & company inc.
2025/06/19 19:36:30 UTC,jobscan
2025/06/19 19:36:31 UTC,j.t. magen & company inc.
2025/06/19 19:36:31 UTC,j.t. o'donnell - career insights
2025/06/19 19:36:33 UTC,j.t. o'donnell - career insights
2025/06/19 19:36:42 UTC,evidence in governance and politics
2025/06/19 19:36:42 UTC,evidence in governance and politics
2025/06/19 19:36:44 UTC,andrew seaman
2025/06/19 19:36:45 UTC,andrew seaman
2025/06/19 19:36:55 UTC,andrew seaman linkedin news
2025/06/19 19:36:55 UTC,andrew seaman linkedin news
2025/06/19 19:36:56 UTC,andrew seaman linkedin news
2025/06/19 19:37:32 UTC,simple ventures
2025/06/19 19:37:32 UTC,simple ventures
2025/06/19 19:37:35 UTC,simon sinek
2025/06/19 19:37:36 UTC,simon sinek
2025/06/19 19:38:22 UTC,brigette hyacinth leadership tips
2025/06/19 19:38:24 UTC,brigette hyacinth leadership tips
2025/06/19 19:38:26 UTC,brigette hyacinth leadership tips
2025/06/19 19:38:27 UTC,brigette hyacinth leadership tips
2025/06/19 19:38:40 UTC,Dr. Brigette Hyacinth
2025/06/19 19:38:40 UTC,Dr. Brigette Hyacinth
2025/06/19 19:39:06 UTC,handshake
2025/06/19 19:39:06 UTC,handshake
2025/06/19 19:39:09 UTC,harvard business review
2025/06/19 19:39:10 UTC,harvard business review
2025/06/19 19:39:33 UTC,fast company
2025/06/19 19:39:34 UTC,fast company
2025/06/19 19:39:34 UTC,fast company
2025/06/19 19:39:36 UTC,fast company
2025/06/19 19:39:39 UTC,handshake
2025/06/19 19:39:39 UTC,handshake
2025/06/19 19:39:39 UTC,handshake
2025/06/19 19:39:40 UTC,handshake
2025/06/19 19:39:46 UTC,techcrunch
2025/06/19 19:39:46 UTC,techcrunch
2025/06/19 19:39:46 UTC,techcrunch
2025/06/19 19:39:48 UTC,techcrunch
2025/06/19 19:40:01 UTC,society for human resource management shrm
2025/06/19 19:40:01 UTC,society for human resource management shrm
2025/06/19 19:40:03 UTC,society for human resource management shrm
2025/06/19 19:40:11 UTC,society for human resource management shrm
2025/06/19 19:40:12 UTC,society for human resource management shrm
2025/06/20 00:11:31 UTC,researcher
2025/06/20 00:22:13 UTC,writer
2025/06/20 00:22:25 UTC,researcher
2025/06/20 01:05:46 UTC,writer
2025/06/20 02:31:34 UTC,content designer
2025/06/20 02:49:41 UTC,content designer
2025/06/20 07:13:36 UTC,researcher
2025/06/20 11:16:53 UTC,content designer
2025/06/20 11:19:41 UTC,writer
2025/06/20 11:23:12 UTC,writer
2025/06/20 11:26:10 UTC,researcher
2025/06/20 16:18:03 UTC,Head of Content
2025/06/20 22:35:34 UTC,researcher
2025/06/21 02:50:18 UTC,researcher
2025/06/21 03:00:49 UTC,writer
2025/06/21 03:01:03 UTC,researcher
2025/06/21 03:32:51 UTC,writer
2025/06/21 03:42:50 UTC,writer
2025/06/21 04:45:01 UTC,content designer
2025/06/21 05:08:39 UTC,content designer
2025/06/21 07:17:25 UTC,researcher
2025/06/21 11:14:03 UTC,writer
2025/06/21 11:32:14 UTC,researcher
2025/06/21 12:26:37 UTC,content designer
2025/06/21 12:46:27 UTC,writer
2025/06/21 16:23:17 UTC,Head of Content
2025/06/22 06:55:12 UTC,researcher
2025/06/22 07:06:19 UTC,researcher
2025/06/22 07:06:44 UTC,writer
2025/06/22 07:49:47 UTC,writer
2025/06/22 09:13:56 UTC,content designer
2025/06/22 11:12:44 UTC,researcher
2025/06/22 11:16:22 UTC,writer
2025/06/22 11:19:12 UTC,writer
2025/06/22 11:35:48 UTC,researcher
2025/06/22 11:36:29 UTC,content designer
2025/06/22 13:58:26 UTC,mytrudy
2025/06/22 13:58:26 UTC,mytrudy
2025/06/22 13:58:28 UTC,mytrudy
2025/06/22 15:16:35 UTC,content designer
2025/06/22 16:16:12 UTC,Head of Content
2025/06/23 04:19:47 UTC,content designer
2025/06/23 07:16:55 UTC,researcher
2025/06/23 09:17:07 UTC,researcher
2025/06/23 09:26:30 UTC,researcher
2025/06/23 09:28:50 UTC,writer
2025/06/23 10:11:38 UTC,writer
2025/06/23 10:29:14 UTC,writer
2025/06/23 11:08:45 UTC,content designer
2025/06/23 11:09:35 UTC,writer
2025/06/23 11:17:25 UTC,researcher
2025/06/23 11:34:59 UTC,content designer
2025/06/23 16:34:55 UTC,Head of Content
2025/06/24 00:38:29 UTC,writer
2025/06/24 04:34:54 UTC,content designer
2025/06/24 07:31:33 UTC,researcher
2025/06/24 11:13:46 UTC,writer
2025/06/24 11:16:14 UTC,researcher
2025/06/24 11:33:30 UTC,researcher
2025/06/24 11:36:24 UTC,content designer
2025/06/24 11:44:31 UTC,researcher
2025/06/24 11:46:10 UTC,writer
2025/06/24 11:46:50 UTC,writer
2025/06/24 12:27:01 UTC,writer
2025/06/24 13:52:06 UTC,content designer
2025/06/24 16:44:52 UTC,Head of Content
2025/06/25 00:23:00 UTC,writer
2025/06/25 04:12:37 UTC,content designer
2025/06/25 07:34:54 UTC,researcher
2025/06/25 11:14:09 UTC,writer
2025/06/25 11:15:43 UTC,writer
2025/06/25 11:38:23 UTC,content designer
2025/06/25 11:40:17 UTC,researcher
2025/06/25 14:01:42 UTC,researcher
2025/06/25 14:10:50 UTC,researcher
2025/06/25 14:14:20 UTC,writer
2025/06/25 14:54:07 UTC,writer
2025/06/25 15:56:34 UTC,techcrunch
2025/06/25 15:56:34 UTC,techcrunch
2025/06/25 15:56:34 UTC,the muse
2025/06/25 15:56:34 UTC,the muse
2025/06/25 15:56:37 UTC,the muse
2025/06/25 15:57:38 UTC,Head Of Content
2025/06/25 15:57:38 UTC,Head Of Content
2025/06/25 15:57:38 UTC,Head Of Content
2025/06/25 15:57:38 UTC,Head Of Content
2025/06/25 15:57:38 UTC,Head Of Content
2025/06/25 15:57:38 UTC,head of product
2025/06/25 15:57:38 UTC,head of product
2025/06/25 15:57:39 UTC,Head Of Content
2025/06/25 15:57:39 UTC,Head of Content + UX Writing
2025/06/25 15:57:39 UTC,head of product
2025/06/25 16:20:23 UTC,content designer
2025/06/25 16:21:36 UTC,Head of Content
2025/06/25 20:48:24 UTC,andrew seaman linkedin news
2025/06/25 20:48:25 UTC,andrew seaman linkedin news
2025/06/25 20:48:25 UTC,anyi
2025/06/25 20:48:25 UTC,anyi
2025/06/26 00:33:12 UTC,writer
2025/06/26 04:13:52 UTC,content designer
2025/06/26 10:18:48 UTC,researcher
2025/06/26 11:25:45 UTC,writer
2025/06/26 11:34:47 UTC,content designer
2025/06/26 11:34:51 UTC,researcher
2025/06/26 11:46:37 UTC,writer
2025/06/26 16:33:48 UTC,researcher
2025/06/26 16:43:15 UTC,researcher
2025/06/26 16:45:16 UTC,writer
2025/06/26 17:27:55 UTC,writer
2025/06/26 18:33:57 UTC,koi studios
2025/06/26 18:33:58 UTC,koi studios
2025/06/26 18:33:59 UTC,koi studios
2025/06/26 18:55:09 UTC,content designer
2025/06/27 00:22:36 UTC,writer
2025/06/27 00:52:20 UTC,myTrudy
2025/06/27 00:52:20 UTC,myTrudy
2025/06/27 04:48:11 UTC,content designer
2025/06/27 07:31:22 UTC,researcher
2025/06/27 11:14:08 UTC,content designer
2025/06/27 11:23:34 UTC,researcher
2025/06/27 11:29:57 UTC,writer
2025/06/27 11:30:08 UTC,writer
2025/06/27 19:18:17 UTC,researcher
2025/06/27 19:25:02 UTC,researcher
2025/06/27 19:28:03 UTC,writer
2025/06/27 20:12:04 UTC,writer
2025/06/27 21:37:36 UTC,content designer
2025/06/28 00:13:22 UTC,writer
2025/06/28 04:40:16 UTC,content designer
2025/06/28 07:14:15 UTC,researcher
2025/06/28 11:23:49 UTC,writer
2025/06/28 11:25:03 UTC,writer
2025/06/28 11:29:05 UTC,researcher
2025/06/28 11:31:31 UTC,content designer
2025/06/28 21:37:35 UTC,researcher
2025/06/28 21:45:59 UTC,researcher
2025/06/28 21:49:42 UTC,writer
2025/06/28 22:33:14 UTC,writer
2025/06/28 23:57:13 UTC,content designer
2025/06/29 00:37:03 UTC,writer
2025/06/29 04:27:56 UTC,content designer
2025/06/29 07:33:10 UTC,researcher
2025/06/29 11:15:54 UTC,writer
2025/06/29 11:18:16 UTC,content designer
2025/06/29 11:19:17 UTC,researcher
2025/06/29 11:32:38 UTC,writer
2025/06/29 23:59:44 UTC,researcher
2025/06/30 00:05:40 UTC,researcher
2025/06/30 00:09:59 UTC,writer
2025/06/30 00:32:35 UTC,writer
2025/06/30 00:52:56 UTC,writer
2025/06/30 02:17:23 UTC,content designer
2025/06/30 04:10:25 UTC,content designer
2025/06/30 07:10:02 UTC,researcher
2025/06/30 11:27:30 UTC,researcher
2025/06/30 11:32:18 UTC,writer
2025/06/30 11:33:01 UTC,writer
2025/06/30 12:01:43 UTC,content designer
2025/07/01 00:31:51 UTC,writer
2025/07/01 02:18:29 UTC,researcher
2025/07/01 02:27:27 UTC,researcher
2025/07/01 02:30:51 UTC,writer
2025/07/01 03:11:58 UTC,writer
2025/07/01 04:36:46 UTC,content designer
2025/07/01 04:38:44 UTC,content designer
2025/07/01 07:20:03 UTC,researcher
2025/07/01 11:12:19 UTC,writer
2025/07/01 11:18:55 UTC,researcher
2025/07/01 11:25:40 UTC,writer
2025/07/01 11:44:40 UTC,content designer
2025/07/01 17:22:49 UTC,administrative assistance services
2025/07/01 17:22:49 UTC,administrative assistance services
2025/07/01 17:22:51 UTC,administrative assistant
2025/07/01 17:22:51 UTC,administrative assistant
2025/07/01 17:22:52 UTC,administrative assistant
2025/07/01 17:22:54 UTC,administrative assistant
2025/07/01 17:22:55 UTC,administrative assistant
2025/07/02 00:26:58 UTC,writer
2025/07/02 04:27:02 UTC,content designer
2025/07/02 04:40:05 UTC,researcher
2025/07/02 04:48:11 UTC,researcher
2025/07/02 04:50:44 UTC,writer
2025/07/02 05:34:30 UTC,writer
2025/07/02 07:00:18 UTC,content designer
2025/07/02 07:32:35 UTC,researcher
2025/07/02 11:22:20 UTC,writer
2025/07/02 11:30:55 UTC,content designer
2025/07/02 11:42:51 UTC,researcher
2025/07/02 11:49:38 UTC,writer
2025/07/03 00:28:54 UTC,writer
2025/07/03 04:13:11 UTC,content designer
2025/07/03 07:04:12 UTC,researcher
2025/07/03 07:10:45 UTC,researcher
2025/07/03 07:14:40 UTC,writer
2025/07/03 07:54:27 UTC,researcher
2025/07/03 07:58:24 UTC,writer
2025/07/03 09:22:20 UTC,content designer
2025/07/03 11:19:03 UTC,writer
2025/07/03 11:23:13 UTC,content designer
2025/07/03 11:25:44 UTC,researcher
2025/07/03 11:31:31 UTC,writer
2025/07/04 00:07:07 UTC,writer
2025/07/04 04:41:04 UTC,content designer
2025/07/04 07:31:29 UTC,researcher
2025/07/04 09:23:06 UTC,researcher
2025/07/04 09:31:31 UTC,researcher
2025/07/04 09:34:44 UTC,writer
2025/07/04 10:20:05 UTC,writer
2025/07/04 11:18:31 UTC,writer
2025/07/04 11:22:35 UTC,content designer
2025/07/04 11:27:38 UTC,writer
2025/07/04 11:29:42 UTC,researcher
2025/07/04 11:45:15 UTC,content designer
2025/07/05 00:15:15 UTC,myTrudy
2025/07/05 00:15:15 UTC,myTrudy
2025/07/05 00:36:34 UTC,writer
2025/07/05 04:47:50 UTC,content designer
2025/07/05 07:18:44 UTC,researcher
2025/07/05 11:17:58 UTC,writer
2025/07/05 11:22:56 UTC,content designer
2025/07/05 11:31:52 UTC,writer
2025/07/05 11:32:12 UTC,researcher
2025/07/05 11:45:35 UTC,researcher
2025/07/05 11:56:35 UTC,researcher
2025/07/05 11:58:34 UTC,writer
2025/07/05 12:46:07 UTC,writer
2025/07/05 14:08:00 UTC,content designer
2025/07/06 00:18:27 UTC,writer
2025/07/06 04:19:14 UTC,content designer
2025/07/06 07:32:10 UTC,researcher
2025/07/06 11:09:39 UTC,content designer
2025/07/06 11:16:08 UTC,writer
2025/07/06 11:22:39 UTC,writer
2025/07/06 11:33:47 UTC,researcher
2025/07/06 14:06:41 UTC,researcher
2025/07/06 14:18:05 UTC,researcher
2025/07/06 14:20:00 UTC,writer
2025/07/06 15:05:54 UTC,writer
2025/07/06 16:27:53 UTC,content designer
2025/07/07 00:35:45 UTC,writer
2025/07/07 04:34:23 UTC,content designer
2025/07/07 07:12:18 UTC,researcher
2025/07/07 11:21:54 UTC,content designer
2025/07/07 11:26:37 UTC,writer
2025/07/07 11:31:29 UTC,writer
2025/07/07 11:35:08 UTC,researcher
2025/07/07 16:31:26 UTC,researcher
2025/07/07 16:43:18 UTC,researcher
2025/07/07 16:44:59 UTC,writer
2025/07/07 17:30:29 UTC,writer
2025/07/07 18:51:18 UTC,content designer
2025/07/08 00:08:27 UTC,writer
2025/07/08 04:10:32 UTC,content designer
2025/07/08 07:37:43 UTC,researcher
2025/07/08 11:14:51 UTC,writer
2025/07/08 11:32:28 UTC,content designer
2025/07/08 11:41:41 UTC,researcher
2025/07/08 16:57:33 UTC,senior program manager
2025/07/08 18:54:09 UTC,researcher
2025/07/08 19:05:55 UTC,researcher
2025/07/08 19:09:09 UTC,writer
2025/07/08 19:54:43 UTC,writer
2025/07/08 21:12:48 UTC,content designer
2025/07/08 23:36:52 UTC,writer
2025/07/09 01:50:46 UTC,writer
2025/07/09 01:59:36 UTC,researcher
2025/07/09 04:41:32 UTC,content designer
2025/07/09 09:46:12 UTC,writer
2025/07/09 11:35:19 UTC,writer
2025/07/09 11:35:25 UTC,researcher
2025/07/09 11:39:01 UTC,content designer
2025/07/09 17:39:09 UTC,researcher
2025/07/09 19:43:03 UTC,senior program manager
2025/07/09 19:43:04 UTC,senior program manager
2025/07/09 19:43:20 UTC,VP of Marketing in San Francisco
2025/07/09 21:19:14 UTC,researcher
2025/07/09 21:32:07 UTC,researcher
2025/07/09 21:36:25 UTC,writer
2025/07/09 22:20:44 UTC,writer
2025/07/09 23:42:03 UTC,content designer
2025/07/10 00:21:59 UTC,writer
2025/07/10 05:01:52 UTC,content designer
2025/07/10 06:16:37 UTC,researcher
2025/07/10 08:58:52 UTC,researcher
2025/07/10 18:49:45 UTC,Project Manager
2025/07/10 21:08:40 UTC,researcher
2025/07/10 22:56:35 UTC,writer
2025/07/11 00:09:37 UTC,researcher
2025/07/11 00:24:04 UTC,researcher
2025/07/11 00:26:01 UTC,writer
2025/07/11 01:08:48 UTC,writer
2025/07/11 01:12:56 UTC,writer
2025/07/11 01:46:41 UTC,Project Manager
2025/07/11 02:30:24 UTC,content designer
2025/07/11 02:34:58 UTC,myTrudy
2025/07/11 02:34:58 UTC,myTrudy
2025/07/11 06:42:38 UTC,content designer
2025/07/11 07:12:26 UTC,researcher
2025/07/11 11:20:36 UTC,content designer
2025/07/11 11:34:31 UTC,researcher
2025/07/11 11:40:27 UTC,writer
2025/07/11 11:53:54 UTC,writer
2025/07/11 16:24:32 UTC,Social Director
2025/07/11 19:22:00 UTC,Project Manager
2025/07/11 22:56:33 UTC,enterprise program manager
2025/07/11 23:39:44 UTC,researcher
2025/07/12 00:36:19 UTC,writer
2025/07/12 02:34:35 UTC,researcher
2025/07/12 02:50:46 UTC,researcher
2025/07/12 02:52:44 UTC,writer
2025/07/12 03:37:59 UTC,writer
2025/07/12 04:46:28 UTC,content designer
2025/07/12 04:55:14 UTC,content designer
2025/07/12 11:13:25 UTC,researcher
2025/07/12 11:20:52 UTC,researcher
2025/07/12 11:22:26 UTC,writer
2025/07/12 11:25:16 UTC,writer
2025/07/12 16:23:16 UTC,Social Director
2025/07/12 17:58:19 UTC,content designer
2025/07/13 00:16:14 UTC,writer
2025/07/13 05:01:58 UTC,researcher
2025/07/13 05:19:27 UTC,writer
2025/07/13 05:19:43 UTC,researcher
2025/07/13 06:05:59 UTC,writer
2025/07/13 07:22:11 UTC,content designer
2025/07/13 07:38:49 UTC,researcher
2025/07/13 11:20:07 UTC,content designer
2025/07/13 11:28:11 UTC,writer
2025/07/13 11:33:05 UTC,researcher
2025/07/13 11:37:50 UTC,writer
2025/07/13 16:24:14 UTC,Social Director
2025/07/14 00:12:59 UTC,writer
2025/07/14 04:36:32 UTC,content designer
2025/07/14 07:30:50 UTC,researcher
2025/07/14 07:35:19 UTC,researcher
2025/07/14 07:47:03 UTC,researcher
2025/07/14 07:47:30 UTC,writer
2025/07/14 08:33:13 UTC,writer
2025/07/14 09:50:40 UTC,content designer
2025/07/14 11:09:53 UTC,content designer
2025/07/14 11:28:36 UTC,writer
2025/07/14 11:32:11 UTC,researcher
2025/07/14 11:44:13 UTC,writer
2025/07/14 16:27:33 UTC,Program Manager
2025/07/14 18:31:52 UTC,Program Manager
2025/07/14 19:00:08 UTC,Program Manager
2025/07/14 22:56:18 UTC,teal
2025/07/14 22:56:18 UTC,teal
2025/07/14 22:56:18 UTC,techcrunch
2025/07/14 22:56:18 UTC,techcrunch
2025/07/14 22:56:18 UTC,the muse
2025/07/14 22:56:18 UTC,the muse
2025/07/14 22:56:20 UTC,teal
2025/07/15 02:03:17 UTC,writer
2025/07/15 04:23:26 UTC,content designer
2025/07/15 07:22:32 UTC,researcher
2025/07/15 09:56:39 UTC,researcher
2025/07/15 10:12:44 UTC,writer
2025/07/15 10:13:54 UTC,researcher
2025/07/15 10:58:06 UTC,writer
2025/07/15 11:13:12 UTC,writer
2025/07/15 11:32:02 UTC,researcher
2025/07/15 11:33:02 UTC,content designer
2025/07/15 11:38:37 UTC,writer
2025/07/15 12:18:02 UTC,content designer
2025/07/15 16:18:12 UTC,Program Manager
2025/07/15 19:11:47 UTC,Program Manager
2025/07/15 19:13:18 UTC,Program Manager
2025/07/16 01:36:33 UTC,writer
2025/07/16 04:36:23 UTC,content designer
2025/07/16 07:15:34 UTC,researcher
2025/07/16 11:20:16 UTC,writer
2025/07/16 11:23:15 UTC,content designer
2025/07/16 11:37:06 UTC,writer
2025/07/16 11:41:55 UTC,researcher
2025/07/16 12:24:16 UTC,researcher
2025/07/16 12:40:56 UTC,writer
2025/07/16 12:41:36 UTC,researcher
2025/07/16 13:27:38 UTC,writer
2025/07/16 14:48:20 UTC,content designer
2025/07/16 16:30:21 UTC,Program Manager
2025/07/17 00:14:56 UTC,writer
2025/07/17 04:14:04 UTC,content designer
2025/07/17 08:35:32 UTC,researcher
2025/07/17 11:32:21 UTC,writer
2025/07/17 11:37:58 UTC,content designer
2025/07/17 14:11:48 UTC,writer
2025/07/17 14:44:42 UTC,researcher
2025/07/17 14:54:17 UTC,researcher
2025/07/17 15:13:18 UTC,researcher
2025/07/17 15:14:03 UTC,writer
2025/07/17 15:55:55 UTC,writer
2025/07/17 16:19:17 UTC,enterprise program manager
2025/07/17 16:25:25 UTC,Global Program Manager
2025/07/17 16:25:35 UTC,head of product
2025/07/17 17:16:18 UTC,content designer
2025/07/18 00:36:24 UTC,writer
2025/07/18 04:29:01 UTC,content designer
2025/07/18 07:29:40 UTC,researcher
2025/07/18 11:18:16 UTC,content designer
2025/07/18 11:22:59 UTC,researcher
2025/07/18 11:39:29 UTC,writer
2025/07/18 11:49:22 UTC,writer
2025/07/18 16:16:14 UTC,Program Manager
2025/07/18 17:26:15 UTC,researcher
2025/07/18 17:47:55 UTC,writer
2025/07/18 17:48:34 UTC,researcher
2025/07/18 18:29:01 UTC,writer
2025/07/18 19:51:52 UTC,content designer
2025/07/19 00:30:23 UTC,writer
2025/07/19 04:19:40 UTC,content designer
2025/07/19 08:32:10 UTC,researcher
2025/07/19 11:31:14 UTC,writer
2025/07/19 11:32:07 UTC,content designer
2025/07/19 11:40:56 UTC,researcher
2025/07/19 11:45:16 UTC,writer
2025/07/19 16:28:49 UTC,Program Manager
2025/07/19 19:03:57 UTC,Global Program Manager
2025/07/19 19:09:46 UTC,Global Program Manager
2025/07/19 20:11:39 UTC,researcher
2025/07/19 20:31:20 UTC,researcher
2025/07/19 20:32:54 UTC,writer
2025/07/19 21:13:44 UTC,writer
2025/07/19 22:33:41 UTC,content designer
2025/07/20 00:13:02 UTC,writer
2025/07/20 04:16:44 UTC,content designer
2025/07/20 07:08:09 UTC,researcher
2025/07/20 11:21:01 UTC,writer
2025/07/20 11:22:10 UTC,writer
2025/07/20 11:30:03 UTC,content designer
2025/07/20 11:31:41 UTC,researcher
2025/07/20 16:25:14 UTC,Program Manager
2025/07/20 19:02:55 UTC,Global Program Manager
2025/07/20 22:39:40 UTC,researcher
2025/07/20 23:00:06 UTC,researcher
2025/07/20 23:03:10 UTC,writer
2025/07/20 23:44:00 UTC,writer
2025/07/21 00:29:13 UTC,writer
2025/07/21 01:05:35 UTC,content designer
2025/07/21 04:11:21 UTC,content designer
2025/07/21 07:13:53 UTC,researcher
2025/07/21 11:30:31 UTC,writer
2025/07/21 11:31:43 UTC,writer
2025/07/21 11:46:24 UTC,content designer
2025/07/21 11:51:57 UTC,researcher
2025/07/21 16:57:31 UTC,Program Manager
2025/07/22 00:24:29 UTC,writer
2025/07/22 01:44:11 UTC,researcher
2025/07/22 02:06:46 UTC,researcher
2025/07/22 02:08:16 UTC,writer
2025/07/22 02:46:55 UTC,writer
2025/07/22 04:07:33 UTC,content designer
2025/07/22 04:12:08 UTC,content designer
2025/07/22 07:41:48 UTC,researcher
2025/07/22 11:32:35 UTC,writer
2025/07/22 11:34:10 UTC,researcher
2025/07/22 11:47:54 UTC,content designer
2025/07/22 11:48:25 UTC,writer
2025/07/22 16:44:56 UTC,Program Manager
2025/07/23 00:15:48 UTC,writer
2025/07/23 04:12:29 UTC,researcher
2025/07/23 04:33:15 UTC,content designer
2025/07/23 04:34:41 UTC,researcher
2025/07/23 04:36:40 UTC,writer
2025/07/23 05:16:42 UTC,writer
2025/07/23 06:36:50 UTC,content designer
2025/07/23 07:37:42 UTC,researcher
2025/07/23 11:15:10 UTC,content designer
2025/07/23 11:28:23 UTC,writer
2025/07/23 11:35:42 UTC,writer
2025/07/23 11:42:00 UTC,researcher
2025/07/24 00:38:09 UTC,writer
2025/07/24 06:41:45 UTC,researcher
2025/07/24 07:05:09 UTC,researcher
2025/07/24 07:05:34 UTC,writer
2025/07/24 07:05:52 UTC,content designer
2025/07/24 07:16:01 UTC,researcher
2025/07/24 07:54:53 UTC,writer
2025/07/24 09:14:03 UTC,content designer
2025/07/24 11:38:54 UTC,writer
2025/07/24 11:40:23 UTC,researcher
2025/07/24 11:43:12 UTC,writer
2025/07/25 00:14:48 UTC,writer
2025/07/25 04:38:29 UTC,content designer
2025/07/25 07:36:35 UTC,researcher
2025/07/25 09:16:57 UTC,researcher
2025/07/25 09:39:38 UTC,writer
2025/07/25 09:40:57 UTC,researcher
2025/07/25 10:22:00 UTC,writer
2025/07/25 11:09:49 UTC,content designer
2025/07/25 11:17:49 UTC,researcher
2025/07/25 11:39:41 UTC,content designer
2025/07/25 11:47:24 UTC,writer
2025/07/25 11:54:47 UTC,writer
2025/07/26 00:31:33 UTC,writer
2025/07/26 04:08:18 UTC,content designer
2025/07/26 07:15:09 UTC,researcher
2025/07/26 11:28:00 UTC,writer
2025/07/26 11:37:04 UTC,content designer
2025/07/26 11:40:28 UTC,researcher
2025/07/26 11:43:18 UTC,writer
2025/07/26 11:48:13 UTC,researcher
2025/07/26 12:08:17 UTC,writer
2025/07/26 12:09:24 UTC,researcher
2025/07/26 12:52:17 UTC,writer
2025/07/26 14:10:38 UTC,content designer
2025/07/27 00:22:30 UTC,writer
2025/07/27 04:19:33 UTC,content designer
2025/07/27 07:35:15 UTC,researcher
2025/07/27 11:19:20 UTC,writer
2025/07/27 11:30:17 UTC,writer
2025/07/27 11:31:16 UTC,content designer
2025/07/27 11:36:44 UTC,researcher
2025/07/27 15:00:23 UTC,researcher
2025/07/27 15:19:10 UTC,writer
2025/07/27 15:20:16 UTC,researcher
2025/07/27 16:03:49 UTC,writer
2025/07/27 17:16:29 UTC,content designer
2025/07/28 00:30:37 UTC,writer
2025/07/28 04:34:58 UTC,content designer
2025/07/28 07:18:16 UTC,researcher
2025/07/28 11:09:45 UTC,writer
2025/07/28 11:14:28 UTC,writer
2025/07/28 11:37:55 UTC,researcher
2025/07/28 11:44:00 UTC,content designer
2025/07/28 17:28:14 UTC,researcher
2025/07/28 17:47:42 UTC,writer
2025/07/28 17:48:52 UTC,researcher
2025/07/28 18:35:07 UTC,writer
2025/07/28 19:46:48 UTC,content designer
2025/07/28 23:44:08 UTC,researcher
2025/07/29 00:36:49 UTC,writer
2025/07/29 04:30:19 UTC,content designer
2025/07/29 07:28:17 UTC,researcher
2025/07/29 11:34:56 UTC,researcher
2025/07/29 11:41:36 UTC,myTrudy
2025/07/29 11:54:22 UTC,writer
2025/07/29 13:44:23 UTC,content designer
2025/07/29 13:48:06 UTC,writer
2025/07/29 20:01:04 UTC,researcher
2025/07/29 20:19:21 UTC,researcher
2025/07/29 20:20:10 UTC,writer
2025/07/29 21:03:40 UTC,writer
2025/07/29 22:14:47 UTC,content designer
2025/07/30 00:38:51 UTC,writer
2025/07/30 05:13:27 UTC,content designer
2025/07/30 07:40:53 UTC,researcher
2025/07/30 11:18:02 UTC,writer
2025/07/30 11:39:14 UTC,content designer
2025/07/30 11:40:03 UTC,researcher
2025/07/30 11:48:33 UTC,writer
2025/07/30 22:32:52 UTC,researcher
2025/07/30 22:50:01 UTC,writer
2025/07/30 22:50:06 UTC,researcher
2025/07/30 23:36:11 UTC,writer
2025/07/31 00:49:16 UTC,content designer
2025/07/31 00:52:35 UTC,writer
2025/07/31 04:38:33 UTC,content designer
2025/07/31 11:29:56 UTC,writer
2025/07/31 11:49:31 UTC,researcher
2025/07/31 11:51:17 UTC,writer
2025/07/31 12:45:47 UTC,researcher
2025/07/31 13:29:01 UTC,content designer
2025/08/01 00:40:59 UTC,writer
2025/08/01 01:18:04 UTC,researcher
2025/08/01 01:32:34 UTC,writer
2025/08/01 01:33:56 UTC,researcher
2025/08/01 02:15:37 UTC,writer
2025/08/01 03:30:05 UTC,content designer
2025/08/01 04:33:31 UTC,content designer
2025/08/01 07:17:37 UTC,researcher
2025/08/01 11:08:12 UTC,researcher
2025/08/01 11:21:35 UTC,writer
2025/08/01 11:28:42 UTC,content designer
2025/08/01 13:16:20 UTC,writer
2025/08/02 03:49:08 UTC,researcher
2025/08/02 04:04:01 UTC,writer
2025/08/02 04:08:12 UTC,researcher
2025/08/02 04:10:58 UTC,content designer
2025/08/02 04:47:59 UTC,writer
2025/08/02 06:01:25 UTC,content designer
2025/08/02 07:19:24 UTC,researcher
2025/08/02 11:23:29 UTC,writer
2025/08/02 11:37:01 UTC,content designer
2025/08/02 11:41:45 UTC,writer
2025/08/02 11:42:06 UTC,researcher
2025/08/03 00:18:24 UTC,writer
2025/08/03 04:12:58 UTC,content designer
2025/08/03 06:21:27 UTC,researcher
2025/08/03 06:33:32 UTC,writer
2025/08/03 06:40:19 UTC,researcher
2025/08/03 07:24:06 UTC,writer
2025/08/03 07:35:03 UTC,researcher
2025/08/03 08:36:19 UTC,content designer
2025/08/03 11:10:59 UTC,researcher
2025/08/03 11:16:26 UTC,writer
2025/08/03 11:36:27 UTC,content designer
2025/08/03 11:36:44 UTC,writer
2025/08/04 00:29:08 UTC,writer
2025/08/04 04:37:28 UTC,content designer
2025/08/04 07:45:19 UTC,researcher
2025/08/04 09:02:23 UTC,researcher
2025/08/04 09:13:46 UTC,writer
2025/08/04 09:21:33 UTC,researcher
2025/08/04 10:01:52 UTC,writer
2025/08/04 11:13:10 UTC,content designer
2025/08/04 11:23:16 UTC,content designer
2025/08/04 11:23:16 UTC,content designer
2025/08/04 11:37:27 UTC,researcher
2025/08/04 11:43:14 UTC,writer
2025/08/04 11:46:42 UTC,writer
2025/08/05 00:22:32 UTC,writer
2025/08/05 06:25:04 UTC,content designer
2025/08/05 07:42:11 UTC,researcher
2025/08/05 11:14:43 UTC,content designer
2025/08/05 11:25:09 UTC,researcher
2025/08/05 11:30:21 UTC,writer
2025/08/05 11:37:36 UTC,writer
2025/08/05 11:48:42 UTC,researcher
2025/08/05 11:57:40 UTC,writer
2025/08/05 12:05:11 UTC,researcher
2025/08/05 12:59:02 UTC,writer
2025/08/05 14:18:13 UTC,content designer
2025/08/06 00:20:02 UTC,writer
2025/08/06 04:24:19 UTC,content designer
2025/08/06 07:26:43 UTC,researcher
2025/08/06 11:23:39 UTC,writer
2025/08/06 11:25:42 UTC,researcher
2025/08/06 11:35:11 UTC,writer
2025/08/06 11:46:24 UTC,content designer
2025/08/06 14:46:16 UTC,researcher
2025/08/06 14:54:40 UTC,writer
2025/08/06 15:00:49 UTC,researcher
2025/08/06 15:52:39 UTC,writer
2025/08/06 17:06:32 UTC,content designer
2025/08/07 00:22:13 UTC,writer
2025/08/07 05:24:46 UTC,content designer
2025/08/07 08:11:21 UTC,researcher
2025/08/07 11:31:49 UTC,writer
2025/08/07 11:33:03 UTC,writer
2025/08/07 11:49:43 UTC,researcher
2025/08/07 16:24:52 UTC,content designer
2025/08/07 19:11:46 UTC,researcher
2025/08/07 19:19:34 UTC,writer
2025/08/07 19:25:03 UTC,researcher
2025/08/07 20:09:54 UTC,writer
2025/08/07 21:21:14 UTC,content designer
2025/08/08 00:31:18 UTC,writer
2025/08/08 04:58:06 UTC,content designer
2025/08/08 07:31:04 UTC,researcher
2025/08/08 11:14:43 UTC,researcher
2025/08/08 11:15:53 UTC,content designer
2025/08/08 11:19:09 UTC,writer
2025/08/08 11:30:35 UTC,writer
2025/08/08 21:46:31 UTC,researcher
2025/08/08 21:55:22 UTC,writer
2025/08/08 22:03:28 UTC,researcher
2025/08/08 22:47:36 UTC,writer
2025/08/08 23:58:51 UTC,content designer
2025/08/09 00:41:23 UTC,writer
2025/08/09 04:39:20 UTC,content designer
2025/08/09 07:45:18 UTC,researcher
2025/08/09 11:15:37 UTC,writer
2025/08/09 11:24:05 UTC,writer
2025/08/09 11:24:33 UTC,researcher
2025/08/09 11:30:44 UTC,content designer
2025/08/10 00:17:01 UTC,writer
2025/08/10 00:22:13 UTC,researcher
2025/08/10 00:29:08 UTC,writer
2025/08/10 00:36:16 UTC,researcher
2025/08/10 01:22:49 UTC,writer
2025/08/10 02:37:25 UTC,content designer
2025/08/10 04:16:15 UTC,content designer
2025/08/10 07:55:10 UTC,researcher
2025/08/10 11:09:49 UTC,writer
2025/08/10 11:13:02 UTC,researcher
2025/08/10 11:20:42 UTC,writer
2025/08/10 11:33:36 UTC,content designer
2025/08/11 00:34:34 UTC,writer
2025/08/11 02:56:28 UTC,researcher
2025/08/11 03:02:15 UTC,writer
2025/08/11 03:09:52 UTC,researcher
2025/08/11 03:56:39 UTC,writer
2025/08/11 04:38:07 UTC,content designer
2025/08/11 05:09:13 UTC,content designer
2025/08/11 07:41:28 UTC,researcher
2025/08/11 11:15:55 UTC,content designer
2025/08/11 11:22:10 UTC,writer
2025/08/11 11:28:15 UTC,writer
2025/08/11 11:33:51 UTC,researcher
2025/08/12 00:20:09 UTC,writer
2025/08/12 04:37:58 UTC,content designer
2025/08/12 05:37:57 UTC,researcher
2025/08/12 05:42:01 UTC,writer
2025/08/12 05:51:10 UTC,researcher
2025/08/12 06:37:27 UTC,writer
2025/08/12 07:40:34 UTC,researcher
2025/08/12 07:50:32 UTC,content designer
2025/08/12 11:19:20 UTC,content designer
2025/08/12 11:22:43 UTC,researcher
2025/08/12 11:39:14 UTC,writer
2025/08/12 13:25:34 UTC,writer
2025/08/12 20:10:53 UTC,writer
2025/08/13 01:51:07 UTC,writer
2025/08/13 04:25:37 UTC,content designer
2025/08/13 07:31:48 UTC,researcher
2025/08/13 08:10:18 UTC,researcher
2025/08/13 08:15:07 UTC,writer
2025/08/13 08:20:53 UTC,researcher
2025/08/13 09:08:21 UTC,writer
2025/08/13 10:22:12 UTC,content designer
2025/08/13 16:11:12 UTC,writer
2025/08/14 01:51:04 UTC,researcher
2025/08/14 09:26:16 UTC,content designer
2025/08/14 10:08:12 UTC,researcher
2025/08/14 10:47:54 UTC,researcher
2025/08/14 10:51:14 UTC,writer
2025/08/14 10:58:15 UTC,researcher
2025/08/14 11:44:57 UTC,writer
2025/08/14 12:59:48 UTC,researcher
2025/08/14 12:59:52 UTC,content designer
2025/08/14 13:44:42 UTC,writer
2025/08/14 14:02:26 UTC,writer
2025/08/14 20:00:58 UTC,enterprise program manager
2025/08/14 20:00:58 UTC,head of product
2025/08/14 20:00:58 UTC,senior program manager
2025/08/14 20:00:59 UTC,VP of Marketing in San Francisco
2025/08/14 20:00:59 UTC,VP of Marketing in San Francisco
2025/08/14 20:00:59 UTC,enterprise program manager
2025/08/14 20:00:59 UTC,head of product
2025/08/14 20:00:59 UTC,senior program manager
2025/08/14 20:01:01 UTC,VP of Marketing in San Francisco
2025/08/14 20:01:01 UTC,enterprise program manager
2025/08/14 20:01:01 UTC,head of product
2025/08/14 20:01:01 UTC,senior program manager
2025/08/14 20:01:13 UTC,Remote head of content
2025/08/14 20:02:44 UTC,Remote head of content
2025/08/15 02:29:56 UTC,writer
2025/08/15 07:34:48 UTC,researcher
2025/08/15 11:20:23 UTC,content designer
2025/08/15 11:49:49 UTC,writer
2025/08/15 11:51:24 UTC,writer
2025/08/15 13:15:56 UTC,researcher
2025/08/15 13:18:52 UTC,writer
2025/08/15 13:26:21 UTC,researcher
2025/08/15 14:12:43 UTC,writer
2025/08/15 15:26:41 UTC,content designer
2025/08/15 18:26:18 UTC,Remote head of content
2025/08/15 18:26:18 UTC,VP of Marketing in San Francisco
2025/08/15 18:26:18 UTC,enterprise program manager
2025/08/15 18:26:18 UTC,head of product
2025/08/15 18:26:18 UTC,senior program manager
2025/08/15 18:55:49 UTC,researcher
2025/08/16 01:15:28 UTC,content designer
2025/08/16 02:02:10 UTC,writer
2025/08/16 07:48:19 UTC,content designer
2025/08/16 13:47:13 UTC,writer
2025/08/16 15:44:15 UTC,writer
2025/08/16 15:53:20 UTC,researcher
2025/08/16 16:19:08 UTC,researcher
2025/08/16 16:37:10 UTC,writer
2025/08/16 17:52:24 UTC,content designer
2025/08/16 18:04:28 UTC,writer
2025/08/17 03:05:00 UTC,writer
2025/08/17 04:59:16 UTC,content designer
2025/08/17 11:38:06 UTC,researcher
2025/08/17 11:38:23 UTC,writer
2025/08/17 11:42:04 UTC,writer
2025/08/17 11:46:05 UTC,content designer
2025/08/17 18:06:55 UTC,writer
2025/08/17 18:17:06 UTC,researcher
2025/08/17 19:00:07 UTC,writer
2025/08/17 20:13:54 UTC,content designer
2025/08/18 00:13:34 UTC,writer
2025/08/18 04:33:41 UTC,content designer
2025/08/18 11:14:27 UTC,researcher
2025/08/18 11:24:56 UTC,writer
2025/08/18 11:33:28 UTC,writer
2025/08/18 11:40:29 UTC,content designer
2025/08/18 20:36:49 UTC,writer
2025/08/18 20:47:23 UTC,researcher
2025/08/18 21:31:00 UTC,writer
2025/08/18 22:42:17 UTC,Remote head of content
2025/08/18 22:42:17 UTC,VP of Marketing in San Francisco
2025/08/18 22:42:17 UTC,enterprise program manager
2025/08/18 22:42:17 UTC,head of product
2025/08/18 22:42:17 UTC,senior program manager
2025/08/18 22:42:19 UTC,Remote head of content
2025/08/18 22:42:19 UTC,VP of Marketing in San Francisco
2025/08/18 22:42:19 UTC,enterprise program manager
2025/08/18 22:42:19 UTC,head of product
2025/08/18 22:42:19 UTC,senior program manager
2025/08/18 22:42:27 UTC,Remote head of content
2025/08/18 22:42:27 UTC,VP of Marketing in San Francisco
2025/08/18 22:42:27 UTC,enterprise program manager
2025/08/18 22:42:27 UTC,head of product
2025/08/18 22:42:27 UTC,senior program manager
2025/08/19 00:48:52 UTC,writer
2025/08/19 11:31:05 UTC,writer
2025/08/19 11:34:25 UTC,researcher
2025/08/19 22:13:18 UTC,Remote head of content
2025/08/19 22:13:18 UTC,VP of Marketing in San Francisco
2025/08/19 22:13:18 UTC,enterprise program manager
2025/08/19 22:13:18 UTC,head of product
2025/08/19 22:13:18 UTC,senior program manager
2025/08/19 22:13:19 UTC,Remote head of content
2025/08/19 22:13:19 UTC,VP of Marketing in San Francisco
2025/08/19 22:13:19 UTC,enterprise program manager
2025/08/19 22:13:19 UTC,head of product
2025/08/19 22:13:19 UTC,senior program manager
2025/08/19 23:01:17 UTC,writer
2025/08/19 23:10:57 UTC,researcher
2025/08/20 00:26:05 UTC,writer
2025/08/20 11:24:46 UTC,researcher
2025/08/20 11:52:04 UTC,writer
2025/08/21 00:14:42 UTC,writer
2025/08/21 01:21:48 UTC,writer
2025/08/21 01:31:52 UTC,researcher
2025/08/21 11:25:13 UTC,writer
2025/08/21 11:36:46 UTC,researcher
2025/08/21 19:10:55 UTC,Head of Content
2025/08/21 19:23:59 UTC,Head of Content
2025/08/22 00:46:07 UTC,writer
2025/08/22 03:47:23 UTC,writer
2025/08/22 03:59:21 UTC,researcher
2025/08/22 11:49:47 UTC,researcher
2025/08/22 12:10:11 UTC,writer
2025/08/22 19:01:54 UTC,Head of Content
2025/08/22 20:47:20 UTC,Head of Content
2025/08/23 00:17:22 UTC,writer
2025/08/23 06:13:37 UTC,writer
2025/08/23 06:24:33 UTC,researcher
2025/08/23 11:40:25 UTC,writer
2025/08/23 11:46:43 UTC,researcher
2025/08/23 16:08:42 UTC,Head of Content
2025/08/24 00:12:32 UTC,writer
2025/08/24 08:38:54 UTC,writer
2025/08/24 08:49:49 UTC,researcher
2025/08/24 11:13:06 UTC,writer
2025/08/24 11:18:59 UTC,researcher
2025/08/25 00:16:27 UTC,writer
2025/08/25 11:08:17 UTC,writer
2025/08/25 11:19:53 UTC,researcher
2025/08/25 11:30:36 UTC,writer
2025/08/25 11:44:10 UTC,researcher
2025/08/26 00:40:31 UTC,writer
2025/08/26 11:23:09 UTC,researcher
2025/08/26 13:55:20 UTC,writer
2025/08/26 14:07:02 UTC,researcher
2025/08/27 00:32:38 UTC,writer
2025/08/27 11:26:23 UTC,researcher
2025/08/27 11:28:42 UTC,writer
2025/08/27 16:24:09 UTC,Head of Content
2025/08/27 16:31:27 UTC,writer
2025/08/27 16:51:14 UTC,researcher
2025/08/28 02:20:54 UTC,writer
2025/08/28 11:16:29 UTC,writer
2025/08/28 11:58:31 UTC,researcher
2025/08/28 16:25:46 UTC,Head of Content
2025/08/28 19:21:07 UTC,writer
2025/08/28 19:35:58 UTC,researcher
2025/08/29 00:18:03 UTC,writer
2025/08/29 11:55:42 UTC,researcher
2025/08/29 13:10:35 UTC,writer
2025/08/29 16:21:38 UTC,Head of Content
2025/08/29 18:07:41 UTC,finance analyst
2025/08/29 18:07:41 UTC,finance analyst
2025/08/29 18:07:41 UTC,finance analyst
2025/08/29 18:07:43 UTC,finance analyst
2025/08/29 18:07:49 UTC,finance analyst
2025/08/29 18:17:32 UTC,chief digital officer
2025/08/29 18:17:33 UTC,chief digital officer
2025/08/29 18:17:34 UTC,chief digital officer
2025/08/29 22:15:44 UTC,writer
2025/08/29 22:27:34 UTC,researcher
2025/08/30 11:09:07 UTC,writer
2025/08/30 11:32:31 UTC,researcher
2025/08/30 16:25:50 UTC,Grants Analyst
2025/08/30 16:25:50 UTC,Grants Analyst
2025/08/31 00:24:31 UTC,writer
2025/08/31 00:57:24 UTC,writer
2025/08/31 01:08:17 UTC,researcher
2025/08/31 11:15:57 UTC,researcher
2025/08/31 11:33:27 UTC,writer
2025/08/31 16:11:33 UTC,Grants Analyst
2025/08/31 19:16:41 UTC,Chief Digital Officer
2025/09/01 00:10:16 UTC,writer
2025/09/01 03:31:52 UTC,writer
2025/09/01 03:40:04 UTC,researcher
2025/09/01 11:18:12 UTC,writer
2025/09/01 11:28:24 UTC,researcher
2025/09/01 16:13:11 UTC,Grants Analyst
2025/09/01 19:01:15 UTC,Chief Digital Officer
2025/09/02 00:17:39 UTC,writer
2025/09/02 06:16:47 UTC,writer
2025/09/02 06:23:33 UTC,researcher
2025/09/02 11:17:30 UTC,writer
2025/09/02 11:34:16 UTC,researcher
2025/09/02 16:23:48 UTC,Grants Analyst
2025/09/02 19:18:54 UTC,chief digital officer
2025/09/02 19:40:29 UTC,financial officer
2025/09/03 00:10:09 UTC,writer
2025/09/03 08:45:15 UTC,writer
2025/09/03 08:51:23 UTC,researcher
2025/09/03 11:23:29 UTC,writer
2025/09/03 11:32:49 UTC,researcher
2025/09/03 16:15:53 UTC,Chief Growth Officer
2025/09/03 16:15:53 UTC,Corporate Finance Specialist
2025/09/04 00:56:04 UTC,writer On-site or Hybrid
2025/09/04 11:13:41 UTC,writer
2025/09/04 11:22:05 UTC,researcher
2025/09/04 11:37:33 UTC,writer On-site or Hybrid
2025/09/04 11:40:30 UTC,researcher
2025/09/04 16:07:08 UTC,Chief Growth Officer
2025/09/05 00:15:26 UTC,writer On-site or Hybrid
2025/09/05 02:34:06 UTC,researcher
2025/09/05 11:24:06 UTC,writer On-site or Hybrid
2025/09/05 11:31:01 UTC,researcher
2025/09/05 13:50:23 UTC,writer
2025/09/05 13:59:53 UTC,researcher
2025/09/05 16:10:46 UTC,Chief Growth Officer
2025/09/06 00:08:48 UTC,writer On-site or Hybrid
2025/09/06 11:30:02 UTC,researcher
2025/09/06 11:31:17 UTC,writer On-site or Hybrid
2025/09/06 16:24:28 UTC,Corporate Finance Specialist
2025/09/06 16:55:54 UTC,writer
2025/09/06 17:06:39 UTC,researcher
2025/09/07 00:21:53 UTC,writer On-site or Hybrid
2025/09/07 11:26:19 UTC,writer On-site or Hybrid
2025/09/07 11:40:01 UTC,researcher
2025/09/07 16:12:48 UTC,Corporate Finance Specialist
2025/09/07 19:20:44 UTC,writer
2025/09/07 19:29:41 UTC,researcher
2025/09/08 01:39:09 UTC,writer On-site or Hybrid
2025/09/08 11:19:56 UTC,writer On-site or Hybrid
2025/09/08 11:33:45 UTC,researcher
2025/09/08 16:15:30 UTC,Corporate Finance Specialist
2025/09/08 21:46:49 UTC,writer
2025/09/08 21:56:46 UTC,researcher
2025/09/09 00:35:17 UTC,writer On-site or Hybrid
2025/09/09 11:30:20 UTC,writer On-site or Hybrid
2025/09/09 11:34:15 UTC,researcher
2025/09/09 16:19:00 UTC,Corporate Finance Specialist
2025/09/10 00:46:30 UTC,writer On-site or Hybrid
2025/09/10 01:19:57 UTC,writer
2025/09/10 01:30:28 UTC,researcher
2025/09/10 11:16:59 UTC,writer On-site or Hybrid
2025/09/10 11:27:54 UTC,researcher
2025/09/10 16:17:40 UTC,Corporate Finance Specialist
2025/09/11 00:59:05 UTC,writer On-site or Hybrid
2025/09/11 03:44:03 UTC,writer
2025/09/11 03:53:52 UTC,researcher
2025/09/11 11:13:27 UTC,writer On-site or Hybrid
2025/09/11 11:53:24 UTC,researcher
2025/09/12 00:43:40 UTC,writer On-site or Hybrid
2025/09/12 06:09:48 UTC,writer
2025/09/12 06:19:03 UTC,researcher
2025/09/12 11:16:09 UTC,researcher
2025/09/12 11:21:21 UTC,writer
2025/09/12 11:21:21 UTC,writer On-site or Hybrid
2025/09/13 08:44:29 UTC,researcher
2025/09/13 11:30:02 UTC,researcher
2025/09/14 11:08:04 UTC,researcher
2025/09/14 11:24:11 UTC,researcher
2025/09/15 11:22:03 UTC,researcher
2025/09/15 13:29:50 UTC,researcher
2025/09/16 11:14:15 UTC,researcher
2025/09/16 15:53:33 UTC,researcher
2025/09/17 11:28:34 UTC,researcher
2025/09/17 18:27:30 UTC,researcher
2025/09/18 12:03:52 UTC,researcher
2025/09/18 20:50:36 UTC,researcher
2025/09/19 11:15:02 UTC,researcher
2025/09/20 11:37:19 UTC,researcher
2025/09/21 01:36:50 UTC,researcher
2025/09/21 11:43:44 UTC,researcher
2025/09/22 03:59:54 UTC,researcher
2025/09/22 11:48:46 UTC,researcher
2025/09/23 06:21:19 UTC,researcher
2025/09/23 11:50:18 UTC,researcher
2025/09/24 00:05:58 UTC,researcher
2025/09/24 08:44:14 UTC,researcher
2025/09/24 12:20:32 UTC,researcher
2025/09/25 01:24:19 UTC,researcher
2025/09/25 12:01:21 UTC,researcher
2025/09/26 12:44:04 UTC,researcher
2025/09/27 11:37:51 UTC,researcher
2025/09/27 18:22:42 UTC,Head of Marketing
2025/09/27 19:59:48 UTC,Head of Marketing
2025/09/28 11:36:56 UTC,researcher
2025/09/28 16:39:47 UTC,Head of Marketing
2025/09/28 18:34:05 UTC,researcher
2025/09/28 20:47:16 UTC,Head of Marketing
2025/09/29 11:34:52 UTC,researcher
2025/09/29 16:18:14 UTC,Head of Marketing
2025/09/29 20:57:21 UTC,researcher
2025/09/30 11:46:32 UTC,researcher
2025/09/30 23:30:41 UTC,researcher
2025/10/01 11:26:02 UTC,researcher
2025/10/02 02:05:12 UTC,researcher
2025/10/02 11:57:33 UTC,researcher
2025/10/03 04:28:51 UTC,researcher
2025/10/03 11:07:33 UTC,researcher
2025/10/03 14:46:39 UTC,remote content roles
2025/10/03 14:48:20 UTC,Head of Content + UX Writing
2025/10/03 14:48:20 UTC,researcher
2025/10/03 14:49:05 UTC,Head of Content + UX Writing
2025/10/03 14:49:05 UTC,researcher
2025/10/03 14:49:06 UTC,Head of Content + UX Writing
2025/10/03 14:49:06 UTC,researcher
2025/10/03 14:49:10 UTC,head of content
2025/10/03 14:49:10 UTC,head of content
2025/10/03 14:49:11 UTC,Head of Content + UX Writing
2025/10/03 14:49:11 UTC,head of content
2025/10/03 14:49:11 UTC,head of content
2025/10/03 14:49:11 UTC,head of content
2025/10/03 14:49:11 UTC,head of content
2025/10/03 14:49:11 UTC,researcher
2025/10/03 14:49:21 UTC,Head of Content + UX Writing
2025/10/03 14:49:21 UTC,content strategist
2025/10/03 14:49:21 UTC,content strategist
2025/10/03 14:49:21 UTC,researcher
2025/10/03 14:49:21 UTC,researcher
2025/10/03 14:49:22 UTC,Head of Content + UX Writing
2025/10/03 14:49:44 UTC,content strategist
2025/10/03 14:49:44 UTC,content strategist
2025/10/03 14:50:00 UTC,content strategist
2025/10/03 14:50:00 UTC,content strategist
2025/10/03 14:50:01 UTC,content strategist
2025/10/03 14:50:12 UTC,content strategist
2025/10/03 14:50:12 UTC,content strategist
2025/10/03 14:50:18 UTC,content designer
2025/10/03 14:50:18 UTC,content designer
2025/10/03 14:50:19 UTC,Head of Content + UX Writing
2025/10/03 14:50:19 UTC,content designer
2025/10/03 14:50:19 UTC,content designer
2025/10/03 14:50:19 UTC,content designer
2025/10/03 14:50:19 UTC,researcher
2025/10/03 14:50:24 UTC,Head of Content + UX Writing
2025/10/03 14:50:24 UTC,content designer
2025/10/03 14:50:24 UTC,content designer
2025/10/03 14:50:24 UTC,researcher
2025/10/03 14:50:25 UTC,Head of Content + UX Writing
2025/10/03 14:50:25 UTC,content designer
2025/10/03 14:50:25 UTC,researcher
2025/10/03 14:50:30 UTC,head of content
2025/10/03 14:50:30 UTC,head of content
2025/10/03 14:50:32 UTC,head of content
2025/10/03 19:12:38 UTC,content designer
2025/10/03 19:12:38 UTC,content designer
2025/10/03 19:12:38 UTC,content strategist
2025/10/03 19:12:38 UTC,content strategist
2025/10/03 19:12:38 UTC,content strategist
2025/10/03 19:12:38 UTC,head of content
2025/10/03 19:12:38 UTC,head of content
2025/10/03 21:24:15 UTC,content designer
2025/10/03 21:24:15 UTC,content designer
2025/10/03 21:24:15 UTC,content strategist
2025/10/03 21:24:15 UTC,content strategist
2025/10/03 21:24:15 UTC,content strategist
2025/10/03 21:24:15 UTC,head of content
2025/10/03 21:24:15 UTC,head of content
2025/10/04 07:04:18 UTC,researcher
2025/10/04 11:08:06 UTC,researcher
2025/10/05 09:44:41 UTC,researcher
2025/10/05 11:50:35 UTC,researcher
2025/10/05 16:29:06 UTC,Marketing Director
2025/10/05 18:51:44 UTC,Marketing Director
2025/10/05 20:21:13 UTC,Marketing Director
2025/10/05 21:09:01 UTC,content designer
2025/10/05 21:09:01 UTC,content designer
2025/10/05 21:09:01 UTC,head of content
2025/10/05 21:09:10 UTC,contract copywriter remote
2025/10/05 21:09:10 UTC,contract copywriter remote
2025/10/05 21:09:19 UTC,contract copywriter remote
2025/10/05 21:09:34 UTC,Copywriter
2025/10/05 21:10:02 UTC,Writer
2025/10/05 21:11:11 UTC,contract copywriter remote
2025/10/05 21:11:16 UTC,Marketing Copywriter
2025/10/05 21:12:25 UTC,Contract Copywriter
2025/10/05 21:13:32 UTC,Copywriter
2025/10/05 21:16:49 UTC,contract copywriter remote
2025/10/05 21:16:49 UTC,contract copywriter remote
2025/10/05 21:16:54 UTC,contract copywriter remote
2025/10/05 21:17:04 UTC,contract copywriter remote
2025/10/05 21:17:09 UTC,Copywriter
2025/10/05 21:18:23 UTC,Writer
2025/10/05 21:22:05 UTC,Writer
2025/10/05 21:22:43 UTC,Contract Copywriter
2025/10/05 21:22:59 UTC,Writing Specialist
2025/10/05 21:23:48 UTC,contract copywriter remote
2025/10/05 21:24:04 UTC,contract copywriter remote
2025/10/05 21:24:27 UTC,Copy Director
2025/10/05 21:25:40 UTC,contract copywriter remote
2025/10/05 21:26:07 UTC,contract copywriter remote
2025/10/05 21:26:21 UTC,contract copywriter remote
2025/10/05 21:26:40 UTC,contract copywriter remote
2025/10/05 21:26:48 UTC,content designer
2025/10/05 21:26:48 UTC,contract copywriter remote
2025/10/05 21:26:48 UTC,head of content
2025/10/05 21:26:52 UTC,head of content
2025/10/05 21:26:52 UTC,head of content
2025/10/05 21:26:54 UTC,head of content
2025/10/05 21:26:57 UTC,Editorial Staff
2025/10/05 21:28:22 UTC,Marketing Director
2025/10/05 21:29:07 UTC,Head of Marketing
2025/10/05 21:29:54 UTC,head of content
2025/10/05 21:30:18 UTC,User Experience Designer
2025/10/05 21:32:12 UTC,head of content
2025/10/05 21:32:34 UTC,content designer
2025/10/05 21:32:34 UTC,contract copywriter remote
2025/10/05 21:32:34 UTC,head of content
2025/10/05 21:32:57 UTC,Head of Product Management
2025/10/05 21:33:15 UTC,head of content
2025/10/05 21:33:22 UTC,Content Strategist
2025/10/05 21:33:39 UTC,Content Producer
2025/10/05 21:34:03 UTC,Editor
2025/10/05 21:34:58 UTC,head of content
2025/10/05 21:35:15 UTC,head of content
2025/10/05 21:35:21 UTC,User Experience Designer
2025/10/06 11:39:56 UTC,researcher
2025/10/06 12:14:27 UTC,researcher
2025/10/06 16:32:44 UTC,Copywriter
2025/10/06 18:31:07 UTC,Marketing Director
2025/10/07 15:04:45 UTC,researcher
2025/10/07 16:28:49 UTC,Copywriter
2025/10/07 17:39:56 UTC,researcher
2025/10/07 19:18:07 UTC,Head of Marketing
2025/10/07 21:33:32 UTC,User Experience Designer
2025/10/08 11:59:11 UTC,researcher
2025/10/08 16:24:39 UTC,Copywriter
2025/10/08 17:52:59 UTC,researcher
2025/10/09 11:27:32 UTC,researcher
2025/10/09 16:14:57 UTC,Copywriter
2025/10/09 18:31:17 UTC,Contract Copywriter
2025/10/09 20:18:13 UTC,researcher
2025/10/10 00:51:03 UTC,researcher
2025/10/10 11:27:47 UTC,researcher
2025/10/10 23:30:30 UTC,researcher
2025/10/11 11:36:07 UTC,researcher
2025/10/12 01:53:33 UTC,researcher
2025/10/12 11:54:38 UTC,researcher
2025/10/13 04:16:28 UTC,researcher
2025/10/13 11:20:40 UTC,researcher
2025/10/14 06:46:20 UTC,researcher
2025/10/14 12:05:40 UTC,researcher
2025/10/15 09:47:39 UTC,researcher
2025/10/15 11:45:44 UTC,researcher
2025/10/16 11:39:16 UTC,researcher
2025/10/16 12:11:33 UTC,researcher
2025/10/17 03:08:22 UTC,researcher
2025/10/17 11:44:53 UTC,researcher
2025/10/17 14:37:27 UTC,researcher
2025/10/18 11:16:51 UTC,researcher
2025/10/18 17:01:24 UTC,researcher
2025/10/19 11:11:57 UTC,researcher
2025/10/19 19:45:26 UTC,researcher
2025/10/20 11:12:52 UTC,researcher
2025/10/20 22:12:58 UTC,researcher
2025/10/21 11:08:13 UTC,researcher
2025/10/22 00:39:44 UTC,researcher
2025/10/22 11:57:26 UTC,researcher
2025/10/23 03:55:17 UTC,researcher
2025/10/23 12:00:42 UTC,researcher
2025/10/24 06:20:53 UTC,researcher
2025/10/24 11:36:47 UTC,researcher
2025/10/25 09:16:47 UTC,researcher
2025/10/25 11:22:56 UTC,researcher
2025/10/26 01:08:56 UTC,Brand Director
2025/10/26 01:10:25 UTC,Writer
2025/10/26 01:11:29 UTC,Senior Creative Director
2025/10/26 01:13:28 UTC,Marketing Director
2025/10/26 01:14:20 UTC,content designer
2025/10/26 01:14:20 UTC,contract copywriter remote
2025/10/26 01:14:20 UTC,head of content
2025/10/26 01:14:25 UTC,head of content
2025/10/26 01:14:25 UTC,head of content
2025/10/26 01:14:30 UTC,head of content
2025/10/26 01:14:41 UTC,Marketing Director
2025/10/26 01:15:10 UTC,Content Manager
2025/10/26 01:16:14 UTC,Copywriter
2025/10/26 01:17:41 UTC,head of content
2025/10/26 01:18:03 UTC,Head of Communications
2025/10/26 01:20:03 UTC,Content Manager
2025/10/26 01:21:08 UTC,head of content
2025/10/26 01:21:22 UTC,Creative Writer
2025/10/26 01:22:39 UTC,head of content
2025/10/26 01:22:50 UTC,head of content
2025/10/26 01:23:13 UTC,content designer
2025/10/26 01:23:13 UTC,head of content
2025/10/26 01:23:14 UTC,contract copywriter remote
2025/10/26 11:13:39 UTC,researcher
2025/10/26 12:02:22 UTC,researcher
2025/10/27 12:09:08 UTC,researcher
2025/10/27 14:25:40 UTC,researcher
2025/10/27 21:15:09 UTC,Marketing Director
2025/10/27 21:18:16 UTC,Creative Writer
2025/10/28 01:20:05 UTC,Content Manager
2025/10/28 01:24:14 UTC,Head of Communications
2025/10/28 02:12:23 UTC,User Experience Designer
2025/10/28 02:13:08 UTC,User Experience Designer
2025/10/28 02:13:21 UTC,Brand Director
2025/10/28 02:13:55 UTC,Writer
2025/10/28 02:14:40 UTC,Copywriter
2025/10/28 14:19:46 UTC,researcher
2025/10/28 16:24:42 UTC,Marketing Director
2025/10/28 17:02:04 UTC,researcher
2025/10/28 19:53:52 UTC,Marketing Director
2025/10/29 14:20:50 UTC,researcher
2025/10/29 16:33:42 UTC,Marketing Director
2025/10/29 18:53:29 UTC,Marketing Director
2025/10/29 19:27:26 UTC,researcher
2025/10/30 02:24:52 UTC,Content Manager
2025/10/30 02:26:49 UTC,User Experience Designer
2025/10/30 02:28:33 UTC,Brand Director
2025/10/30 02:30:43 UTC,Writer
2025/10/30 02:30:53 UTC,Head of Communications
2025/10/30 02:31:01 UTC,Creative Writer
2025/10/30 02:31:09 UTC,Editorial Staff
2025/10/30 12:05:07 UTC,researcher
2025/10/30 16:10:16 UTC,Content Manager
2025/10/30 21:54:01 UTC,researcher
2025/10/31 11:49:49 UTC,researcher
2025/10/31 16:30:22 UTC,Content Manager
2025/11/01 00:17:07 UTC,researcher
2025/11/01 19:14:07 UTC,researcher
2025/11/01 20:53:37 UTC,Writer
2025/11/02 02:40:41 UTC,researcher
2025/11/02 12:27:10 UTC,researcher
2025/11/02 16:29:19 UTC,Content Manager
2025/11/02 19:33:10 UTC,Writer
2025/11/03 05:04:29 UTC,researcher
2025/11/03 12:56:38 UTC,researcher
2025/11/03 16:11:21 UTC,Content Manager
2025/11/04 07:33:05 UTC,researcher
2025/11/04 13:00:19 UTC,researcher
2025/11/04 16:24:59 UTC,Content Manager
2025/11/05 10:08:38 UTC,researcher
2025/11/05 12:48:41 UTC,researcher
2025/11/05 16:07:47 UTC,Content Manager
2025/11/05 21:45:18 UTC,content designer
2025/11/05 21:45:18 UTC,content designer
2025/11/05 21:45:18 UTC,content strategist
2025/11/05 21:45:18 UTC,content strategist
2025/11/05 21:45:18 UTC,content strategist
2025/11/05 21:45:18 UTC,contract copywriter remote
2025/11/05 21:45:18 UTC,head of content
2025/11/05 21:45:18 UTC,head of content
2025/11/06 12:34:09 UTC,researcher
2025/11/06 16:34:50 UTC,researcher
2025/11/06 16:34:51 UTC,Writer
2025/11/07 15:03:22 UTC,researcher
2025/11/07 16:31:15 UTC,Writer
2025/11/07 16:31:15 UTC,researcher
2025/11/07 21:08:47 UTC,Writer
2025/11/08 16:14:05 UTC,User Experience Designer
2025/11/08 16:14:05 UTC,researcher
2025/11/08 17:35:38 UTC,researcher
2025/11/08 20:37:49 UTC,Content Designer
2025/11/09 16:27:17 UTC,User Experience Designer
2025/11/09 16:27:17 UTC,researcher
2025/11/09 20:09:45 UTC,researcher
2025/11/10 16:32:20 UTC,User Experience Designer
2025/11/10 16:32:20 UTC,researcher
2025/11/10 22:32:52 UTC,researcher
2025/11/11 16:11:28 UTC,User Experience Designer
2025/11/11 16:11:28 UTC,researcher
2025/11/12 01:46:02 UTC,researcher
2025/11/12 16:30:27 UTC,User Experience Designer
2025/11/12 16:30:27 UTC,researcher
2025/11/13 04:17:02 UTC,researcher
2025/11/13 16:22:37 UTC,User Experience Designer
2025/11/13 16:22:37 UTC,researcher
2025/11/14 07:15:17 UTC,researcher
2025/11/14 16:45:09 UTC,researcher
2025/11/15 10:16:13 UTC,researcher
2025/11/15 16:31:53 UTC,researcher
2025/11/16 12:36:37 UTC,researcher
2025/11/16 16:28:33 UTC,researcher
2025/11/17 14:56:06 UTC,researcher
2025/11/17 16:25:39 UTC,researcher
2025/11/18 16:26:20 UTC,researcher
2025/11/18 17:19:01 UTC,researcher
2025/11/19 16:47:32 UTC,researcher
2025/11/19 19:39:20 UTC,researcher
2025/11/20 16:26:30 UTC,researcher
2025/11/20 22:15:44 UTC,researcher
2025/11/21 16:30:29 UTC,researcher
2025/11/21 18:39:14 UTC,Human Resources Manager
2025/11/22 00:35:43 UTC,researcher
2025/11/22 16:14:06 UTC,researcher
2025/11/23 02:56:33 UTC,researcher
2025/11/23 16:19:53 UTC,researcher
2025/11/23 20:36:01 UTC,Human Resources Manager
2025/11/24 05:14:37 UTC,researcher
2025/11/24 16:15:16 UTC,Human Resources Manager
2025/11/24 16:15:16 UTC,researcher
2025/11/24 20:15:25 UTC,Human Resources Manager
2025/11/25 07:43:06 UTC,researcher
2025/11/25 16:44:55 UTC,researcher Remote
2025/11/25 16:44:56 UTC,Human Resources Manager
2025/11/26 10:01:35 UTC,researcher
2025/11/26 16:45:50 UTC,Human Resources Manager
2025/11/26 16:45:50 UTC,researcher Remote
2025/11/27 12:17:21 UTC,researcher
2025/11/27 16:29:55 UTC,Human Resources Manager
2025/11/27 16:29:55 UTC,researcher Remote
2025/11/28 14:32:58 UTC,researcher
2025/11/28 17:28:34 UTC,Human Resources Manager
2025/11/28 17:28:34 UTC,researcher Remote
2025/11/29 16:48:09 UTC,researcher
2025/11/29 17:13:06 UTC,Human Resources Manager
2025/11/29 17:13:06 UTC,researcher Remote
2025/11/29 18:02:08 UTC,Human Resources Manager
2025/11/30 16:36:42 UTC,researcher Remote
2025/11/30 19:01:58 UTC,researcher
2025/12/01 16:54:39 UTC,researcher Remote
2025/12/01 21:14:31 UTC,researcher
2025/12/02 16:55:57 UTC,researcher Remote
2025/12/02 23:53:28 UTC,researcher
2025/12/03 16:48:22 UTC,researcher Remote
2025/12/03 20:50:53 UTC,Francisco diaz
2025/12/04 02:25:20 UTC,researcher
2025/12/04 16:14:39 UTC,researcher Remote
2025/12/05 04:49:25 UTC,researcher
2025/12/05 16:49:48 UTC,Human Resources Manager
2025/12/05 16:49:48 UTC,researcher Remote
2025/12/06 07:09:17 UTC,researcher
2025/12/06 16:43:26 UTC,researcher Remote
2025/12/07 09:24:55 UTC,researcher
2025/12/07 19:14:59 UTC,researcher remote
2025/12/08 11:37:32 UTC,researcher
2025/12/08 12:19:15 UTC,researcher Remote
2025/12/09 08:49:10 UTC,researcher Remote
2025/12/09 13:50:29 UTC,researcher
2025/12/10 15:59:55 UTC,researcher
2025/12/10 16:18:44 UTC,researcher Remote
2025/12/11 16:14:13 UTC,researcher Remote
2025/12/12 16:50:04 UTC,researcher Remote
2025/12/12 21:41:23 UTC,User Experience Designer
2025/12/13 16:34:51 UTC,User Experience Designer
2025/12/13 16:34:51 UTC,researcher Remote
2025/12/13 20:07:11 UTC,User Experience Designer
2025/12/14 16:10:35 UTC,User Experience Designer
2025/12/14 16:10:35 UTC,researcher Remote
2025/12/15 16:26:10 UTC,User Experience Designer
2025/12/15 16:26:10 UTC,researcher Remote
2025/12/16 18:08:38 UTC,Creative Writer
2025/12/16 20:13:32 UTC,content director
2025/12/16 20:13:32 UTC,content director
2025/12/16 20:13:32 UTC,growth marketing manager
2025/12/16 20:13:32 UTC,growth marketing manager
2025/12/16 20:13:32 UTC,head of content
2025/12/16 20:13:32 UTC,head of content
2025/12/16 20:13:39 UTC,content director
2025/12/16 20:13:42 UTC,head of content
2025/12/16 20:16:10 UTC,Head of Content
2025/12/16 20:16:11 UTC,Head of Content
2025/12/16 20:17:21 UTC,Head of Content
2025/12/16 20:18:52 UTC,Head of Content
2025/12/16 20:22:19 UTC,Head of Content
2025/12/16 20:22:33 UTC,Head of Content
2025/12/16 20:22:34 UTC,Head of Content
2025/12/16 20:22:44 UTC,Head of Content
2025/12/16 20:22:48 UTC,head of content groups
2025/12/16 20:22:49 UTC,head of content groups
2025/12/16 20:22:58 UTC,head of content groups
2025/12/16 20:23:11 UTC,head of content groups
2025/12/16 20:23:31 UTC,head of content groups
2025/12/16 20:23:41 UTC,head of content groups
2025/12/16 20:23:50 UTC,head of content groups
2025/12/17 07:12:27 UTC,researcher remote
2025/12/17 16:43:15 UTC,content director Remote
2025/12/17 16:43:15 UTC,head of content Remote
2025/12/17 16:43:15 UTC,researcher Remote
2025/12/18 19:27:55 UTC,researcher remote
2025/12/19 06:14:11 UTC,content director remote
2025/12/19 09:13:10 UTC,content director remote
2025/12/19 16:10:50 UTC,Human Resources Manager
2025/12/19 16:10:50 UTC,head of content Remote
2025/12/19 16:10:50 UTC,researcher Remote
2025/12/20 06:33:15 UTC,content director remote
2025/12/20 16:57:25 UTC,Human Resources Manager
2025/12/20 16:57:25 UTC,content director Remote
2025/12/20 16:57:25 UTC,head of content Remote
2025/12/20 16:57:25 UTC,researcher Remote
2025/12/21 16:25:13 UTC,Human Resources Manager
2025/12/21 16:25:13 UTC,content director Remote
2025/12/21 16:25:13 UTC,head of content Remote
2025/12/21 16:25:13 UTC,researcher Remote
2025/12/22 16:11:39 UTC,Human Resources Manager
2025/12/22 16:11:39 UTC,content director Remote
2025/12/22 16:11:39 UTC,head of content Remote
2025/12/22 16:11:39 UTC,researcher Remote
2025/12/23 05:08:20 UTC,content director remote
2025/12/23 16:34:49 UTC,Human Resources Manager
2025/12/23 16:34:49 UTC,content director Remote
2025/12/23 16:34:49 UTC,head of content Remote
2025/12/23 16:34:49 UTC,researcher Remote
2025/12/24 06:41:30 UTC,content director remote
2025/12/24 17:02:28 UTC,Human Resources Manager
2025/12/24 17:02:28 UTC,content director Remote
2025/12/24 17:02:28 UTC,head of content Remote
2025/12/24 17:02:28 UTC,researcher Remote
2025/12/25 06:35:10 UTC,content director remote
2025/12/25 16:42:24 UTC,content director Remote
2025/12/25 16:42:24 UTC,head of content Remote
2025/12/25 16:42:24 UTC,researcher Remote
2025/12/26 06:16:14 UTC,content director remote
2025/12/26 16:26:14 UTC,content director Remote
2025/12/26 16:26:14 UTC,head of content Remote
2025/12/26 16:26:14 UTC,researcher Remote
2025/12/27 06:31:45 UTC,content director remote
2025/12/27 16:41:08 UTC,content director Remote
2025/12/27 16:41:08 UTC,head of content Remote
2025/12/27 16:41:08 UTC,researcher Remote
2025/12/28 06:16:03 UTC,content director remote
2025/12/28 16:46:03 UTC,content director Remote
2025/12/28 16:46:03 UTC,head of content Remote
2025/12/28 16:46:03 UTC,researcher Remote
2025/12/29 06:16:56 UTC,content director remote
2025/12/29 10:12:40 UTC,Marketing Director
2025/12/29 10:13:57 UTC,Marketing Director
2025/12/29 16:15:42 UTC,content director Remote
2025/12/29 16:15:42 UTC,head of content Remote
2025/12/29 16:15:42 UTC,researcher Remote
2025/12/30 06:10:06 UTC,content director remote
2025/12/30 16:52:00 UTC,content director Remote
2025/12/30 16:52:00 UTC,head of content Remote
2025/12/30 16:52:00 UTC,researcher Remote
2025/12/31 06:18:34 UTC,content director remote
2025/12/31 16:19:10 UTC,content director Remote
2025/12/31 16:19:10 UTC,head of content Remote
2025/12/31 16:19:10 UTC,researcher Remote
2025/12/31 19:52:03 UTC,Marketing Director
2026/01/01 06:18:31 UTC,content director remote
2026/01/01 16:31:49 UTC,Human Resources Manager
2026/01/01 16:31:49 UTC,content director Remote
2026/01/01 16:31:49 UTC,head of content Remote
2026/01/01 16:31:49 UTC,researcher Remote
2026/01/01 19:55:54 UTC,Marketing Director
2026/01/02 06:12:11 UTC,content director remote
2026/01/02 16:11:09 UTC,Human Resources Manager
2026/01/02 16:11:09 UTC,content director Remote
2026/01/02 16:11:09 UTC,head of content Remote
2026/01/02 16:11:09 UTC,researcher Remote
2026/01/03 06:23:07 UTC,content director remote
2026/01/03 16:23:33 UTC,Human Resources Manager
2026/01/03 16:23:33 UTC,researcher Remote
2026/01/03 16:23:34 UTC,content director Remote
2026/01/03 16:23:34 UTC,head of content Remote
2026/01/04 06:19:14 UTC,content director remote
2026/01/04 16:28:41 UTC,Human Resources Manager
2026/01/04 16:28:41 UTC,researcher Remote
2026/01/04 16:28:42 UTC,content director Remote
2026/01/04 16:28:42 UTC,head of content Remote
2026/01/05 06:32:47 UTC,content director remote
2026/01/05 16:19:51 UTC,Human Resources Manager
2026/01/05 16:19:51 UTC,content director Remote
2026/01/05 16:19:51 UTC,head of content Remote
2026/01/05 16:19:51 UTC,researcher Remote
2026/01/05 22:23:44 UTC,Marketing Director
2026/01/06 06:15:04 UTC,content director remote
2026/01/06 16:38:00 UTC,Human Resources Manager
2026/01/06 16:38:00 UTC,content director Remote
2026/01/06 16:38:00 UTC,head of content Remote
2026/01/06 16:38:00 UTC,researcher Remote
2026/01/06 20:58:33 UTC,Clara Kim
2026/01/06 20:58:35 UTC,Clara Kim
2026/01/07 06:37:24 UTC,content director remote
2026/01/07 16:08:14 UTC,Human Resources Manager
2026/01/07 16:08:14 UTC,content director Remote
2026/01/07 16:08:14 UTC,head of content Remote
2026/01/07 16:08:14 UTC,researcher Remote
2026/01/08 06:21:33 UTC,content director remote
2026/01/08 16:48:19 UTC,Human Resources Manager
2026/01/08 16:48:19 UTC,content director Remote
2026/01/08 16:48:19 UTC,head of content Remote
2026/01/08 16:48:19 UTC,researcher Remote
2026/01/08 19:14:42 UTC,content writing jobs
2026/01/08 19:14:42 UTC,copywriting
2026/01/08 19:14:43 UTC,content strategy services
2026/01/08 19:14:48 UTC,content strategist
2026/01/08 19:14:48 UTC,content strategist
2026/01/08 19:14:49 UTC,content strategist
2026/01/08 19:14:51 UTC,content strategist
2026/01/08 19:15:33 UTC,content strategist
2026/01/08 19:16:15 UTC,content strategist
2026/01/09 07:13:36 UTC,content director remote
2026/01/09 16:28:13 UTC,content director Remote
2026/01/09 16:28:13 UTC,head of content Remote
2026/01/09 16:28:13 UTC,researcher Remote
2026/01/10 06:34:54 UTC,content director remote
2026/01/10 16:04:07 UTC,content director Remote
2026/01/10 16:04:07 UTC,head of content Remote
2026/01/10 16:04:07 UTC,researcher Remote
2026/01/11 06:23:15 UTC,content director remote
2026/01/11 16:38:02 UTC,content director Remote
2026/01/11 16:38:02 UTC,head of content Remote
2026/01/11 16:38:02 UTC,researcher Remote
2026/01/12 06:21:54 UTC,content director remote
2026/01/12 16:48:39 UTC,content director Remote
2026/01/12 16:48:39 UTC,head of content Remote
2026/01/12 16:48:39 UTC,researcher Remote
2026/01/13 01:59:36 UTC,Editorial Manager
2026/01/13 02:02:31 UTC,Marketing Director
2026/01/13 02:04:09 UTC,Head of User Experience
2026/01/13 02:04:52 UTC,Marketing Director
2026/01/13 02:07:08 UTC,Marketing Director
2026/01/13 02:07:38 UTC,Marketing Director
2026/01/13 02:10:18 UTC,Content Strategist
2026/01/13 02:13:08 UTC,Marketer
2026/01/13 02:15:33 UTC,Professor of Sociology
2026/01/13 06:33:14 UTC,content director remote
2026/01/13 16:49:59 UTC,Editorial Manager
2026/01/13 16:49:59 UTC,content director Remote
2026/01/13 16:49:59 UTC,head of content Remote
2026/01/13 16:49:59 UTC,researcher Remote
2026/01/14 06:30:28 UTC,content director remote
2026/01/14 16:32:07 UTC,Editorial Manager
2026/01/14 16:32:07 UTC,content director Remote
2026/01/14 16:32:07 UTC,head of content Remote
2026/01/14 16:32:07 UTC,researcher Remote
2026/01/14 19:59:10 UTC,Professor of Sociology
2026/01/15 06:36:28 UTC,content director remote
2026/01/15 16:20:27 UTC,Editorial Manager
2026/01/15 16:20:27 UTC,content director Remote
2026/01/15 16:20:27 UTC,head of content Remote
2026/01/15 16:20:27 UTC,researcher Remote
2026/01/15 19:21:20 UTC,Professor of Sociology
2026/01/15 21:56:11 UTC,Marketing Director
2026/01/15 22:09:05 UTC,Director Brand Strategy
2026/01/15 22:09:22 UTC,Marketing Director
2026/01/16 06:10:36 UTC,content director remote
2026/01/16 16:41:42 UTC,Marketing Director
2026/01/16 16:41:42 UTC,content director Remote
2026/01/16 16:41:42 UTC,head of content Remote
2026/01/16 16:41:42 UTC,researcher Remote
2026/01/17 06:18:54 UTC,content director remote
2026/01/17 16:44:44 UTC,Marketing Director
2026/01/17 16:44:44 UTC,content director Remote
2026/01/17 16:44:44 UTC,head of content Remote
2026/01/17 16:44:44 UTC,researcher Remote
2026/01/18 06:17:38 UTC,content director remote
2026/01/18 15:21:18 UTC,Marketing Writer
2026/01/18 16:35:11 UTC,Marketing Director
2026/01/18 16:35:11 UTC,content director Remote
2026/01/18 16:35:11 UTC,head of content Remote
2026/01/18 16:35:11 UTC,researcher Remote
2026/01/18 19:24:59 UTC,Marketing Director
2026/01/19 06:20:56 UTC,content director remote
2026/01/19 16:20:15 UTC,Marketing Director
2026/01/19 16:20:15 UTC,content director Remote
2026/01/19 16:20:15 UTC,head of content Remote
2026/01/19 16:20:15 UTC,researcher Remote
2026/01/19 19:25:16 UTC,Marketing Director
2026/01/20 06:15:11 UTC,content director remote
2026/01/20 16:10:12 UTC,Marketing Director
2026/01/20 16:10:12 UTC,content director Remote
2026/01/20 16:10:12 UTC,head of content Remote
2026/01/20 16:10:12 UTC,researcher Remote
2026/01/20 21:58:52 UTC,design research
2026/01/21 06:07:19 UTC,content director remote
2026/01/21 16:18:21 UTC,Marketing Director
2026/01/21 16:18:21 UTC,content director Remote
2026/01/21 16:18:21 UTC,head of content Remote
2026/01/21 16:18:21 UTC,researcher Remote
2026/01/21 19:26:35 UTC,Content Manager
2026/01/22 06:23:01 UTC,content director remote
2026/01/22 16:53:19 UTC,Marketing Director
2026/01/22 16:53:19 UTC,content director Remote
2026/01/22 16:53:19 UTC,head of content Remote
2026/01/22 16:53:19 UTC,researcher Remote
2026/01/22 19:28:22 UTC,Content Manager
2026/01/22 20:04:40 UTC,Marketing Writer
2026/01/23 06:29:27 UTC,content director remote
2026/01/23 16:43:26 UTC,Marketing Director
2026/01/23 16:43:26 UTC,content director Remote
2026/01/23 16:43:26 UTC,head of content Remote
2026/01/23 16:43:26 UTC,researcher Remote
2026/01/23 21:34:25 UTC,Freelance Writer
2026/01/23 21:38:54 UTC,Marketing Director
2026/01/23 21:40:59 UTC,Content Designer
2026/01/23 21:43:36 UTC,Content Strategist
2026/01/24 06:24:17 UTC,content director remote
2026/01/24 16:13:35 UTC,Director Brand Strategy
2026/01/24 16:13:35 UTC,content director Remote
2026/01/24 16:13:35 UTC,head of content Remote
2026/01/24 16:13:35 UTC,researcher Remote
2026/01/25 06:16:09 UTC,content director remote
2026/01/25 16:46:11 UTC,Director Brand Strategy
2026/01/25 16:46:11 UTC,content director Remote
2026/01/25 16:46:11 UTC,head of content Remote
2026/01/25 16:46:11 UTC,researcher Remote
2026/01/26 06:26:36 UTC,content director remote
2026/01/26 16:21:23 UTC,Marketing Director
2026/01/26 16:21:24 UTC,content director Remote
2026/01/26 16:21:24 UTC,head of content Remote
2026/01/26 16:21:24 UTC,researcher Remote
2026/01/26 17:39:46 UTC,Content Manager
2026/01/26 19:19:54 UTC,Marketing Director
2026/01/26 20:38:47 UTC,head of content
2026/01/26 20:38:48 UTC,head of content
2026/01/26 20:38:48 UTC,head of content
2026/01/26 20:38:49 UTC,head of content
2026/01/26 20:38:49 UTC,head of content
2026/01/26 20:38:49 UTC,head of content
2026/01/26 20:38:50 UTC,head of content
2026/01/26 20:39:09 UTC,head of content
2026/01/26 20:39:09 UTC,head of content
2026/01/26 20:39:10 UTC,head of content
2026/01/26 20:39:15 UTC,head of content
2026/01/26 20:47:33 UTC,head of content
2026/01/26 21:03:25 UTC,head of content
2026/01/26 21:03:37 UTC,head of content
2026/01/26 21:03:38 UTC,head of content
2026/01/26 21:03:43 UTC,head of content
2026/01/26 21:03:45 UTC,head of content
2026/01/26 21:03:47 UTC,head of content
2026/01/26 21:03:48 UTC,head of content
2026/01/26 21:03:49 UTC,head of content
2026/01/26 21:04:03 UTC,head of content
2026/01/26 21:04:03 UTC,head of content
2026/01/26 21:04:04 UTC,head of content
2026/01/26 21:04:04 UTC,head of content
2026/01/26 21:04:16 UTC,head of content
2026/01/26 21:04:18 UTC,head of content
2026/01/26 21:04:18 UTC,head of content
2026/01/26 21:04:19 UTC,head of content
2026/01/26 21:04:19 UTC,head of content
2026/01/26 21:04:53 UTC,head of content
2026/01/27 00:13:13 UTC,Content Manager
2026/01/27 06:22:02 UTC,content director remote
2026/01/27 16:46:47 UTC,Content Manager
2026/01/27 16:46:47 UTC,content director Remote
2026/01/27 16:46:47 UTC,head of content Remote
2026/01/27 16:46:47 UTC,researcher Remote
2026/01/27 19:27:49 UTC,Content Manager
2026/01/28 06:31:20 UTC,content director remote
2026/01/28 16:07:44 UTC,Content Manager
2026/01/28 16:07:44 UTC,content director Remote
2026/01/28 16:07:44 UTC,head of content Remote
2026/01/28 16:07:44 UTC,researcher Remote
2026/01/28 19:18:43 UTC,Creative Director Copy
2026/01/28 21:22:50 UTC,Web Strategist
2026/01/28 23:18:05 UTC,Marketing Specialist
2026/01/28 23:50:02 UTC,Content Manager
2026/01/28 23:50:50 UTC,Marketing Writer
2026/01/28 23:52:31 UTC,Head
2026/01/28 23:53:21 UTC,Head of Media Production
2026/01/28 23:54:09 UTC,Content Manager
2026/01/28 23:54:53 UTC,Content Designer
2026/01/29 00:20:03 UTC,Marketing Writer
2026/01/29 06:14:10 UTC,content director remote
2026/01/29 15:29:42 UTC,Senior Content Manager
2026/01/29 15:30:08 UTC,Content Manager
2026/01/29 15:30:49 UTC,Creative Director Copy
2026/01/29 16:36:16 UTC,Marketing Content Manager
2026/01/29 16:36:16 UTC,content director Remote
2026/01/29 16:36:16 UTC,head of content Remote
2026/01/29 16:36:16 UTC,researcher Remote
2026/01/30 06:25:33 UTC,content director remote
2026/01/30 16:36:04 UTC,User Experience Designer
2026/01/30 16:36:04 UTC,content director Remote
2026/01/30 16:36:04 UTC,head of content Remote
2026/01/30 16:36:04 UTC,researcher Remote
2026/01/30 20:29:24 UTC,content director
2026/01/30 20:29:24 UTC,growth marketing manager
2026/01/30 20:29:24 UTC,growth marketing manager
2026/01/30 20:29:24 UTC,head of content
2026/01/30 20:29:24 UTC,user experience writer
2026/01/30 20:29:24 UTC,user experience writer
2026/01/30 20:29:31 UTC,growth marketing manager
2026/01/30 20:29:38 UTC,content director
2026/01/30 21:21:53 UTC,Marketing Director
2026/01/30 22:30:07 UTC,Content Designer
2026/01/30 22:38:45 UTC,head of content
2026/01/30 22:38:45 UTC,head of content
2026/01/30 22:38:45 UTC,head of content
2026/01/30 22:38:45 UTC,head of content
2026/01/30 22:38:45 UTC,head of content
2026/01/30 22:38:45 UTC,head of content
2026/01/30 22:38:45 UTC,head of content
2026/01/30 22:38:46 UTC,Head of Content OR Head of Content OR Content Director OR Growth Marketing Manager OR UX Writer
2026/01/30 22:38:46 UTC,content director
2026/01/30 22:38:46 UTC,head of content
2026/01/30 22:38:46 UTC,head of content
2026/01/30 22:38:46 UTC,head of content
2026/01/30 22:41:36 UTC,Contract Writing or Content Strategy and UX writing jobs remote or hybrid in dallas texas
2026/01/31 06:26:00 UTC,content director remote
2026/01/31 16:33:04 UTC,Marketing Director
2026/01/31 16:33:04 UTC,content director On-site or Hybrid
2026/01/31 16:33:04 UTC,content director Remote
2026/01/31 16:33:04 UTC,growth marketing manager Remote
2026/01/31 16:33:04 UTC,head of content Remote
2026/01/31 16:33:04 UTC,researcher Remote
2026/01/31 20:06:36 UTC,Marketing Content Manager
2026/02/01 06:20:20 UTC,content director remote
2026/02/01 16:42:58 UTC,Marketing Director
2026/02/01 16:42:58 UTC,content director On-site or Hybrid
2026/02/01 16:42:58 UTC,content director Remote
2026/02/01 16:42:58 UTC,growth marketing manager Remote
2026/02/01 16:42:58 UTC,head of content Remote
2026/02/01 16:42:58 UTC,researcher Remote
2026/02/01 20:22:16 UTC,Senior Content Manager
2026/02/02 06:12:09 UTC,content director remote
2026/02/02 16:24:42 UTC,Marketing Director
2026/02/02 16:24:42 UTC,content director On-site or Hybrid
2026/02/02 16:24:42 UTC,content director Remote
2026/02/02 16:24:42 UTC,growth marketing manager Remote
2026/02/02 16:24:42 UTC,head of content Remote
2026/02/02 16:24:42 UTC,researcher Remote
2026/02/02 23:15:05 UTC,Head of Product Marketing
2026/02/03 06:33:46 UTC,content director remote
2026/02/03 16:49:58 UTC,Marketing Director
2026/02/03 16:49:58 UTC,content director On-site or Hybrid
2026/02/03 16:49:58 UTC,content director Remote
2026/02/03 16:49:58 UTC,growth marketing manager Remote
2026/02/03 16:49:58 UTC,head of content Remote
2026/02/03 16:49:58 UTC,researcher Remote
2026/02/04 06:39:14 UTC,content director remote
2026/02/04 16:13:11 UTC,Marketing Director
2026/02/04 16:13:11 UTC,content director On-site or Hybrid
2026/02/04 16:13:11 UTC,content director Remote
2026/02/04 16:13:11 UTC,growth marketing manager Remote
2026/02/04 16:13:11 UTC,researcher Remote
2026/02/04 16:13:12 UTC,head of content Remote
2026/02/05 06:34:36 UTC,content director remote
2026/02/05 16:16:17 UTC,Marketing Director
2026/02/05 16:16:17 UTC,content director On-site or Hybrid
2026/02/05 16:16:17 UTC,content director Remote
2026/02/05 16:16:17 UTC,growth marketing manager Remote
2026/02/05 16:16:17 UTC,head of content Remote
2026/02/05 16:16:17 UTC,researcher Remote
2026/02/05 19:56:54 UTC,Head of Product Marketing
2026/02/05 23:09:28 UTC,Executive Director
2026/02/05 23:09:38 UTC,francisco diaz
2026/02/05 23:09:38 UTC,linkedin for marketing
2026/02/05 23:09:38 UTC,linkedin for marketing
2026/02/05 23:09:39 UTC,fractional jobs
2026/02/05 23:09:39 UTC,fractional jobs
2026/02/05 23:09:40 UTC,fractional health
2026/02/05 23:09:40 UTC,fractional health
2026/02/05 23:09:40 UTC,fractional human resources
2026/02/05 23:09:40 UTC,fractional human resources
2026/02/05 23:09:41 UTC,fractional head of content
2026/02/05 23:09:41 UTC,fractional head of content
2026/02/05 23:09:48 UTC,fractional head of content
2026/02/05 23:18:17 UTC,User Experience Designer
2026/02/06 06:34:50 UTC,content director remote
2026/02/06 15:44:01 UTC,head of content
2026/02/06 15:44:01 UTC,head of content
2026/02/06 15:44:01 UTC,head of content
2026/02/06 15:44:01 UTC,head of content
2026/02/06 15:44:01 UTC,head of content
2026/02/06 18:37:18 UTC,Copy Director
2026/02/06 18:37:19 UTC,content director On-site or Hybrid
2026/02/06 18:37:19 UTC,content director Remote
2026/02/06 18:37:19 UTC,growth marketing manager Remote
2026/02/06 18:37:19 UTC,head of content Remote
2026/02/06 18:37:19 UTC,researcher Remote
2026/02/06 19:21:41 UTC,Head of Product Marketing
2026/02/07 06:37:48 UTC,content director remote
2026/02/07 16:07:03 UTC,Copy Director
2026/02/07 16:07:03 UTC,content director On-site or Hybrid
2026/02/07 16:07:03 UTC,content director Remote
2026/02/07 16:07:03 UTC,growth marketing manager Remote
2026/02/07 16:07:03 UTC,head of content Remote
2026/02/07 16:07:03 UTC,researcher Remote
2026/02/08 06:24:27 UTC,content director remote
2026/02/08 16:38:47 UTC,Copy Director
2026/02/08 16:38:47 UTC,content director On-site or Hybrid
2026/02/08 16:38:47 UTC,content director Remote
2026/02/08 16:38:47 UTC,growth marketing manager Remote
2026/02/08 16:38:47 UTC,head of content Remote
2026/02/08 16:38:47 UTC,researcher Remote
2026/02/09 06:13:48 UTC,content director remote
2026/02/09 15:57:36 UTC,Content Writer
2026/02/09 16:40:14 UTC,growth marketing manager Remote
2026/02/09 16:40:15 UTC,Copy Director
2026/02/09 16:40:15 UTC,content director On-site or Hybrid
2026/02/09 16:40:15 UTC,content director Remote
2026/02/09 16:40:15 UTC,head of content Remote
2026/02/09 16:40:15 UTC,researcher Remote
2026/02/09 19:49:32 UTC,jason anglin cam magazine articles
2026/02/09 19:49:36 UTC,jason dookerin
2026/02/09 19:49:44 UTC,jason dookeran
2026/02/10 06:33:13 UTC,content director remote
2026/02/10 16:17:25 UTC,Copy Director
2026/02/10 16:17:25 UTC,content director On-site or Hybrid
2026/02/10 16:17:25 UTC,content director Remote
2026/02/10 16:17:25 UTC,growth marketing manager Remote
2026/02/10 16:17:25 UTC,head of content Remote
2026/02/10 16:17:25 UTC,researcher Remote
2026/02/11 06:23:09 UTC,content director remote
2026/02/11 16:21:26 UTC,Copy Director
2026/02/11 16:21:26 UTC,content director On-site or Hybrid
2026/02/11 16:21:26 UTC,content director Remote
2026/02/11 16:21:26 UTC,growth marketing manager Remote
2026/02/11 16:21:26 UTC,head of content Remote
2026/02/11 16:21:26 UTC,researcher Remote
2026/02/11 16:36:42 UTC,Content Specialist
2026/02/11 17:43:21 UTC,Creative Head
2026/02/11 18:28:48 UTC,linkedin news
2026/02/11 18:28:48 UTC,linkedin news
2026/02/11 18:28:52 UTC,lee densmer
2026/02/12 06:16:48 UTC,content director remote
2026/02/12 15:38:49 UTC,content director
2026/02/12 15:38:50 UTC,Communications Manager
2026/02/12 15:38:50 UTC,content director
2026/02/12 15:38:50 UTC,content director
2026/02/12 15:38:51 UTC,Head of Content OR Head of Content OR Content Director OR Growth Marketing Manager OR UX Writer
2026/02/12 15:38:51 UTC,content director
2026/02/12 15:38:51 UTC,content director
2026/02/12 15:38:51 UTC,content director
2026/02/12 15:38:51 UTC,growth marketing manager
2026/02/12 15:38:52 UTC,content director
2026/02/12 16:13:42 UTC,Copy Director
2026/02/12 16:13:42 UTC,growth marketing manager Remote
2026/02/12 16:13:42 UTC,researcher Remote
2026/02/12 16:13:43 UTC,content director On-site or Hybrid
2026/02/12 16:13:43 UTC,content director Remote
2026/02/12 16:13:43 UTC,head of content Remote
2026/02/13 06:36:02 UTC,content director remote
2026/02/13 17:03:10 UTC,Senior Content Manager
2026/02/13 17:03:10 UTC,content director Remote
2026/02/13 17:03:10 UTC,growth marketing manager Remote
2026/02/13 17:03:10 UTC,head of content Remote
2026/02/13 17:03:10 UTC,researcher Remote
2026/02/13 17:03:11 UTC,content director On-site or Hybrid
2026/02/13 22:13:38 UTC,fractional head of content
2026/02/13 22:13:38 UTC,fractional head of content
2026/02/13 22:13:38 UTC,linkedin for marketing
2026/02/13 22:13:38 UTC,linkedin for marketing
2026/02/13 22:13:41 UTC,founder groups
2026/02/13 22:13:41 UTC,founder groups
2026/02/13 22:13:56 UTC,founder groups
2026/02/13 22:14:06 UTC,founder
2026/02/13 22:14:10 UTC,founder
2026/02/13 22:14:11 UTC,founder
2026/02/14 06:24:21 UTC,content director remote
2026/02/14 16:10:03 UTC,Copy Director
2026/02/14 16:10:03 UTC,content director On-site or Hybrid
2026/02/14 16:10:03 UTC,content director Remote
2026/02/14 16:10:03 UTC,growth marketing manager Remote
2026/02/14 16:10:03 UTC,head of content Remote
2026/02/14 16:10:03 UTC,researcher Remote
2026/02/15 06:37:44 UTC,content director remote
2026/02/15 16:26:37 UTC,Copy Director
2026/02/15 16:26:37 UTC,content director On-site or Hybrid
2026/02/15 16:26:37 UTC,content director Remote
2026/02/15 16:26:37 UTC,growth marketing manager Remote
2026/02/15 16:26:37 UTC,head of content Remote
2026/02/15 16:26:37 UTC,researcher Remote
2026/02/15 23:16:36 UTC,Content Strategist
2026/02/15 23:18:20 UTC,Content Specialist
2026/02/15 23:22:44 UTC,Creative Director Copy
2026/02/15 23:23:16 UTC,User Experience Designer
2026/02/15 23:24:25 UTC,Content Manager
2026/02/15 23:25:43 UTC,User Experience Designer
2026/02/15 23:27:14 UTC,Content Specialist
2026/02/15 23:29:02 UTC,Copywriter
2026/02/15 23:29:28 UTC,User Experience Writer
2026/02/15 23:31:01 UTC,Content Specialist
2026/02/15 23:32:52 UTC,User Experience Designer
2026/02/15 23:34:01 UTC,Content Specialist
2026/02/16 04:22:58 UTC,Ux writer
2026/02/16 04:23:10 UTC,Senior Content Writer
2026/02/16 04:23:18 UTC,User Experience Writer
2026/02/16 04:23:35 UTC,Ux writer
2026/02/16 04:23:44 UTC,Content Strategist
2026/02/16 04:24:26 UTC,Copywriter
2026/02/16 04:24:54 UTC,Ux writer
2026/02/16 04:24:59 UTC,Senior Content Writer
2026/02/16 04:25:15 UTC,ux writer
2026/02/16 04:25:19 UTC,Ux writer
2026/02/16 04:25:26 UTC,Marketing Specialist
2026/02/16 04:25:59 UTC,User Experience Designer
2026/02/16 04:26:15 UTC,Ux writer
2026/02/16 04:26:33 UTC,Comtent designer
2026/02/16 04:26:48 UTC,Content designer
2026/02/16 04:26:55 UTC,Content designer
2026/02/16 04:26:58 UTC,content designer
2026/02/16 04:27:08 UTC,Content designer
2026/02/16 04:27:15 UTC,Content designer
2026/02/16 04:27:25 UTC,Content strategist
2026/02/16 04:27:34 UTC,Writer
2026/02/16 04:28:57 UTC,Content strategist
2026/02/16 04:29:14 UTC,Creative Director
2026/02/16 04:30:14 UTC,Content strategist
2026/02/16 06:35:22 UTC,content director remote
2026/02/16 14:39:48 UTC,ux writer
2026/02/16 16:16:03 UTC,Content designer
2026/02/16 16:16:03 UTC,Marketing Specialist
2026/02/16 16:16:03 UTC,content director On-site or Hybrid
2026/02/16 16:16:03 UTC,content director Remote
2026/02/16 16:16:03 UTC,researcher Remote
2026/02/16 16:16:04 UTC,growth marketing manager Remote
2026/02/16 16:16:04 UTC,head of content Remote
2026/02/17 06:29:06 UTC,content director remote
2026/02/17 07:28:08 UTC,content designer
2026/02/17 14:24:42 UTC,ux writer
2026/02/17 16:20:50 UTC,Content designer
2026/02/17 16:20:50 UTC,Head of Content
2026/02/17 16:20:50 UTC,User Experience Designer
2026/02/17 16:20:50 UTC,content director On-site or Hybrid
2026/02/17 16:20:50 UTC,content director Remote
2026/02/17 16:20:50 UTC,content director Remote
2026/02/17 16:20:50 UTC,content director Remote
2026/02/17 16:20:50 UTC,content director Remote
2026/02/17 16:20:50 UTC,content director Remote
2026/02/17 16:20:50 UTC,content director Remote
2026/02/17 16:20:50 UTC,content director Remote
2026/02/17 16:20:50 UTC,growth marketing manager Remote
2026/02/17 16:20:50 UTC,head of content Remote
2026/02/17 16:20:50 UTC,researcher Remote
2026/02/18 03:05:19 UTC,Creative Manager
2026/02/18 06:38:26 UTC,content director remote
2026/02/18 07:33:05 UTC,content designer
2026/02/18 14:25:14 UTC,ux writer
2026/02/18 15:57:04 UTC,daniel pietrucha
2026/02/18 15:59:59 UTC,Senior Content Writer
2026/02/18 16:01:45 UTC,User Experience Writer
2026/02/18 16:24:02 UTC,Content designer
2026/02/18 16:24:02 UTC,Copywriter
2026/02/18 16:24:02 UTC,Head of Content
2026/02/18 16:24:02 UTC,content director On-site or Hybrid
2026/02/18 16:24:02 UTC,content director Remote
2026/02/18 16:24:02 UTC,content director Remote
2026/02/18 16:24:02 UTC,content director Remote
2026/02/18 16:24:02 UTC,content director Remote
2026/02/18 16:24:02 UTC,content director Remote
2026/02/18 16:24:02 UTC,content director Remote
2026/02/18 16:24:02 UTC,content director Remote
2026/02/18 16:24:02 UTC,growth marketing manager Remote
2026/02/18 16:24:02 UTC,head of content Remote
2026/02/18 16:24:02 UTC,researcher Remote
2026/02/18 17:38:57 UTC,koi studios
2026/02/18 17:38:57 UTC,koi studios
2026/02/18 17:38:58 UTC,koi studios
2026/02/18 17:38:58 UTC,koi studios
2026/02/18 19:14:10 UTC,Head of Communications
2026/02/18 19:14:58 UTC,Head of Communications
2026/02/18 19:16:12 UTC,Head of Communications
2026/02/19 06:23:59 UTC,content director remote
2026/02/19 07:29:23 UTC,content designer
2026/02/19 14:26:56 UTC,ux writer
2026/02/19 16:06:57 UTC,Content designer
2026/02/19 16:06:57 UTC,Head of Content
2026/02/19 16:06:57 UTC,Marketing Specialist
2026/02/19 16:06:57 UTC,content director On-site or Hybrid
2026/02/19 16:06:57 UTC,content director Remote
2026/02/19 16:06:57 UTC,growth marketing manager Remote
2026/02/19 16:06:57 UTC,head of content Remote
2026/02/19 16:06:57 UTC,researcher Remote
2026/02/19 16:06:58 UTC,content director Remote
2026/02/19 16:06:58 UTC,content director Remote
2026/02/19 16:06:58 UTC,content director Remote
2026/02/19 16:06:58 UTC,content director Remote
2026/02/19 16:06:58 UTC,content director Remote
2026/02/19 16:06:58 UTC,content director Remote
2026/02/20 06:15:55 UTC,content director remote
2026/02/20 07:10:16 UTC,content designer
2026/02/20 14:26:56 UTC,ux writer
2026/02/20 16:07:14 UTC,Content Strategist
2026/02/20 16:07:14 UTC,Content designer
2026/02/20 16:07:14 UTC,Head of Content
2026/02/20 16:07:14 UTC,content director On-site or Hybrid
2026/02/20 16:07:14 UTC,content director Remote
2026/02/20 16:07:14 UTC,content director Remote
2026/02/20 16:07:14 UTC,content director Remote
2026/02/20 16:07:14 UTC,content director Remote
2026/02/20 16:07:14 UTC,content director Remote
2026/02/20 16:07:14 UTC,content director Remote
2026/02/20 16:07:14 UTC,content director Remote
2026/02/20 16:07:14 UTC,growth marketing manager Remote
2026/02/20 16:07:14 UTC,head of content Remote
2026/02/20 16:07:14 UTC,researcher Remote
2026/02/20 17:05:25 UTC,ai at meta
2026/02/20 17:05:25 UTC,ai at meta
2026/02/20 17:05:28 UTC,ajenda
2026/02/20 17:05:28 UTC,ajenda
2026/02/20 17:06:34 UTC,Head of Communications
2026/02/20 17:06:35 UTC,Head of Communications
2026/02/20 17:16:00 UTC,melea seward
2026/02/20 17:16:34 UTC,elias cobb
2026/02/21 06:47:30 UTC,content director remote
2026/02/21 07:22:58 UTC,content designer
2026/02/21 14:27:47 UTC,ux writer
2026/02/21 16:16:45 UTC,Content Specialist
2026/02/21 16:16:45 UTC,Content designer
2026/02/21 16:16:45 UTC,content director Remote
2026/02/21 16:16:45 UTC,content director Remote
2026/02/21 16:16:45 UTC,researcher Remote
2026/02/21 16:16:46 UTC,Head of Content
2026/02/21 16:16:46 UTC,content director On-site or Hybrid
2026/02/21 16:16:46 UTC,content director Remote
2026/02/21 16:16:46 UTC,content director Remote
2026/02/21 16:16:46 UTC,content director Remote
2026/02/21 16:16:46 UTC,content director Remote
2026/02/21 16:16:46 UTC,content director Remote
2026/02/21 16:16:46 UTC,growth marketing manager Remote
2026/02/21 16:16:46 UTC,head of content Remote
2026/02/22 06:24:11 UTC,content director remote
2026/02/22 07:22:56 UTC,content designer
2026/02/22 14:29:00 UTC,ux writer
2026/02/22 16:38:35 UTC,Content Specialist
2026/02/22 16:38:35 UTC,Content designer
2026/02/22 16:38:35 UTC,Head of Content
2026/02/22 16:38:35 UTC,content director
2026/02/22 16:38:35 UTC,content director On-site or Hybrid
2026/02/22 16:38:35 UTC,content director Remote
2026/02/22 16:38:35 UTC,content director Remote
2026/02/22 16:38:35 UTC,content director Remote
2026/02/22 16:38:35 UTC,content director Remote
2026/02/22 16:38:35 UTC,content director Remote
2026/02/22 16:38:35 UTC,content director Remote
2026/02/22 16:38:35 UTC,content director Remote
2026/02/22 16:38:35 UTC,growth marketing manager Remote
2026/02/22 16:38:35 UTC,head of content Remote
2026/02/22 16:38:35 UTC,researcher Remote
2026/02/23 06:13:58 UTC,content director remote
2026/02/23 07:39:25 UTC,content designer
2026/02/23 14:46:18 UTC,ux writer
2026/02/23 16:51:57 UTC,Content Specialist
2026/02/23 16:51:57 UTC,Content designer
2026/02/23 16:51:57 UTC,Head of Content
2026/02/23 16:51:57 UTC,content director On-site or Hybrid
2026/02/23 16:51:57 UTC,content director Remote
2026/02/23 16:51:57 UTC,growth marketing manager Remote
2026/02/23 16:51:57 UTC,head of content Remote
2026/02/23 16:51:57 UTC,researcher Remote
2026/02/23 16:51:57 UTC,researcher Remote
2026/02/23 16:51:57 UTC,researcher Remote
2026/02/23 16:51:57 UTC,researcher Remote
2026/02/23 16:51:57 UTC,researcher Remote
2026/02/23 16:51:57 UTC,researcher Remote
2026/02/23 22:50:30 UTC,Content Specialist
2026/02/23 22:50:31 UTC,Content Specialist
2026/02/24 00:25:56 UTC,linkedin news
2026/02/24 00:25:56 UTC,linkedin news
2026/02/24 00:25:57 UTC,never quit strategy
2026/02/24 00:25:57 UTC,never quit strategy
2026/02/24 00:25:58 UTC,never search alone
2026/02/24 00:25:58 UTC,never search alone
2026/02/24 00:26:00 UTC,naver search alone
2026/02/24 00:26:00 UTC,never search alone
2026/02/24 00:26:00 UTC,never search alone
2026/02/24 01:32:21 UTC,never search alone
2026/02/24 01:32:21 UTC,never search alone
2026/02/24 01:32:22 UTC,naver search alone
2026/02/24 01:32:22 UTC,never search alone
2026/02/24 01:32:22 UTC,never search alone
2026/02/24 04:09:17 UTC,content director
2026/02/24 04:09:17 UTC,content director
2026/02/24 04:09:18 UTC,content director
2026/02/24 04:09:18 UTC,growth marketing manager
2026/02/24 04:09:19 UTC,Head of Content OR Head of Content OR Content Director OR Growth Marketing Manager OR UX Writer
2026/02/24 04:09:19 UTC,content director
2026/02/24 04:09:19 UTC,content director
2026/02/24 04:09:19 UTC,content director
2026/02/24 04:09:19 UTC,content director
2026/02/24 04:09:39 UTC,Senior Writer
2026/02/24 04:09:40 UTC,Senior Writer
2026/02/24 06:16:55 UTC,content director remote
2026/02/24 07:42:48 UTC,content designer
2026/02/24 14:25:42 UTC,ux writer
2026/02/24 16:57:29 UTC,Content designer
2026/02/24 16:57:29 UTC,Head of Content
2026/02/24 16:57:29 UTC,User Experience Writer
2026/02/24 16:57:29 UTC,content director On-site or Hybrid
2026/02/24 16:57:29 UTC,content director Remote
2026/02/24 16:57:29 UTC,content director Remote
2026/02/24 16:57:29 UTC,content director Remote
2026/02/24 16:57:29 UTC,content director Remote
2026/02/24 16:57:29 UTC,content director Remote
2026/02/24 16:57:29 UTC,content director Remote
2026/02/24 16:57:29 UTC,content director Remote
2026/02/24 16:57:29 UTC,growth marketing manager Remote
2026/02/24 16:57:29 UTC,head of content Remote
2026/02/24 16:57:29 UTC,researcher Remote
2026/02/24 20:59:44 UTC,Comtent designer
2026/02/24 20:59:44 UTC,Comtent designer
2026/02/24 21:00:40 UTC,Content Designer Remote
2026/02/24 21:53:57 UTC,never search alone
2026/02/24 21:53:57 UTC,never search alone
2026/02/24 21:53:58 UTC,series z
2026/02/24 21:53:58 UTC,series z
2026/02/24 21:54:00 UTC,series z
2026/02/24 21:54:00 UTC,series z
2026/02/24 22:01:05 UTC,Jaclyn Leaver
2026/02/25 06:23:24 UTC,content director remote
2026/02/25 07:31:10 UTC,content designer
2026/02/25 14:36:30 UTC,ux writer
2026/02/25 16:28:34 UTC,figma design system automation
2026/02/25 16:28:34 UTC,figma design system automation
2026/02/25 16:28:48 UTC,figma talent
2026/02/25 16:28:48 UTC,figma talent
2026/02/25 16:28:48 UTC,sigma talent
2026/02/25 16:29:08 UTC,figma talent
2026/02/25 16:29:10 UTC,figma talent
2026/02/25 16:29:57 UTC,Web Designer
2026/02/25 16:29:58 UTC,Web Designer
2026/02/25 16:39:35 UTC,talent stripe
2026/02/25 16:39:35 UTC,talent stripe
2026/02/25 16:39:55 UTC,talent stripe
2026/02/25 16:39:55 UTC,talent stripe
2026/02/25 16:40:34 UTC,talent stripe
2026/02/25 16:40:36 UTC,talent stripe
2026/02/25 16:41:04 UTC,User Experience Designer
2026/02/25 16:41:06 UTC,User Experience Designer
2026/02/25 16:43:04 UTC,figma talent
2026/02/25 16:47:11 UTC,Content Director
2026/02/25 16:47:11 UTC,Content designer
2026/02/25 16:47:11 UTC,Head of Content
2026/02/25 16:47:11 UTC,content director On-site or Hybrid
2026/02/25 16:47:11 UTC,content director Remote
2026/02/25 16:47:11 UTC,content director Remote
2026/02/25 16:47:11 UTC,content director Remote
2026/02/25 16:47:11 UTC,content director Remote
2026/02/25 16:47:11 UTC,content director Remote
2026/02/25 16:47:11 UTC,content director Remote
2026/02/25 16:47:11 UTC,content director Remote
2026/02/25 16:47:11 UTC,growth marketing manager Remote
2026/02/25 16:47:11 UTC,head of content Remote
2026/02/25 16:47:11 UTC,researcher Remote
2026/02/25 17:18:38 UTC,User Experience Designer
2026/02/25 17:18:40 UTC,User Experience Designer
2026/02/25 17:45:06 UTC,content design stripe
2026/02/25 17:45:07 UTC,content design stripe
2026/02/25 17:45:11 UTC,content design stripe
2026/02/25 17:45:12 UTC,content design stripe
2026/02/25 17:49:45 UTC,content design stripe
2026/02/25 18:03:53 UTC,content design stripe
2026/02/25 18:03:53 UTC,content design stripe
2026/02/25 18:03:58 UTC,content design stripe
2026/02/25 18:04:00 UTC,content design stripe
2026/02/25 18:04:18 UTC,content design stripe
2026/02/25 18:04:19 UTC,content design stripe
2026/02/25 18:05:24 UTC,content design stripe
2026/02/25 18:19:11 UTC,content design stripe
2026/02/25 18:20:34 UTC,content design stripe
2026/02/25 19:22:43 UTC,Senior Content Manager
2026/02/25 19:22:45 UTC,Senior Content Manager
2026/02/26 01:34:42 UTC,Instructional Design Specialist
2026/02/26 01:34:44 UTC,Instructional Design Specialist
2026/02/26 06:42:47 UTC,content director remote
2026/02/26 07:40:16 UTC,content designer
2026/02/26 15:15:50 UTC,Head of Communications
2026/02/26 15:15:52 UTC,Head of Communications
2026/02/26 16:32:13 UTC,Content Specialist
2026/02/26 16:32:13 UTC,Content designer
2026/02/26 16:32:13 UTC,Head of Content
2026/02/26 16:32:13 UTC,Ux writer
2026/02/26 16:32:13 UTC,content director On-site or Hybrid
2026/02/26 16:32:13 UTC,content director Remote
2026/02/26 16:32:13 UTC,growth marketing manager Remote
2026/02/26 16:32:13 UTC,head of content Remote
2026/02/26 16:32:13 UTC,researcher Remote
2026/02/26 16:32:13 UTC,researcher Remote
2026/02/26 16:32:13 UTC,researcher Remote
2026/02/26 17:01:45 UTC,Copywriter
2026/02/26 17:03:22 UTC,Copywriter
2026/02/26 17:13:52 UTC,Ux writer
2026/02/27 06:18:59 UTC,content director remote
2026/02/27 07:32:49 UTC,content designer
2026/02/27 14:26:08 UTC,ux writer
2026/02/27 15:36:05 UTC,content design stripe
2026/02/27 15:36:05 UTC,content design stripe
2026/02/27 15:36:07 UTC,content designer
2026/02/27 15:36:07 UTC,content designer
2026/02/27 15:36:14 UTC,content designer
2026/02/27 15:36:15 UTC,content designer
2026/02/27 15:37:16 UTC,content designer
2026/02/27 15:37:18 UTC,content designer
2026/02/27 15:39:14 UTC,content designer
2026/02/27 15:39:16 UTC,content designer
2026/02/27 15:41:16 UTC,content designer
2026/02/27 15:41:29 UTC,content designer
2026/02/27 15:41:30 UTC,content designer
2026/02/27 15:41:47 UTC,content designer
2026/02/27 16:41:34 UTC,Content Specialist
2026/02/27 16:41:34 UTC,Head of Content
2026/02/27 16:41:34 UTC,content director On-site or Hybrid
2026/02/27 16:41:34 UTC,content director Remote
2026/02/27 16:41:34 UTC,researcher Remote
2026/02/27 16:41:34 UTC,researcher Remote
2026/02/27 16:41:34 UTC,researcher Remote
2026/02/27 16:41:37 UTC,growth marketing manager Remote
2026/02/27 16:41:38 UTC,head of content Remote
2026/02/27 16:41:39 UTC,Content designer
2026/02/27 22:27:30 UTC,head of content
2026/02/27 22:27:30 UTC,head of content
2026/02/27 22:27:33 UTC,head of content startup
2026/02/27 22:27:33 UTC,head of content startup
2026/02/27 22:27:43 UTC,head of content startup
2026/02/27 22:27:46 UTC,head of content startup
2026/02/28 00:05:21 UTC,Marketing Director
2026/02/28 00:05:23 UTC,Marketing Director
2026/02/28 00:09:39 UTC,Marketing Director
2026/02/28 00:09:41 UTC,Marketing Director
2026/02/28 06:24:30 UTC,content director remote
2026/02/28 07:22:57 UTC,content designer
2026/02/28 14:21:44 UTC,ux writer
2026/02/28 14:58:39 UTC,head of content OR head of content OR content director OR ux writer OR content strategist OR content designer
2026/02/28 14:58:53 UTC,Head of User Experience
2026/02/28 14:58:54 UTC,Head of User Experience
2026/02/28 14:59:51 UTC,Content Writer
2026/02/28 14:59:52 UTC,Content Writer
2026/02/28 16:31:27 UTC,Head of Content
2026/02/28 16:31:27 UTC,Marketing Director
2026/02/28 16:31:27 UTC,content director On-site or Hybrid
2026/02/28 16:31:27 UTC,content director Remote
2026/02/28 16:31:27 UTC,growth marketing manager Remote
2026/02/28 16:31:27 UTC,head of content Remote
2026/02/28 16:31:27 UTC,researcher Remote
2026/02/28 16:31:28 UTC,Content designer
2026/02/28 16:31:28 UTC,content director Remote
2026/02/28 16:31:28 UTC,content director Remote
2026/02/28 16:31:28 UTC,content director Remote
2026/02/28 16:31:28 UTC,content director Remote
2026/02/28 16:31:28 UTC,content director Remote
2026/02/28 16:31:28 UTC,content director Remote
2026/02/28 20:57:16 UTC,Director of Marketing And Product Management
2026/02/28 20:57:18 UTC,Director of Marketing And Product Management
2026/03/01 00:33:02 UTC,User Experience Designer
2026/03/01 00:33:03 UTC,User Experience Designer
2026/03/01 00:33:32 UTC,User Experience Designer
2026/03/01 00:33:33 UTC,User Experience Designer
2026/03/01 00:34:02 UTC,talent stripe
2026/03/01 00:34:02 UTC,talent stripe
2026/03/01 00:34:05 UTC,talent amplitude
2026/03/01 00:34:05 UTC,talent amplitude
2026/03/01 00:34:10 UTC,talent amplitude
2026/03/01 00:34:11 UTC,talent amplitude
2026/03/01 00:34:54 UTC,talent amplitude
2026/03/01 00:34:54 UTC,talent amplitude
2026/03/01 00:35:24 UTC,User Experience Designer
2026/03/01 00:35:26 UTC,User Experience Designer
2026/03/01 00:39:51 UTC,Head of Communications
2026/03/01 00:39:52 UTC,Head of Communications
2026/03/01 00:40:03 UTC,Head
2026/03/01 00:40:05 UTC,Head
2026/03/01 00:40:49 UTC,Marketing Director
2026/03/01 00:40:50 UTC,Marketing Director
2026/03/01 00:41:44 UTC,Writer
2026/03/01 00:41:45 UTC,Writer
2026/03/01 00:42:41 UTC,Content Specialist
2026/03/01 00:42:43 UTC,Content Specialist
2026/03/01 00:43:28 UTC,Content Writer
2026/03/01 00:43:30 UTC,Content Writer
2026/03/01 00:44:41 UTC,Content Designer
2026/03/01 00:44:43 UTC,Content Designer
2026/03/01 00:47:09 UTC,talent amplitude
2026/03/01 00:50:26 UTC,content director
2026/03/01 00:50:26 UTC,content director
2026/03/01 00:50:26 UTC,content director
2026/03/01 00:50:26 UTC,head of content
2026/03/01 00:50:26 UTC,head of content
2026/03/01 00:50:26 UTC,head of content
2026/03/01 00:50:26 UTC,head of content
2026/03/01 00:50:26 UTC,head of content
2026/03/01 00:50:27 UTC,Head of Content OR Head of Content OR Content Director OR UX Writer OR Content Strategist OR Content Designer
2026/03/01 01:04:49 UTC,Content Strategist
2026/03/01 01:04:50 UTC,Content Strategist
2026/03/01 06:31:40 UTC,content director remote
2026/03/01 07:15:21 UTC,content designer
2026/03/01 14:02:16 UTC,Marketing Director
2026/03/01 14:02:17 UTC,Marketing Director
2026/03/01 14:10:29 UTC,ux writer
2026/03/01 16:42:50 UTC,Content designer
2026/03/01 16:42:50 UTC,Founder & Principal Consultant
2026/03/01 16:42:50 UTC,Marketing Director
2026/03/01 16:42:50 UTC,content director On-site or Hybrid
2026/03/01 16:42:50 UTC,content director Remote
2026/03/01 16:42:50 UTC,content director Remote
2026/03/01 16:42:50 UTC,growth marketing manager Remote
2026/03/01 16:42:50 UTC,head of content Remote
2026/03/01 16:42:50 UTC,researcher Remote
2026/03/01 16:42:51 UTC,content director Remote
2026/03/01 16:42:51 UTC,content director Remote
2026/03/01 16:42:51 UTC,content director Remote
2026/03/01 16:42:51 UTC,content director Remote
2026/03/01 16:42:51 UTC,content director Remote
2026/03/02 03:53:17 UTC,Director of Research Development
2026/03/02 03:53:17 UTC,Director of Research Development
2026/03/02 06:09:48 UTC,content director remote
2026/03/02 07:18:46 UTC,content designer
2026/03/02 15:14:54 UTC,ux writer
2026/03/02 16:12:57 UTC,User Experience Designer
2026/03/02 16:14:24 UTC,User Experience Designer
2026/03/02 16:32:16 UTC,Content designer
2026/03/02 16:32:16 UTC,Head of Communications
2026/03/02 16:32:16 UTC,head of content Remote
2026/03/02 16:32:17 UTC,Founder & Principal Consultant
2026/03/02 16:32:17 UTC,content director On-site or Hybrid
2026/03/02 16:32:17 UTC,content director Remote
2026/03/02 16:32:17 UTC,content director Remote
2026/03/02 16:32:17 UTC,content director Remote
2026/03/02 16:32:17 UTC,content director Remote
2026/03/02 16:32:17 UTC,content director Remote
2026/03/02 16:32:17 UTC,content director Remote
2026/03/02 16:32:17 UTC,content director Remote
2026/03/02 16:32:17 UTC,growth marketing manager Remote
2026/03/02 16:32:17 UTC,researcher Remote
2026/03/02 17:31:29 UTC,Senior Communications Manager
2026/03/02 17:31:31 UTC,Senior Communications Manager
2026/03/02 19:52:36 UTC,head of content zendesk
2026/03/02 19:52:36 UTC,head of content zendesk
2026/03/02 19:52:41 UTC,head of content zendesk
2026/03/02 19:52:42 UTC,head of content zendesk
2026/03/02 21:17:20 UTC,Content Specialist
2026/03/02 21:17:23 UTC,Content Specialist
2026/03/02 21:17:50 UTC,Content Manager
2026/03/02 21:17:53 UTC,Content Manager
2026/03/02 21:18:22 UTC,Content Manager
2026/03/02 21:18:24 UTC,Content Manager
2026/03/02 21:22:47 UTC,Content Writer
2026/03/02 21:22:47 UTC,content director
2026/03/02 21:22:47 UTC,content director
2026/03/02 21:22:47 UTC,content director
2026/03/02 21:22:47 UTC,head of content
2026/03/02 21:22:47 UTC,head of content
2026/03/02 21:22:47 UTC,head of content
2026/03/02 21:22:47 UTC,head of content
2026/03/02 21:22:47 UTC,head of content
2026/03/02 21:22:48 UTC,Founder & Principal Consultant OR Head of Content OR Content Director OR UX Writer OR Content Strategist OR Content Designer
2026/03/02 22:09:16 UTC,head of content zendesk
2026/03/02 23:13:10 UTC,Marketing Director
2026/03/02 23:13:12 UTC,Marketing Director
2026/03/03 04:59:51 UTC,content director on-site or hybrid
2026/03/03 06:44:32 UTC,content director remote
2026/03/03 08:04:56 UTC,content designer
2026/03/03 14:23:18 UTC,ux writer
2026/03/03 16:37:47 UTC,Content Manager
2026/03/03 16:37:47 UTC,Founder & Principal Consultant
2026/03/03 16:37:47 UTC,content director On-site or Hybrid
2026/03/03 16:37:47 UTC,content director Remote
2026/03/03 16:37:47 UTC,growth marketing manager Remote
2026/03/03 16:37:47 UTC,head of content Remote
2026/03/03 16:37:47 UTC,researcher Remote
2026/03/03 16:37:47 UTC,researcher Remote
2026/03/03 16:37:47 UTC,researcher Remote
2026/03/03 19:43:14 UTC,Corporate Communications Specialist
2026/03/03 19:43:16 UTC,Corporate Communications Specialist
2026/03/03 19:48:50 UTC,oneok
2026/03/03 19:48:50 UTC,oneok
2026/03/03 19:48:50 UTC,public relations
2026/03/03 19:48:50 UTC,public relations
2026/03/03 19:48:52 UTC,oneok talent
2026/03/03 19:48:52 UTC,oneok talent
2026/03/03 19:49:16 UTC,oneok talent
2026/03/03 19:49:17 UTC,oneok talent
2026/03/03 20:08:36 UTC,oneok talent
2026/03/03 20:16:51 UTC,oneok talent
2026/03/03 20:36:34 UTC,oneok talent
2026/03/03 20:36:40 UTC,oneok talent
2026/03/03 21:03:15 UTC,oneok talent
2026/03/03 21:24:47 UTC,Co-Founder
2026/03/03 21:24:49 UTC,Co-Founder
2026/03/03 21:51:57 UTC,oneok talent
2026/03/04 06:27:17 UTC,content director remote
2026/03/04 07:12:13 UTC,content designer
2026/03/04 14:52:58 UTC,ux writer
2026/03/04 15:19:35 UTC,Marketing Director
2026/03/04 15:19:38 UTC,Head of Marketing
2026/03/04 15:19:44 UTC,Marketing Director
2026/03/04 15:20:06 UTC,Head of Marketing
2026/03/04 19:13:16 UTC,Content Manager
2026/03/04 19:13:16 UTC,Content designer
2026/03/04 19:13:16 UTC,Founder & Principal Consultant
2026/03/04 19:13:16 UTC,content director On-site or Hybrid
2026/03/04 19:13:16 UTC,content director Remote
2026/03/04 19:13:16 UTC,content director Remote
2026/03/04 19:13:16 UTC,content director Remote
2026/03/04 19:13:16 UTC,content director Remote
2026/03/04 19:13:16 UTC,content director Remote
2026/03/04 19:13:16 UTC,content director Remote
2026/03/04 19:13:16 UTC,content director Remote
2026/03/04 19:13:16 UTC,growth marketing manager Remote
2026/03/04 19:13:16 UTC,head of content Remote
2026/03/04 19:13:16 UTC,researcher Remote
2026/03/04 19:36:36 UTC,researcher
2026/03/04 19:36:37 UTC,Founder & Principal Consultant OR Head of Content OR Content Director OR UX Writer OR Content Strategist OR Content Designer
2026/03/04 19:36:37 UTC,content director
2026/03/04 19:36:37 UTC,researcher
2026/03/04 19:36:38 UTC,Founder & Principal Consultant OR Head of Content OR Content Director OR UX Writer OR Content Strategist OR Content Designer
2026/03/04 19:36:38 UTC,content director
2026/03/04 19:36:38 UTC,researcher
2026/03/04 19:36:38 UTC,researcher
2026/03/04 19:36:38 UTC,researcher
2026/03/04 19:36:38 UTC,researcher
2026/03/04 19:36:39 UTC,researcher
2026/03/04 19:36:39 UTC,researcher
2026/03/04 19:36:39 UTC,researcher
2026/03/04 19:36:39 UTC,researcher
2026/03/04 21:17:51 UTC,Information Technology Specialist
2026/03/04 21:17:56 UTC,Information Technology Specialist
2026/03/05 08:09:57 UTC,content designer
2026/03/05 14:10:22 UTC,content director
2026/03/05 14:10:22 UTC,content director
2026/03/05 14:10:22 UTC,growth marketing manager
2026/03/05 14:10:23 UTC,Founder & Principal Consultant OR Head of Content OR Content Director OR UX Writer OR Content Strategist OR Content Designer
2026/03/05 14:10:23 UTC,content director
2026/03/05 14:10:23 UTC,content director
2026/03/05 14:10:23 UTC,content director
2026/03/05 14:10:23 UTC,content director
2026/03/05 14:26:35 UTC,ux writer
2026/03/05 16:17:41 UTC,Content Manager
2026/03/05 16:17:41 UTC,Founder & Principal Consultant
2026/03/05 16:17:41 UTC,content director On-site or Hybrid
2026/03/05 16:17:41 UTC,content director Remote
2026/03/05 16:17:41 UTC,content director Remote
2026/03/05 16:17:41 UTC,content director Remote
2026/03/05 16:17:41 UTC,content director Remote
2026/03/05 16:17:41 UTC,content director Remote
2026/03/05 16:17:41 UTC,content director Remote
2026/03/05 16:17:41 UTC,content director Remote
2026/03/05 16:17:41 UTC,growth marketing manager Remote
2026/03/05 16:17:41 UTC,head of content Remote
2026/03/05 20:53:14 UTC,Head of Marketing
2026/03/05 20:53:28 UTC,Head of Marketing
2026/03/06 00:08:26 UTC,Creative Director
2026/03/06 00:08:28 UTC,Creative Director
2026/03/06 00:09:05 UTC,Writer
2026/03/06 00:09:07 UTC,Content Strategist
2026/03/06 00:09:08 UTC,Writer
2026/03/06 00:09:31 UTC,Content Strategist
2026/03/06 00:10:15 UTC,User Experience Designer
2026/03/06 00:10:16 UTC,User Experience Designer
2026/03/06 00:10:57 UTC,Content Manager
2026/03/06 00:11:04 UTC,Content Manager
2026/03/06 00:11:51 UTC,Content Specialist
2026/03/06 00:11:53 UTC,Content Specialist
2026/03/06 00:12:32 UTC,User Experience Writer
2026/03/06 00:12:36 UTC,User Experience Writer
2026/03/06 00:13:00 UTC,Content Specialist
2026/03/06 00:13:02 UTC,Content Manager
2026/03/06 00:13:05 UTC,Content Specialist
2026/03/06 00:13:55 UTC,Content Manager
2026/03/06 06:45:16 UTC,content director remote
2026/03/06 07:23:54 UTC,content designer
2026/03/06 14:36:29 UTC,ux writer
2026/03/06 15:07:52 UTC,CMO, VP Marketing, Head of Content, or Founder at companies with 20–200 employees in tech, healthcare, or professional services
2026/03/06 15:07:52 UTC,CMO, VP Marketing, Head of Content, or Founder at companies with 20–200 employees in tech, healthcare, or professional services
2026/03/06 15:07:56 UTC,CMO, VP Marketing, Head of Content, or Founder at companies with 20–200 employees in tech, healthcare, or professional services
2026/03/06 15:07:57 UTC,CMO, VP Marketing, Head of Content, or Founder at companies with 20–200 employees in tech, healthcare, or professional services
2026/03/06 15:08:40 UTC,CMO, VP Marketing, Head of Content, or Founder at companies with 20–200 employees in tech, healthcare, or professional services
2026/03/06 15:08:45 UTC,fractional cmo
2026/03/06 15:08:46 UTC,fractional cmo
2026/03/06 15:09:27 UTC,fractional cmo
2026/03/06 15:09:28 UTC,fractional cmo
2026/03/06 15:09:52 UTC,fractional cmo
2026/03/06 15:09:53 UTC,fractional cmo
2026/03/06 15:10:12 UTC,fractional cmo
2026/03/06 15:10:13 UTC,fractional cmo
2026/03/06 15:10:46 UTC,fractional cmo
2026/03/06 15:10:48 UTC,Lenny Rachitsky
2026/03/06 15:10:49 UTC,Lenny Rachitsky
2026/03/06 15:38:26 UTC,Content Strategist
2026/03/06 15:47:42 UTC,Content Strategist
2026/03/06 16:34:35 UTC,Creative Director
2026/03/06 16:34:37 UTC,Creative Director
2026/03/06 16:38:22 UTC,Content Strategist
2026/03/06 16:38:24 UTC,Content Strategist
2026/03/06 16:48:52 UTC,Content Strategist
2026/03/06 16:51:24 UTC,tractorbeam talent
2026/03/06 16:51:24 UTC,tractorbeam talent
2026/03/06 16:51:31 UTC,tractorbeam talent
2026/03/06 16:51:32 UTC,tractorbeam talent
2026/03/06 16:52:18 UTC,tractorbeam talent
2026/03/06 16:52:19 UTC,tractorbeam talent
2026/03/06 16:52:30 UTC,tractorbeam talent
2026/03/06 16:52:32 UTC,tractorbeam talent
2026/03/06 16:54:51 UTC,tractorbeam talent
2026/03/06 16:58:19 UTC,tractorbeam talent
2026/03/06 17:04:36 UTC,User Experience Writer
2026/03/06 17:05:12 UTC,User Experience Writer
2026/03/06 17:06:14 UTC,Content Strategist
2026/03/06 17:06:14 UTC,Content designer
2026/03/06 17:06:14 UTC,Founder & Principal Consultant
2026/03/06 17:06:14 UTC,content director On-site or Hybrid
2026/03/06 17:06:14 UTC,content director Remote
2026/03/06 17:06:14 UTC,content director Remote
2026/03/06 17:06:14 UTC,content director Remote
2026/03/06 17:06:14 UTC,content director Remote
2026/03/06 17:06:14 UTC,growth marketing manager Remote
2026/03/06 17:06:14 UTC,head of content Remote
2026/03/06 17:06:15 UTC,content director Remote
2026/03/06 17:06:15 UTC,content director Remote
2026/03/06 17:06:15 UTC,content director Remote
2026/03/06 17:06:51 UTC,User Experience Writer
2026/03/06 17:06:52 UTC,User Experience Writer
2026/03/06 17:15:01 UTC,User Experience Writer
2026/03/06 17:15:03 UTC,User Experience Writer
2026/03/06 17:17:11 UTC,Marketing Director
2026/03/06 17:17:13 UTC,Marketing Director
2026/03/06 17:17:46 UTC,User Experience Writer
2026/03/06 17:27:52 UTC,User Experience Writer
2026/03/06 17:27:54 UTC,User Experience Writer
2026/03/06 17:30:03 UTC,User Experience Designer
2026/03/06 17:30:05 UTC,User Experience Designer
2026/03/06 17:33:46 UTC,talent carrot
2026/03/06 17:33:46 UTC,talent carrot
2026/03/06 17:33:50 UTC,talent carrot
2026/03/06 17:33:51 UTC,talent carrot
2026/03/06 17:34:41 UTC,talent carrot
2026/03/06 17:34:41 UTC,talent carrot
2026/03/06 17:35:46 UTC,talent carrot
2026/03/06 17:41:53 UTC,talent carrot
2026/03/06 17:41:57 UTC,User Experience Designer
2026/03/06 17:43:55 UTC,researcher
2026/03/06 17:43:55 UTC,researcher
2026/03/06 17:55:06 UTC,talent carrot
2026/03/06 18:04:05 UTC,Content Manager
2026/03/06 18:04:07 UTC,talent carrot
2026/03/06 18:04:13 UTC,Content Manager
2026/03/06 18:42:47 UTC,User Experience Designer
2026/03/06 18:42:48 UTC,User Experience Designer
2026/03/06 18:55:35 UTC,User Experience Designer
2026/03/06 18:55:37 UTC,Marketing Director
2026/03/06 18:55:44 UTC,User Experience Designer
2026/03/06 19:00:47 UTC,Marketing Director
2026/03/07 16:15:41 UTC,Content Specialist
2026/03/07 16:15:41 UTC,Content designer
2026/03/07 16:15:41 UTC,Founder & Principal Consultant
2026/03/07 16:15:41 UTC,Ux writer
2026/03/07 16:15:41 UTC,content director On-site or Hybrid
2026/03/07 16:15:41 UTC,content director Remote
2026/03/07 16:15:41 UTC,content director Remote
2026/03/07 16:15:41 UTC,growth marketing manager Remote
2026/03/07 16:15:41 UTC,head of content Remote
2026/03/07 16:15:42 UTC,content director Remote
2026/03/07 16:15:42 UTC,content director Remote
2026/03/07 16:15:42 UTC,content director Remote
2026/03/07 16:15:42 UTC,content director Remote
2026/03/07 16:15:42 UTC,content director Remote
2026/03/08 14:55:19 UTC,ux writer
2026/03/08 15:08:52 UTC,content director
2026/03/08 15:08:52 UTC,content director
2026/03/08 15:08:52 UTC,content director
2026/03/08 15:08:53 UTC,Founder & Principal Consultant OR Head of Content OR Content Director OR UX Writer OR Content Strategist OR Content Designer
2026/03/08 15:08:53 UTC,User Experience Designer
2026/03/08 15:08:53 UTC,content director
2026/03/08 15:08:53 UTC,content director
2026/03/08 15:08:53 UTC,content director
2026/03/08 15:09:14 UTC,Content Specialist
2026/03/08 15:09:15 UTC,Content Specialist
2026/03/08 15:10:02 UTC,User Experience Designer
2026/03/08 15:10:03 UTC,User Experience Designer
2026/03/08 16:19:44 UTC,Content Specialist
2026/03/08 16:19:44 UTC,Content designer
2026/03/08 16:19:44 UTC,content director On-site or Hybrid
2026/03/08 16:19:44 UTC,content director Remote
2026/03/08 16:19:44 UTC,growth marketing manager Remote
2026/03/08 16:19:44 UTC,head of content Remote
2026/03/08 16:19:45 UTC,Founder & Principal Consultant
2026/03/08 16:19:45 UTC,content director Remote
2026/03/08 16:19:45 UTC,content director Remote
2026/03/08 16:19:45 UTC,content director Remote
2026/03/08 16:19:45 UTC,content director Remote
2026/03/08 16:19:45 UTC,content director Remote
2026/03/08 16:19:45 UTC,content director Remote
2026/03/09 14:07:54 UTC,ux writer
2026/03/09 16:28:46 UTC,User Experience Designer
2026/03/09 16:28:47 UTC,User Experience Designer
2026/03/09 16:29:33 UTC,Marketing Director
2026/03/09 16:29:35 UTC,Marketing Director
2026/03/09 16:30:06 UTC,Marketing Director
2026/03/09 16:30:06 UTC,Marketing Director
2026/03/09 16:30:07 UTC,Marketing Director
2026/03/09 16:35:41 UTC,fractional cmo
2026/03/09 16:35:41 UTC,fractional cmo
2026/03/09 16:35:42 UTC,founding engineer
2026/03/09 16:35:42 UTC,founding engineer
2026/03/09 16:35:44 UTC,founding editorial lead
2026/03/09 16:35:45 UTC,founding editorial lead
2026/03/09 16:36:10 UTC,founding editorial lead
2026/03/09 16:36:31 UTC,founding head of content
2026/03/09 16:40:06 UTC,Content Specialist
2026/03/09 16:40:06 UTC,Content designer
2026/03/09 16:40:06 UTC,Founder & Principal Consultant
2026/03/09 16:40:06 UTC,content director On-site or Hybrid
2026/03/09 16:40:06 UTC,content director Remote
2026/03/09 16:40:06 UTC,content director Remote
2026/03/09 16:40:06 UTC,growth marketing manager Remote
2026/03/09 16:40:06 UTC,head of content Remote
2026/03/09 16:40:07 UTC,content director Remote
2026/03/09 16:40:07 UTC,content director Remote
2026/03/09 16:40:07 UTC,content director Remote
2026/03/09 16:40:07 UTC,content director Remote
2026/03/09 16:40:07 UTC,content director Remote
2026/03/09 17:19:11 UTC,head of content zendesk
2026/03/09 17:19:11 UTC,head of content zendesk
2026/03/09 17:19:15 UTC,founding hires
2026/03/09 17:19:15 UTC,founding hires
2026/03/09 17:19:16 UTC,founding head of content
2026/03/09 17:19:16 UTC,founding head of content
2026/03/09 17:19:21 UTC,founding head of content
2026/03/09 17:21:01 UTC,founding head of content
2026/03/09 17:21:37 UTC,founding head of content
2026/03/09 17:21:51 UTC,founding head of content
2026/03/09 17:22:52 UTC,founding head of content
2026/03/09 17:27:44 UTC,content lead
2026/03/09 17:37:16 UTC,content lead
2026/03/09 17:39:29 UTC,content lead
2026/03/09 17:42:01 UTC,Content Manager
2026/03/09 17:42:02 UTC,Content Manager
2026/03/09 17:44:08 UTC,Sr Manager, Content Strategist
2026/03/09 17:44:40 UTC,Sr Mgr Copywriting Brand Creative hcsc
2026/03/09 18:14:43 UTC,Content Product Manager
2026/03/09 18:14:44 UTC,Content Product Manager
2026/03/09 18:14:45 UTC,Content Product Manager
2026/03/09 19:41:16 UTC,Sr Manager, Content Strategist
2026/03/09 19:42:41 UTC,talent charles schwab
2026/03/09 19:42:51 UTC,talent carrot
2026/03/09 19:42:51 UTC,talent carrot
2026/03/09 19:42:52 UTC,talent chanakya
2026/03/09 19:42:52 UTC,talent chanakya
2026/03/09 19:42:52 UTC,talent chase
2026/03/09 19:42:52 UTC,talent chase
2026/03/09 19:42:55 UTC,talent charles schwab
2026/03/09 19:43:02 UTC,talent charles schwab
2026/03/09 19:43:02 UTC,talent charles schwab
2026/03/09 19:43:29 UTC,talent charles schwab
2026/03/09 19:43:31 UTC,talent charles schwab
2026/03/09 19:44:05 UTC,talent charles schwab
2026/03/09 19:44:08 UTC,talent charles schwab
2026/03/09 19:45:39 UTC,talent charles schwab
2026/03/09 19:45:45 UTC,talent charles schwab
2026/03/09 19:45:46 UTC,talent charles schwab
2026/03/09 19:46:03 UTC,talent charles schwab
2026/03/09 19:46:23 UTC,talent charles schwab
2026/03/09 19:47:22 UTC,talent charles schwab
2026/03/09 19:47:54 UTC,talent charles schwab
2026/03/09 19:47:57 UTC,talent charles schwab
2026/03/09 19:47:57 UTC,talent charles schwab
2026/03/09 19:48:05 UTC,talent charles schwab
2026/03/09 19:48:06 UTC,talent charles schwab
2026/03/09 19:48:49 UTC,talent charles schwab
2026/03/09 19:48:51 UTC,talent charles schwab
2026/03/09 19:48:51 UTC,talent charles schwab
2026/03/09 19:49:43 UTC,talent charles schwab
2026/03/09 19:49:52 UTC,ux talent charles schwab
2026/03/09 19:49:54 UTC,ux talent charles schwab
2026/03/09 19:50:18 UTC,ux talent acquisition charles schwab
2026/03/09 19:50:19 UTC,ux talent acquisition charles schwab
2026/03/09 19:50:39 UTC,ux talent acquisition charles schwab
2026/03/09 19:50:52 UTC,ux talent charles schwab
2026/03/09 19:50:54 UTC,ux talent charles schwab
2026/03/09 19:52:44 UTC,ux talent charles schwab
2026/03/09 19:52:53 UTC,talent charles schwab
2026/03/09 19:52:54 UTC,talent charles schwab
2026/03/09 19:53:04 UTC,talent charles schwab
2026/03/09 19:53:04 UTC,talent charles schwab
2026/03/09 19:53:41 UTC,talent charles schwab
2026/03/09 19:53:43 UTC,talent charles schwab
2026/03/09 19:56:31 UTC,talent charles schwab
2026/03/09 19:56:45 UTC,talent charles schwab
2026/03/09 19:56:45 UTC,talent charles schwab
2026/03/09 19:59:46 UTC,talent charles schwab
2026/03/09 20:00:13 UTC,talent charles schwab
2026/03/09 20:02:12 UTC,talent charles schwab
2026/03/09 20:02:15 UTC,talent charles schwab
2026/03/09 20:02:21 UTC,ux content strategist
2026/03/09 20:02:22 UTC,ux content strategist
2026/03/09 20:02:31 UTC,ux content strategist
2026/03/09 20:03:05 UTC,ux content designer
2026/03/10 07:19:48 UTC,content director remote
2026/03/10 13:26:01 UTC,ux writer
2026/03/10 16:32:30 UTC,Content designer
2026/03/10 16:32:30 UTC,Founder & Principal Consultant
2026/03/10 16:32:30 UTC,User Experience Designer
2026/03/10 16:32:30 UTC,content director On-site or Hybrid
2026/03/10 16:32:30 UTC,content director Remote
2026/03/10 16:32:30 UTC,content director Remote
2026/03/10 16:32:30 UTC,content director Remote
2026/03/10 16:32:30 UTC,content director Remote
2026/03/10 16:32:30 UTC,content director Remote
2026/03/10 16:32:30 UTC,content director Remote
2026/03/10 16:32:30 UTC,growth marketing manager Remote
2026/03/10 16:32:30 UTC,head of content Remote
2026/03/10 21:56:34 UTC,Content Strategist
2026/03/10 21:56:35 UTC,Creative Strategist
2026/03/10 21:56:38 UTC,Head of Communications
2026/03/10 21:56:41 UTC,Content Strategist
2026/03/10 21:56:44 UTC,Content Strategist
2026/03/10 21:56:58 UTC,Creative Strategist
2026/03/10 21:57:09 UTC,Head of Communications
2026/03/10 21:57:28 UTC,Content Strategist
2026/03/11 13:54:42 UTC,ux writer
2026/03/11 15:17:09 UTC,Content Manager
2026/03/11 15:17:53 UTC,Marketing Director
2026/03/11 15:18:57 UTC,Creative Strategist
2026/03/11 15:57:38 UTC,talent charles schwab
2026/03/11 15:57:39 UTC,talent right aus
2026/03/11 15:57:39 UTC,talent right aus
2026/03/11 15:57:42 UTC,talent rimini street
2026/03/11 15:57:42 UTC,talent rimini street
2026/03/11 15:57:45 UTC,talent rimini street
2026/03/11 15:57:46 UTC,talent rimini street
2026/03/11 15:58:17 UTC,talent rimini street
2026/03/11 15:58:18 UTC,talent rimini street
2026/03/11 15:58:43 UTC,talent rimini street
2026/03/11 15:58:43 UTC,talent rimini street
2026/03/11 15:58:58 UTC,talent rimini street
2026/03/11 15:58:59 UTC,talent rimini street
2026/03/11 16:01:16 UTC,talent rimini street
2026/03/11 16:01:26 UTC,talent rimini street
2026/03/11 16:01:27 UTC,talent rimini street
2026/03/11 16:01:53 UTC,talent rimini street
2026/03/11 16:01:53 UTC,talent rimini street
2026/03/11 16:02:11 UTC,talent rimini street
2026/03/11 16:02:29 UTC,talent rimini street
2026/03/11 16:02:30 UTC,talent rimini street
2026/03/11 16:02:51 UTC,talent rimini street
2026/03/11 16:02:51 UTC,talent rimini street
2026/03/11 16:03:04 UTC,talent rimini street
2026/03/11 16:03:05 UTC,talent rimini street
2026/03/11 16:03:24 UTC,talent rimini street
2026/03/11 16:03:25 UTC,talent rimini street
2026/03/11 16:04:09 UTC,talent rimini street
2026/03/11 16:04:12 UTC,talent rimini street
2026/03/11 16:09:35 UTC,talent rimini street
2026/03/11 16:09:41 UTC,talent rimini street
2026/03/11 16:26:30 UTC,User Experience Designer
2026/03/11 16:26:30 UTC,content director On-site or Hybrid
2026/03/11 16:26:30 UTC,content director Remote
2026/03/11 16:26:30 UTC,head of content Remote
2026/03/11 16:26:31 UTC,Content designer
2026/03/11 16:26:31 UTC,Founder & Principal Consultant
2026/03/11 16:26:31 UTC,content director Remote
2026/03/11 16:26:31 UTC,content director Remote
2026/03/11 16:26:31 UTC,content director Remote
2026/03/11 16:26:31 UTC,content director Remote
2026/03/11 16:26:31 UTC,content director Remote
2026/03/11 16:26:31 UTC,content director Remote
2026/03/11 16:26:31 UTC,growth marketing manager Remote
2026/03/11 16:32:12 UTC,content director
2026/03/11 16:32:12 UTC,content director
2026/03/11 16:32:13 UTC,content design
2026/03/11 16:32:13 UTC,content design
2026/03/11 16:32:17 UTC,content director rimini street
2026/03/11 16:32:17 UTC,content director rimini street
2026/03/11 16:32:20 UTC,content director rimini street
2026/03/11 16:32:21 UTC,content director rimini street
2026/03/11 16:53:38 UTC,founding head of content
2026/03/11 16:53:38 UTC,founding head of content
2026/03/11 16:53:40 UTC,Founders
2026/03/11 16:53:40 UTC,Founders
2026/03/11 16:53:40 UTC,founder
2026/03/11 16:53:46 UTC,Founders
2026/03/11 16:53:47 UTC,Founders
2026/03/11 16:54:59 UTC,Founders
2026/03/11 19:14:18 UTC,Content Director
2026/03/12 07:11:09 UTC,content director remote
2026/03/12 07:26:23 UTC,content designer
2026/03/12 13:32:26 UTC,ux writer
2026/03/12 14:33:28 UTC,User Experience Designer
2026/03/12 14:33:36 UTC,User Experience Designer
2026/03/12 17:22:53 UTC,Founder & Principal Consultant
2026/03/12 17:22:53 UTC,User Experience Designer
2026/03/12 17:22:53 UTC,content director On-site or Hybrid
2026/03/12 17:22:53 UTC,growth marketing manager Remote
2026/03/12 17:22:53 UTC,head of content Remote
2026/03/12 17:22:54 UTC,content director Remote
2026/03/12 17:22:54 UTC,content director Remote
2026/03/12 17:22:54 UTC,content director Remote
2026/03/12 17:22:54 UTC,content director Remote
2026/03/12 17:22:54 UTC,content director Remote
2026/03/12 17:22:54 UTC,content director Remote
2026/03/12 20:43:10 UTC,Marketing Director
2026/03/12 20:43:26 UTC,Head of Media
2026/03/12 22:06:22 UTC,Content Manager
2026/03/12 22:06:54 UTC,Head of Communications
2026/03/12 22:07:13 UTC,Head of Communications
2026/03/12 22:07:49 UTC,Head of Communications
2026/03/12 22:12:42 UTC,Peter Stakoun
2026/03/13 13:26:55 UTC,ux writer
2026/03/13 17:44:11 UTC,Content Strategist
2026/03/13 17:50:16 UTC,Content Creator
2026/03/13 17:50:16 UTC,Content designer
2026/03/13 17:50:16 UTC,Founder & Principal Consultant
2026/03/13 17:50:16 UTC,content director On-site or Hybrid
2026/03/13 17:50:16 UTC,content director Remote
2026/03/13 17:50:16 UTC,content director Remote
2026/03/13 17:50:16 UTC,content director Remote
2026/03/13 17:50:16 UTC,content director Remote
2026/03/13 17:50:16 UTC,growth marketing manager Remote
2026/03/13 17:50:16 UTC,head of content Remote
2026/03/13 17:50:17 UTC,content director Remote
2026/03/13 17:50:17 UTC,content director Remote
2026/03/13 17:50:17 UTC,content director Remote
2026/03/13 17:53:43 UTC,tavus
2026/03/13 17:53:43 UTC,tavus
2026/03/13 17:53:45 UTC,tavus
2026/03/13 17:53:45 UTC,tavus
2026/03/13 18:00:39 UTC,ai at meta
2026/03/13 18:00:39 UTC,ai at meta
2026/03/13 18:34:46 UTC,User Experience Designer
2026/03/13 23:23:33 UTC,Marketing Director
2026/03/14 13:15:55 UTC,ux writer
2026/03/14 16:29:07 UTC,Content designer
2026/03/14 16:29:07 UTC,Founder & Principal Consultant
2026/03/14 16:29:07 UTC,User Experience Designer
2026/03/14 16:29:07 UTC,content director On-site or Hybrid
2026/03/14 16:29:07 UTC,content director Remote
2026/03/14 16:29:07 UTC,content director Remote
2026/03/14 16:29:07 UTC,content director Remote
2026/03/14 16:29:07 UTC,content director Remote
2026/03/14 16:29:07 UTC,content director Remote
2026/03/14 16:29:07 UTC,content director Remote
2026/03/14 16:29:07 UTC,content director Remote
2026/03/14 16:29:07 UTC,growth marketing manager Remote
2026/03/14 16:29:07 UTC,head of content Remote
2026/03/14 19:48:06 UTC,Head of Communications
2026/03/15 12:55:56 UTC,User Experience Designer
2026/03/15 13:06:36 UTC,ux writer
2026/03/15 16:17:27 UTC,Content designer
2026/03/15 16:17:27 UTC,Founder & Principal Consultant
2026/03/15 16:17:27 UTC,User Experience Designer
2026/03/15 16:17:27 UTC,content director On-site or Hybrid
2026/03/15 16:17:27 UTC,content director Remote
2026/03/15 16:17:27 UTC,content director Remote
2026/03/15 16:17:27 UTC,growth marketing manager Remote
2026/03/15 16:17:27 UTC,head of content Remote
2026/03/15 16:17:28 UTC,content director Remote
2026/03/15 16:17:28 UTC,content director Remote
2026/03/15 16:17:28 UTC,content director Remote
2026/03/15 16:17:28 UTC,content director Remote
2026/03/15 16:17:28 UTC,content director Remote
2026/03/16 00:38:37 UTC,Head of Communications
2026/03/16 13:56:14 UTC,ux writer
2026/03/16 14:14:09 UTC,lenny rachitsky
2026/03/16 14:14:45 UTC,lucy gilmore
2026/03/16 14:14:53 UTC,lucy gilmore
2026/03/16 14:14:53 UTC,lucy gilmore
2026/03/16 14:21:29 UTC,lucy gilmore
2026/03/16 14:45:45 UTC,founders
2026/03/16 14:45:45 UTC,founders
2026/03/16 14:45:46 UTC,fundraising
2026/03/16 14:45:47 UTC,fundraising
2026/03/16 14:46:06 UTC,#startupfounder
2026/03/16 14:46:06 UTC,#startupfounder
2026/03/16 15:08:04 UTC,Content Strategist
2026/03/16 15:10:14 UTC,Content Manager
2026/03/16 15:12:14 UTC,User Experience Designer
2026/03/16 15:18:55 UTC,founding content designer
2026/03/16 15:23:06 UTC,contract content designer
2026/03/16 15:24:44 UTC,head of content
2026/03/16 15:26:51 UTC,head of content
2026/03/16 15:31:25 UTC,Head of Marketing
2026/03/16 15:38:47 UTC,Content Strategist
2026/03/16 15:39:37 UTC,User Experience Designer
2026/03/16 15:41:13 UTC,Content Designer
2026/03/16 15:44:30 UTC,Head of User Experience
2026/03/16 15:45:30 UTC,Content Manager
2026/03/16 16:11:10 UTC,Head of Marketing
2026/03/16 16:19:30 UTC,Content designer
2026/03/16 16:19:30 UTC,Founder & Principal Consultant
2026/03/16 16:19:30 UTC,User Experience Designer
2026/03/16 16:19:30 UTC,content director On-site or Hybrid
2026/03/16 16:19:30 UTC,content director Remote
2026/03/16 16:19:30 UTC,content director Remote
2026/03/16 16:19:30 UTC,growth marketing manager Remote
2026/03/16 16:19:30 UTC,head of content Remote
2026/03/16 16:19:31 UTC,content director Remote
2026/03/16 16:19:31 UTC,content director Remote
2026/03/16 16:19:31 UTC,content director Remote
2026/03/16 16:19:31 UTC,content director Remote
2026/03/16 16:19:31 UTC,content director Remote
2026/03/16 16:33:00 UTC,Head of Marketing
2026/03/16 16:34:12 UTC,tavus
2026/03/16 16:34:12 UTC,tavus
2026/03/16 16:34:13 UTC,talent cybers llc
2026/03/16 16:34:13 UTC,talent cybers llc
2026/03/16 16:34:14 UTC,talent cypher learning
2026/03/16 16:34:15 UTC,talent cypher learning
2026/03/16 16:34:15 UTC,talent cypher learning
2026/03/16 16:34:19 UTC,talent cypher learning
2026/03/16 16:34:19 UTC,talent cypher learning
2026/03/16 16:34:46 UTC,talent cypher learning
2026/03/16 16:34:46 UTC,talent cypher learning
2026/03/16 16:35:04 UTC,Head of Marketing
2026/03/16 16:47:40 UTC,Head of User Experience
2026/03/16 17:13:00 UTC,talent Principal Financial Group
2026/03/16 17:13:01 UTC,talent Principal Financial Group
2026/03/16 17:13:04 UTC,talent Principal Financial Group
2026/03/16 17:13:05 UTC,talent Principal Financial Group
2026/03/16 22:30:54 UTC,linkedin for marketing
2026/03/16 22:30:54 UTC,linkedin for marketing
2026/03/16 23:13:33 UTC,talent principal financial group
2026/03/16 23:13:33 UTC,talent principal financial group
2026/03/17 00:28:33 UTC,"brand manager" + "Arabic"
2026/03/17 00:28:33 UTC,"brand manager" + "Arabic"
2026/03/17 00:29:00 UTC,"brand manager" + "Arabic" + Austin, TX
2026/03/17 00:29:00 UTC,"brand manager" + "Arabic" + Austin, TX
2026/03/17 00:29:07 UTC,"brand manager" + "Arabic" + Austin, TX
2026/03/17 00:29:33 UTC,"bilingual" + "brand" + "MENA" + Austin, TX
2026/03/17 13:14:47 UTC,ux writer
2026/03/17 16:37:57 UTC,Content Manager
2026/03/17 16:37:57 UTC,Content designer
2026/03/17 16:37:57 UTC,Founder & Principal Consultant
2026/03/17 16:37:57 UTC,content director On-site or Hybrid
2026/03/17 16:37:57 UTC,content director Remote
2026/03/17 16:37:57 UTC,content director Remote
2026/03/17 16:37:57 UTC,growth marketing manager Remote
2026/03/17 16:37:57 UTC,head of content Remote
2026/03/17 16:37:58 UTC,content director Remote
2026/03/17 16:37:58 UTC,content director Remote
2026/03/17 16:37:58 UTC,content director Remote
2026/03/17 16:37:58 UTC,content director Remote
2026/03/17 16:37:58 UTC,content director Remote
2026/03/17 20:52:59 UTC,Head of Content
2026/03/17 20:53:00 UTC,Head of Content
2026/03/17 20:53:28 UTC,Head of Content
2026/03/17 20:53:28 UTC,Head of Content
2026/03/18 13:45:52 UTC,ux writer
2026/03/18 14:47:27 UTC,talent principal financial group
2026/03/18 14:47:27 UTC,talent principal financial group
2026/03/18 14:47:27 UTC,talisman
2026/03/18 14:47:27 UTC,talisman
2026/03/18 14:47:29 UTC,talisman
2026/03/18 14:47:29 UTC,talisman
2026/03/18 14:47:51 UTC,talisman consulting
2026/03/18 14:47:51 UTC,talisman consulting
2026/03/18 14:55:16 UTC,fundraising
2026/03/18 14:55:17 UTC,founder
2026/03/18 14:55:17 UTC,fundraising
2026/03/18 14:55:18 UTC,founder
2026/03/18 14:55:22 UTC,founder
2026/03/18 14:55:23 UTC,founder
2026/03/18 14:55:48 UTC,founder
2026/03/18 14:55:48 UTC,founder
2026/03/18 14:56:14 UTC,founder
2026/03/18 14:56:14 UTC,founder
2026/03/18 14:56:30 UTC,founder
2026/03/18 14:56:30 UTC,founder
2026/03/18 15:55:23 UTC,founder
2026/03/18 15:55:23 UTC,founder
2026/03/18 15:56:11 UTC,founder
2026/03/18 15:56:11 UTC,founder
2026/03/18 16:26:32 UTC,Content Manager
2026/03/18 16:26:32 UTC,Content designer
2026/03/18 16:26:32 UTC,Founder & Principal Consultant
2026/03/18 16:26:32 UTC,content director On-site or Hybrid
2026/03/18 16:26:32 UTC,content director Remote
2026/03/18 16:26:32 UTC,content director Remote
2026/03/18 16:26:32 UTC,content director Remote
2026/03/18 16:26:32 UTC,content director Remote
2026/03/18 16:26:32 UTC,content director Remote
2026/03/18 16:26:32 UTC,content director Remote
2026/03/18 16:26:32 UTC,content director Remote
2026/03/18 16:26:32 UTC,growth marketing manager Remote
2026/03/18 16:26:32 UTC,head of content Remote
2026/03/18 16:30:44 UTC,change management
2026/03/18 16:32:58 UTC,change management dallas texas
2026/03/18 17:22:40 UTC,founder
2026/03/18 17:22:40 UTC,founder
2026/03/18 19:46:12 UTC,Copy Director
2026/03/18 21:08:52 UTC,Marketing Director
2026/03/18 21:37:39 UTC,spell well
2026/03/18 21:37:39 UTC,spellwell
2026/03/18 21:37:39 UTC,spellwell
2026/03/19 13:25:06 UTC,ux writer
2026/03/19 17:06:49 UTC,Content designer
2026/03/19 17:06:49 UTC,Founder & Principal Consultant
2026/03/19 17:06:49 UTC,content director On-site or Hybrid
2026/03/19 17:06:49 UTC,content director Remote
2026/03/19 17:06:49 UTC,content director Remote
2026/03/19 17:06:49 UTC,content director Remote
2026/03/19 17:06:49 UTC,content director Remote
2026/03/19 17:06:49 UTC,content director Remote
2026/03/19 17:06:49 UTC,content director Remote
2026/03/19 17:06:49 UTC,growth marketing manager Remote
2026/03/19 17:06:49 UTC,head of content Remote
2026/03/19 17:06:56 UTC,content director Remote
2026/03/19 18:35:30 UTC,content engineer
2026/03/19 18:37:28 UTC,content engineer
2026/03/19 18:37:51 UTC,head of content
2026/03/19 18:38:39 UTC,head of content
2026/03/19 18:38:59 UTC,head of content
2026/03/19 18:39:10 UTC,content designer
2026/03/19 18:39:53 UTC,content strategist
2026/03/19 18:41:16 UTC,content strategist
2026/03/19 18:43:33 UTC,content strategist
2026/03/19 18:44:41 UTC,User Experience Designer
2026/03/19 18:44:47 UTC,Head of Communications
2026/03/19 19:22:54 UTC,talisman consulting
2026/03/19 19:22:54 UTC,talisman consulting
2026/03/19 19:22:57 UTC,talent american airlines
2026/03/19 19:22:57 UTC,talent american airlines
2026/03/19 19:23:05 UTC,talent american airlines
2026/03/19 19:23:05 UTC,talent american airlines
2026/03/19 19:23:26 UTC,talent american airlines
2026/03/19 19:23:26 UTC,talent american airlines
2026/03/19 19:23:35 UTC,talent american airlines
2026/03/19 19:23:35 UTC,talent american airlines
2026/03/19 19:34:26 UTC,Copy Director
2026/03/20 13:21:00 UTC,ux writer
2026/03/20 14:11:36 UTC,Content designer
2026/03/20 14:12:43 UTC,Content designer 
2026/03/20 14:13:48 UTC,Content designer 
2026/03/20 14:14:36 UTC,Content designer 
2026/03/20 14:32:06 UTC,Content designer 
2026/03/20 17:31:06 UTC,Content Researcher
2026/03/20 17:31:06 UTC,Content designer
2026/03/20 17:31:07 UTC,Founder & Principal Consultant
2026/03/20 17:31:07 UTC,content director On-site or Hybrid
2026/03/20 17:31:07 UTC,content director Remote
2026/03/20 17:31:07 UTC,content director Remote
2026/03/20 17:31:07 UTC,content director Remote
2026/03/20 17:31:07 UTC,content director Remote
2026/03/20 17:31:07 UTC,content director Remote
2026/03/20 17:31:07 UTC,content director Remote
2026/03/20 17:31:07 UTC,content director Remote
2026/03/20 17:31:07 UTC,growth marketing manager Remote
2026/03/20 17:31:07 UTC,head of content Remote
2026/03/20 20:18:45 UTC,georgalos
2026/03/20 20:18:45 UTC,georgalos
2026/03/20 21:54:14 UTC,Head of User Experience
2026/03/21 13:26:20 UTC,ux writer
2026/03/21 16:22:29 UTC,Content designer
2026/03/21 16:22:29 UTC,Head of User Experience
2026/03/21 16:22:30 UTC,Founder & Principal Consultant
2026/03/21 16:22:30 UTC,content director On-site or Hybrid
2026/03/21 16:22:30 UTC,content director Remote
2026/03/21 16:22:30 UTC,content director Remote
2026/03/21 16:22:30 UTC,content director Remote
2026/03/21 16:22:30 UTC,content director Remote
2026/03/21 16:22:30 UTC,content director Remote
2026/03/21 16:22:30 UTC,content director Remote
2026/03/21 16:22:30 UTC,content director Remote
2026/03/21 16:22:30 UTC,growth marketing manager Remote
2026/03/21 16:22:30 UTC,head of content Remote
2026/03/22 13:13:05 UTC,ux writer
2026/03/22 15:21:30 UTC,User Experience Designer
2026/03/22 16:47:29 UTC,Content designer
2026/03/22 16:47:29 UTC,Founder & Principal Consultant
2026/03/22 16:47:29 UTC,Head of User Experience
2026/03/22 16:47:29 UTC,content director On-site or Hybrid
2026/03/22 16:47:29 UTC,content director Remote
2026/03/22 16:47:29 UTC,content director Remote
2026/03/22 16:47:29 UTC,content director Remote
2026/03/22 16:47:29 UTC,content director Remote
2026/03/22 16:47:29 UTC,content director Remote
2026/03/22 16:47:29 UTC,content director Remote
2026/03/22 16:47:29 UTC,content director Remote
2026/03/22 16:47:29 UTC,growth marketing manager Remote
2026/03/22 16:47:29 UTC,head of content Remote
2026/03/23 07:09:55 UTC,content director remote
2026/03/23 07:24:44 UTC,growth marketing manager remote
2026/03/23 07:55:11 UTC,content designer
2026/03/23 13:18:36 UTC,ux writer
2026/03/23 14:56:18 UTC,User Experience Designer
2026/03/23 19:24:17 UTC,head of content remote
2026/03/23 19:36:32 UTC,head of content
2026/03/23 19:36:33 UTC,content director
2026/03/23 19:36:33 UTC,content director
2026/03/23 19:36:33 UTC,content director
2026/03/23 19:36:33 UTC,head of content
2026/03/23 19:36:33 UTC,head of content
2026/03/23 19:36:33 UTC,head of content
2026/03/23 19:36:33 UTC,head of content
2026/03/23 19:36:33 UTC,head of content
2026/03/23 19:36:33 UTC,head of content
2026/03/23 19:36:33 UTC,head of content
2026/03/23 19:36:33 UTC,head of content
2026/03/23 19:36:33 UTC,researcher
2026/03/23 19:36:34 UTC,Founder & Principal Consultant OR Head of Content OR Content Director OR UX Writer OR Content Strategist OR Content Designer
2026/03/23 19:36:34 UTC,content director
2026/03/23 19:36:35 UTC,head of content
2026/03/23 19:36:35 UTC,head of content
2026/03/23 19:56:08 UTC,Head of User Experience
2026/03/23 19:56:09 UTC,Founder & Principal Consultant
2026/03/23 19:56:09 UTC,content director On-site or Hybrid
2026/03/23 19:56:09 UTC,content director Remote
2026/03/23 19:56:09 UTC,content director Remote
2026/03/23 19:56:09 UTC,content director Remote
2026/03/23 19:56:09 UTC,content director Remote
2026/03/23 19:56:09 UTC,content director Remote
2026/03/23 19:56:09 UTC,content director Remote
2026/03/23 20:06:26 UTC,Senior Copywriter
2026/03/23 20:23:07 UTC,Content Strategist
2026/03/24 00:08:09 UTC,Web Strategist
2026/03/24 00:10:53 UTC,User Experience Designer
2026/03/24 00:11:26 UTC,User Experience Designer
2026/03/24 13:34:15 UTC,ux writer
2026/03/24 16:22:18 UTC,Content designer
2026/03/24 16:22:18 UTC,Founder & Principal Consultant
2026/03/24 16:22:18 UTC,User Experience Designer
2026/03/24 16:22:18 UTC,content director On-site or Hybrid
2026/03/24 16:22:18 UTC,content director Remote
2026/03/24 16:22:18 UTC,content director Remote
2026/03/24 16:22:18 UTC,content director Remote
2026/03/24 16:22:18 UTC,content director Remote
2026/03/24 16:22:18 UTC,content director Remote
2026/03/24 16:22:18 UTC,content director Remote
2026/03/24 16:22:18 UTC,content director Remote
2026/03/24 16:22:18 UTC,growth marketing manager Remote
2026/03/24 16:22:18 UTC,head of content Remote
2026/03/24 19:45:39 UTC,User Experience Designer
2026/03/25 14:08:30 UTC,ux writer
2026/03/25 16:17:41 UTC,Content designer
2026/03/25 16:17:41 UTC,Founder & Principal Consultant
2026/03/25 16:17:41 UTC,Principal Associate, Content Designer
2026/03/25 16:17:41 UTC,content director On-site or Hybrid
2026/03/25 16:17:41 UTC,content director Remote
2026/03/25 16:17:41 UTC,content director Remote
2026/03/25 16:17:41 UTC,content director Remote
2026/03/25 16:17:41 UTC,content director Remote
2026/03/25 16:17:41 UTC,content director Remote
2026/03/25 16:17:41 UTC,content director Remote
2026/03/25 16:17:41 UTC,content director Remote
2026/03/25 16:17:41 UTC,growth marketing manager Remote
2026/03/25 16:17:41 UTC,head of content Remote
2026/03/25 16:59:02 UTC,Content Manager
2026/03/25 16:59:30 UTC,Content Strategist
2026/03/25 17:07:28 UTC,Content Strategist
2026/03/25 17:07:53 UTC,Peoject nanagement
2026/03/25 17:08:08 UTC,Peoject nanagement
2026/03/25 17:08:24 UTC,Project Manager
2026/03/25 17:10:28 UTC,Communications Manager
2026/03/25 17:10:46 UTC,peoject nanagement
2026/03/25 17:11:44 UTC,Peoject nanagement
2026/03/25 17:12:07 UTC,Peoject nanagement
2026/03/25 17:12:31 UTC,Peoject nanagement
2026/03/25 17:12:42 UTC,Project Manager
2026/03/25 17:14:21 UTC,Peoject nanagement
2026/03/25 17:14:48 UTC,Peoject nanagement
2026/03/25 17:14:58 UTC,Peoject nanagement
2026/03/25 17:15:17 UTC,Peoject nanagement
2026/03/25 17:15:24 UTC,Peoject nanagement
2026/03/27 13:39:22 UTC,ux writer
2026/03/27 16:50:21 UTC,Content designer
2026/03/27 16:50:21 UTC,Founder & Principal Consultant
2026/03/27 16:50:21 UTC,Head of Content
2026/03/27 16:50:21 UTC,Peoject nanagement
2026/03/27 16:50:21 UTC,content director On-site or Hybrid
2026/03/27 16:50:21 UTC,content director Remote
2026/03/27 16:50:21 UTC,content director Remote
2026/03/27 16:50:21 UTC,content director Remote
2026/03/27 16:50:21 UTC,content director Remote
2026/03/27 16:50:21 UTC,content director Remote
2026/03/27 16:50:21 UTC,content director Remote
2026/03/27 16:50:21 UTC,content director Remote
2026/03/27 16:50:21 UTC,growth marketing manager Remote
2026/03/27 16:50:21 UTC,head of content Remote
2026/03/28 13:15:12 UTC,ux writer
2026/03/28 14:58:46 UTC,User Experience Designer
2026/03/28 15:09:21 UTC,Content Manager
2026/03/28 16:18:38 UTC,Content designer
2026/03/28 16:18:38 UTC,Founder & Principal Consultant
2026/03/28 16:18:38 UTC,Head of Content
2026/03/28 16:18:38 UTC,Peoject nanagement
2026/03/28 16:18:38 UTC,content director On-site or Hybrid
2026/03/28 16:18:38 UTC,content director Remote
2026/03/28 16:18:38 UTC,content director Remote
2026/03/28 16:18:38 UTC,content director Remote
2026/03/28 16:18:38 UTC,content director Remote
2026/03/28 16:18:38 UTC,content director Remote
2026/03/28 16:18:38 UTC,content director Remote
2026/03/28 16:18:38 UTC,content director Remote
2026/03/28 16:18:38 UTC,growth marketing manager Remote
2026/03/28 16:18:38 UTC,head of content Remote
2026/03/28 16:28:12 UTC,Marketing Director
2026/03/28 19:05:36 UTC,Project Manager
2026/03/29 13:15:37 UTC,ux writer
2026/03/29 16:36:50 UTC,Content designer
2026/03/29 16:36:50 UTC,Founder & Principal Consultant
2026/03/29 16:36:50 UTC,Head of Content
2026/03/29 16:36:50 UTC,Peoject nanagement
2026/03/29 16:36:50 UTC,content director On-site or Hybrid
2026/03/29 16:36:50 UTC,content director Remote
2026/03/29 16:36:50 UTC,content director Remote
2026/03/29 16:36:50 UTC,growth marketing manager Remote
2026/03/29 16:36:50 UTC,head of content Remote
2026/03/29 16:36:51 UTC,content director Remote
2026/03/29 16:36:51 UTC,content director Remote
2026/03/29 16:36:51 UTC,content director Remote
2026/03/29 16:36:51 UTC,content director Remote
2026/03/29 16:36:51 UTC,content director Remote
2026/03/29 18:37:15 UTC,Project Manager
2026/03/30 17:13:23 UTC,Content designer
2026/03/30 17:13:23 UTC,Founder & Principal Consultant
2026/03/30 17:13:23 UTC,Peoject nanagement
2026/03/30 17:13:23 UTC,Thought Leadership Content Strategist
2026/03/30 17:13:23 UTC,Ux writer
2026/03/30 17:13:23 UTC,content director On-site or Hybrid
2026/03/30 17:13:23 UTC,content director Remote
2026/03/30 17:13:23 UTC,content director Remote
2026/03/30 17:13:23 UTC,content director Remote
2026/03/30 17:13:23 UTC,content director Remote
2026/03/30 17:13:23 UTC,content director Remote
2026/03/30 17:13:23 UTC,content director Remote
2026/03/30 17:13:23 UTC,content director Remote
2026/03/30 17:13:23 UTC,growth marketing manager Remote
2026/03/30 17:13:23 UTC,head of content Remote
2026/03/30 19:14:03 UTC,UX Conversational Designer
2026/03/30 19:21:14 UTC,User Experience Designer
2026/03/31 07:12:33 UTC,content designer
2026/03/31 14:19:31 UTC,ux writer
2026/03/31 16:40:39 UTC,Peoject nanagement
2026/03/31 16:40:39 UTC,Thought Leadership Content Strategist
2026/03/31 16:40:40 UTC,Founder & Principal Consultant
2026/03/31 16:40:40 UTC,content director On-site or Hybrid
2026/03/31 16:40:40 UTC,content director Remote
2026/03/31 16:40:40 UTC,content director Remote
2026/03/31 16:40:40 UTC,content director Remote
2026/03/31 16:40:40 UTC,content director Remote
2026/03/31 16:40:40 UTC,content director Remote
2026/03/31 16:40:40 UTC,content director Remote
2026/03/31 16:40:40 UTC,content director Remote
2026/03/31 16:40:40 UTC,growth marketing manager Remote
2026/03/31 16:40:40 UTC,head of content Remote
2026/04/01 02:34:49 UTC,CYPHER Learning
2026/04/01 02:34:50 UTC,CYPHER Learning
2026/04/01 02:34:56 UTC,CYPHER Learning
2026/04/01 02:47:59 UTC,CYPHER Learning
2026/04/01 02:47:59 UTC,CYPHER Learning
2026/04/01 13:57:57 UTC,william roman cypher
2026/04/01 14:37:26 UTC,ux writer
2026/04/01 15:17:36 UTC,Senior Content Manager
2026/04/01 16:54:53 UTC,Content Strategist
2026/04/01 16:54:53 UTC,Content designer
2026/04/01 16:54:53 UTC,Founder & Principal Consultant
2026/04/01 16:54:53 UTC,Peoject nanagement
2026/04/01 16:54:53 UTC,content director On-site or Hybrid
2026/04/01 16:54:53 UTC,content director Remote
2026/04/01 16:54:53 UTC,content director Remote
2026/04/01 16:54:53 UTC,content director Remote
2026/04/01 16:54:53 UTC,content director Remote
2026/04/01 16:54:53 UTC,content director Remote
2026/04/01 16:54:53 UTC,content director Remote
2026/04/01 16:54:53 UTC,content director Remote
2026/04/01 16:54:53 UTC,growth marketing manager Remote
2026/04/01 16:54:53 UTC,head of content Remote
2026/04/01 17:55:33 UTC,User Experience Design Specialist
2026/04/01 17:57:06 UTC,Content Specialist
2026/04/01 17:58:10 UTC,Writer
2026/04/01 17:59:04 UTC,Marketing Specialist
2026/04/01 17:59:54 UTC,Content Strategist
2026/04/01 18:00:39 UTC,Marketing Director
2026/04/01 18:00:40 UTC,User Experience Designer
2026/04/01 18:01:20 UTC,Project Manager
2026/04/01 18:01:56 UTC,Communications Manager
2026/04/01 19:48:04 UTC,Marketing Specialist
2026/04/01 19:48:12 UTC,Marketing Specialist
2026/04/01 20:02:47 UTC,Content Strategist
2026/04/01 20:09:44 UTC,Content Specialist
2026/04/01 20:09:55 UTC,User Experience Designer
2026/04/01 21:09:38 UTC,User Experience Designer
2026/04/01 21:40:08 UTC,Writer
2026/04/01 21:42:18 UTC,spacex files for mega ipo
2026/04/01 21:42:18 UTC,spacex files for mega ipo
2026/04/02 13:25:14 UTC,ux writer
2026/04/02 16:32:21 UTC,Content designer
2026/04/02 16:32:21 UTC,Founder & Principal Consultant
2026/04/02 16:32:21 UTC,Peoject nanagement
2026/04/02 16:32:21 UTC,US E-EA -Associate Creative Director, Copywriter
2026/04/02 16:32:21 UTC,content director On-site or Hybrid
2026/04/02 16:32:21 UTC,content director Remote
2026/04/02 16:32:21 UTC,content director Remote
2026/04/02 16:32:21 UTC,content director Remote
2026/04/02 16:32:21 UTC,content director Remote
2026/04/02 16:32:21 UTC,content director Remote
2026/04/02 16:32:21 UTC,content director Remote
2026/04/02 16:32:21 UTC,content director Remote
2026/04/02 16:32:21 UTC,growth marketing manager Remote
2026/04/02 16:32:21 UTC,head of content Remote
2026/04/02 19:41:30 UTC,Content Strategist
2026/04/03 13:36:59 UTC,ux writer
2026/04/03 19:38:31 UTC,Content designer
2026/04/03 19:38:31 UTC,Founder & Principal Consultant
2026/04/03 19:38:31 UTC,Peoject nanagement
2026/04/03 19:38:31 UTC,US E-EA -Associate Creative Director, Copywriter
2026/04/03 19:38:31 UTC,content director On-site or Hybrid
2026/04/03 19:38:31 UTC,content director Remote
2026/04/03 19:38:31 UTC,content director Remote
2026/04/03 19:38:31 UTC,growth marketing manager Remote
2026/04/03 19:38:31 UTC,head of content Remote
2026/04/03 19:38:32 UTC,content director Remote
2026/04/03 19:38:32 UTC,content director Remote
2026/04/03 19:38:32 UTC,content director Remote
2026/04/03 19:38:32 UTC,content director Remote
2026/04/03 19:38:32 UTC,content director Remote
2026/04/03 19:39:48 UTC,Senior Content Manager
2026/04/03 19:40:09 UTC,content strategist product
2026/04/03 19:40:10 UTC,content strategist product
2026/04/03 19:40:19 UTC,content strategist product
2026/04/03 19:56:05 UTC,US E-EA -Associate Creative Director, Copywriter
2026/04/04 13:20:33 UTC,ux writer
2026/04/04 13:47:18 UTC,Strategy Director
2026/04/04 13:48:29 UTC,Strategy Director
2026/04/04 16:29:36 UTC,Marketing Specialist
2026/04/04 16:29:42 UTC,Marketing Specialist
2026/04/04 16:54:56 UTC,Content designer
2026/04/04 16:54:56 UTC,Founder & Principal Consultant
2026/04/04 16:54:56 UTC,Head of Content
2026/04/04 16:54:56 UTC,Peoject nanagement
2026/04/04 16:54:56 UTC,content director On-site or Hybrid
2026/04/04 16:54:56 UTC,content director Remote
2026/04/04 16:54:56 UTC,content director Remote
2026/04/04 16:54:56 UTC,growth marketing manager Remote
2026/04/04 16:54:56 UTC,head of content Remote
2026/04/04 16:54:57 UTC,content director Remote
2026/04/04 16:54:57 UTC,content director Remote
2026/04/04 16:54:57 UTC,content director Remote
2026/04/04 16:54:57 UTC,content director Remote
2026/04/04 16:54:57 UTC,content director Remote
2026/04/04 19:09:12 UTC,US E-EA -Associate Creative Director, Copywriter
2026/04/05 13:13:28 UTC,ux writer
2026/04/05 16:21:18 UTC,Content designer
2026/04/05 16:21:18 UTC,Head of Content
2026/04/05 16:21:18 UTC,Peoject nanagement
2026/04/05 16:21:18 UTC,content director On-site or Hybrid
2026/04/05 16:21:18 UTC,content director Remote
2026/04/05 16:21:18 UTC,content director Remote
2026/04/05 16:21:18 UTC,growth marketing manager Remote
2026/04/05 16:21:18 UTC,head of content Remote
2026/04/05 16:21:19 UTC,Founder & Principal Consultant
2026/04/05 16:21:19 UTC,content director Remote
2026/04/05 16:21:19 UTC,content director Remote
2026/04/05 16:21:19 UTC,content director Remote
2026/04/05 16:21:19 UTC,content director Remote
2026/04/05 16:21:19 UTC,content director Remote
2026/04/06 02:40:16 UTC,User Experience Designer
2026/04/06 02:40:16 UTC,content director
2026/04/06 02:40:16 UTC,content director
2026/04/06 02:40:16 UTC,content director
2026/04/06 02:40:16 UTC,growth marketing manager
2026/04/06 02:40:17 UTC,Founder & Principal Consultant OR Head of Content OR Content Director OR UX Writer OR Content Strategist OR Content Designer
2026/04/06 02:40:17 UTC,content director
2026/04/06 02:40:17 UTC,content director
2026/04/06 02:40:17 UTC,content director
2026/04/06 02:40:17 UTC,content director
2026/04/06 14:53:10 UTC,ux writer
2026/04/06 16:01:33 UTC,Strategy Director
2026/04/06 16:04:20 UTC,Strategy Director
2026/04/06 16:05:37 UTC,User Experience Designer
2026/04/06 16:31:10 UTC,talent goodrx
2026/04/06 16:31:10 UTC,talent goodrx
2026/04/06 16:31:14 UTC,talent goodrx
2026/04/06 16:31:14 UTC,talent goodrx
2026/04/06 16:33:14 UTC,Strategy Director
2026/04/06 16:46:58 UTC,Content designer
2026/04/06 16:46:58 UTC,Peoject nanagement
2026/04/06 16:46:58 UTC,Sr. Manager, Content Strategy
2026/04/06 16:46:58 UTC,content director On-site or Hybrid
2026/04/06 16:46:58 UTC,content director Remote
2026/04/06 16:46:58 UTC,growth marketing manager Remote
2026/04/06 16:46:58 UTC,head of content Remote
2026/04/06 16:46:59 UTC,Founder & Principal Consultant
2026/04/06 16:46:59 UTC,content director Remote
2026/04/06 16:46:59 UTC,content director Remote
2026/04/06 16:46:59 UTC,content director Remote
2026/04/06 16:46:59 UTC,content director Remote
2026/04/06 16:46:59 UTC,content director Remote
2026/04/06 16:46:59 UTC,content director Remote
2026/04/06 22:25:13 UTC,plumbing
2026/04/06 22:25:13 UTC,plumbing
2026/04/06 22:25:17 UTC,plumbing
2026/04/06 22:25:17 UTC,plumbing
2026/04/06 22:25:30 UTC,plumbing
2026/04/06 22:25:31 UTC,plumbing
2026/04/06 22:25:45 UTC,plumbing
2026/04/06 22:25:46 UTC,plumbing
2026/04/06 22:32:49 UTC,plumbing
2026/04/06 22:32:55 UTC,plumbing
2026/04/06 22:32:56 UTC,plumbing
2026/04/06 22:33:06 UTC,plumbing
2026/04/06 22:33:06 UTC,plumbing
2026/04/06 22:33:26 UTC,plumbing
2026/04/06 22:33:26 UTC,plumbing
2026/04/06 22:34:53 UTC,plumbing
2026/04/06 22:38:48 UTC,plumbing
2026/04/06 22:39:03 UTC,plumbing
2026/04/06 22:39:04 UTC,plumbing
2026/04/06 22:42:28 UTC,plumbing
2026/04/06 22:42:33 UTC,plumbing
2026/04/06 22:42:43 UTC,plumbing
2026/04/06 22:42:43 UTC,plumbing
2026/04/06 22:43:55 UTC,plumbing
2026/04/06 22:43:59 UTC,plumbing
2026/04/06 22:44:20 UTC,plumbing
2026/04/06 22:44:22 UTC,plumbing
2026/04/06 22:44:29 UTC,plumbing
2026/04/06 22:44:30 UTC,plumbing
2026/04/06 22:45:29 UTC,plumbing
2026/04/06 22:46:54 UTC,plumbing
2026/04/06 22:46:58 UTC,plumbing
2026/04/06 22:46:59 UTC,plumbing
2026/04/06 22:47:24 UTC,plumbing
2026/04/06 22:48:37 UTC,plumbing
2026/04/06 22:49:35 UTC,plumbing
2026/04/06 22:50:33 UTC,plumbing
2026/04/06 22:50:35 UTC,plumbing
2026/04/06 22:50:36 UTC,plumbing
2026/04/06 22:50:55 UTC,plumbing
2026/04/06 22:52:47 UTC,plumbing
2026/04/06 22:53:04 UTC,plumbing
2026/04/06 23:02:09 UTC,plumbing
2026/04/06 23:02:35 UTC,ricky smith smith and son plumbing
2026/04/06 23:09:49 UTC,rise plumbing systems
2026/04/06 23:09:49 UTC,rose plumbing systems
2026/04/06 23:09:50 UTC,rise plumbing systems
2026/04/06 23:09:57 UTC,rise plumbing systems
2026/04/06 23:09:57 UTC,rise plumbing systems
2026/04/06 23:11:13 UTC,julio medina tribeca plumbing
2026/04/06 23:12:04 UTC,metro flow plumbing
2026/04/06 23:12:04 UTC,metro flow plumbing
2026/04/06 23:12:07 UTC,metro flow plumbing
2026/04/06 23:12:07 UTC,metro flow plumbing
2026/04/06 23:12:59 UTC,randy cody cody and sons plumbing
2026/04/06 23:14:14 UTC,hooper plumbing and air conditioning
2026/04/06 23:14:14 UTC,hooper plumbing and air conditioning
2026/04/06 23:14:19 UTC,hooper plumbing and air conditioning
2026/04/06 23:14:19 UTC,hooper plumbing and air conditioning
2026/04/06 23:14:42 UTC,ben friedman atlast plumbing
2026/04/06 23:14:43 UTC,ben friedman atlast plumbing
2026/04/06 23:14:53 UTC,nick spina all masters plumbing
2026/04/06 23:14:53 UTC,nick spina all masters plumbing
